id,משרד,תאריך,כותרת,תקציר,סוג מקור,נושאים,רמת כיסוי,URL
act-publications-sec-34-74701,sec-34,2026-08-12,"החלטה מס' 74701 - הפחתת ערבות ברישיון מותנה מס' 02748623 לחברת קסם אנרגיה בע""מ",פרסום רשמי של רשות החשמל באתר gov.il (החלטות). התוכן המלא בקישור המקור.,government_page,,direct,https://www.gov.il/he/departments/policies/74701
act-publications-sec-33-moag-pro-057,sec-33,2026-08-11,נוהל יצוא ביצי רבייה אפרוחים ועופות לרשות הפלסטינאית ועזה,פרסום רשמי של משרד החקלאות וביטחון המזון באתר gov.il (נהלים רגולטוריים). התוכן המלא בקישור המקור.,government_page,regulation,direct,https://www.gov.il/he/departments/policies/moag-pro-057
act-publications-sec-4-tashpav13,sec-4,2026-08-11,הודעה מס' פו/13 - הצבעת עובדי המדינה ובני משפחותיהם בחוץ-לארץ,פרסום רשמי של נציבות שירות המדינה באתר gov.il (הודעות נציבות שירות המדינה). התוכן המלא בקישור המקור.,government_page,,direct,https://www.gov.il/he/departments/policies/tashpav13
act-decisions-sec-4-dec4434-2026,sec-4,2026-08-10,"הכרה בתוספת שכר קבועה לפי חוק שירות המדינה (גמלאות) [נוסח משולב], התש""ל-1970",החלטת ממשלה (4434) · החלטות ממשלה שפורסמה באתר gov.il. הטקסט המלא בקישור המקור.,policy_document,,direct,https://www.gov.il/he/departments/policies/dec4434-2026
act-publications-sec-34-74601,sec-34,2026-08-10,"החלטה מס' 74601- כשירות לקבלת רישיון ייצור בהיבטי תחרותיות ענפית לנגב אנרגיה פיוי בע""מ",פרסום רשמי של רשות החשמל באתר gov.il (החלטות). התוכן המלא בקישור המקור.,government_page,regulation,direct,https://www.gov.il/he/departments/policies/74601
act-publications-transport-merchant-marine-cadets-support-procedure,transport,2026-08-10,נוהל תמיכה לצוערים בצי הסוחר הישראלי יוני 2026 עד מאי 2027 טיוטה,פרסום רשמי של רשות הספנות והנמלים באתר gov.il (נהלים כלליים). התוכן המלא בקישור המקור.,government_page,grants; infrastructure; regulation,direct,https://www.gov.il/he/departments/policies/merchant-marine-cadets-support-procedure
act-decisions-sec-4-dec4427-2026,sec-4,2026-08-09,מינוי בשירות החוץ,החלטת ממשלה (4427) · החלטות ממשלה שפורסמה באתר gov.il. הטקסט המלא בקישור המקור.,policy_document,,direct,https://www.gov.il/he/departments/policies/dec4427-2026
act-decisions-sec-4-dec4429-2026,sec-4,2026-08-09,"תוכנית מתאר ארצית - שינוי גבול תוכנית שדה התעופה נתב""ג - תמ""א 4/ 2/ 4",החלטת ממשלה (4429) · החלטות ממשלה שפורסמה באתר gov.il. הטקסט המלא בקישור המקור.,policy_document,,direct,https://www.gov.il/he/departments/policies/dec4429-2026
act-decisions-sec-4-dec4430-2026,sec-4,2026-08-09,הארכת תוקף ההכרזה על מצב מיוחד בעורף,החלטת ממשלה (4430) · החלטות ממשלה שפורסמה באתר gov.il. הטקסט המלא בקישור המקור.,policy_document,,direct,https://www.gov.il/he/departments/policies/dec4430-2026
act-publications-sec-33-procedure_for_supervising_horse_stables_and_inspecting_for_business_licensing_purposes,sec-33,2026-08-09,נוהל פיקוח על אורוות סוסים ובדיקה לצורך רישוי עסקים,פרסום רשמי של משרד החקלאות וביטחון המזון באתר gov.il (נהלים רגולטוריים). התוכן המלא בקישור המקור.,government_page,regulation,direct,https://www.gov.il/he/departments/policies/procedure_for_supervising_horse_stables_and_inspecting_for_business_licensing_purposes
act-publications-sec-4-dec4424-2026,sec-4,2026-08-09,תיעדוף הוצאות הממשלה והצטיידות משרד הביטחון,פרסום רשמי של משרד ראש הממשלה באתר gov.il (החלטות ממשלה). התוכן המלא בקישור המקור.,government_page,,direct,https://www.gov.il/he/departments/policies/dec4424-2026
act-publications-sec-4-dec4433-2026,sec-4,2026-08-09,הסדרת העמדת מקרקעין המוחזקים בידי חברות תחבורה ממשלתיות לצורך הקמת מתקני שידור סלולריים וקביעת מסגרת התשלומים בעד העמדתם והשימוש בהם,פרסום רשמי של משרד ראש הממשלה באתר gov.il (החלטות ממשלה). התוכן המלא בקישור המקור.,government_page,regulation,direct,https://www.gov.il/he/departments/policies/dec4433-2026
act-publications-sec-68-ngishot090826,sec-68,2026-08-09,רשות האוכלוסין וההגירה - חוברת הדרכה בתחום הנגישות לאנשים עם מוגבלויות,פרסום רשמי של רשות האוכלוסין וההגירה באתר gov.il (נהלים והנחיות). התוכן המלא בקישור המקור.,government_page,,direct,https://www.gov.il/he/departments/policies/ngishot090826
act-publications-sec-7-news09082026,sec-7,2026-08-09,"הוראת שעה לפקודת נציבות 03.06.00 - ""עריכת חיפושים וסמכויות נלוות"" - הארכה מס' 1",פרסום רשמי של שירות בתי הסוהר באתר gov.il (פקודות והוראות). התוכן המלא בקישור המקור.,government_page,,direct,https://www.gov.il/he/departments/policies/news09082026
act-decisions-sec-4-dec4426-2026,sec-4,2026-08-06,"פרוטוקול לשינוי הסכם בין ממשלת מדינת ישראל לבין ממשלת הרפובליקה הפדרלית של גרמניה בדבר תמיכה כספית במוסד יד ושם, רשות הזיכרון לשואה ולגבורה",החלטת ממשלה (4426) · החלטות ממשלה שפורסמה באתר gov.il. הטקסט המלא בקישור המקור.,policy_document,grants,direct,https://www.gov.il/he/departments/policies/dec4426-2026
act-publications-sec-29-renewal_decision_05032025,sec-29,2026-08-06,החלטת הממונה בעניין דחיית הפניה לאור בקשת סעדים שאינם בסמכות הממונה,פרסום רשמי של הרשות הממשלתית להתחדשות עירונית באתר gov.il (החלטות). התוכן המלא בקישור המקור.,government_page,,direct,https://www.gov.il/he/departments/policies/renewal_decision_05032025
act-publications-sec-29-renewal_decision_05032025a,sec-29,2026-08-06,החלטת הממונה בעניין הפרת חובת הגילוי והשקיפות על ידי היזמים,פרסום רשמי של הרשות הממשלתית להתחדשות עירונית באתר gov.il (החלטות). התוכן המלא בקישור המקור.,government_page,,direct,https://www.gov.il/he/departments/policies/renewal_decision_05032025a
act-publications-sec-29-renewal_decision_05032025b,sec-29,2026-08-06,החלטת הממונה בעניין היעדר סמכות הממונה לביטול הסכמי ארגון,פרסום רשמי של הרשות הממשלתית להתחדשות עירונית באתר gov.il (החלטות). התוכן המלא בקישור המקור.,government_page,,direct,https://www.gov.il/he/departments/policies/renewal_decision_05032025b
act-publications-sec-29-renewal_decision_11022025,sec-29,2026-08-06,החלטת הממונה בעניין כדאיות העסקה וכן דרישה לייפוי כוח לייצג בפני הממונה,פרסום רשמי של הרשות הממשלתית להתחדשות עירונית באתר gov.il (החלטות). התוכן המלא בקישור המקור.,government_page,,direct,https://www.gov.il/he/departments/policies/renewal_decision_11022025
act-publications-sec-29-renewal_decision_11032025,sec-29,2026-08-06,החלטת הממונה בעניין דחיית פניה בעניין התנהלות המנהלת העירונית והדחה מנציגות הדיירים,פרסום רשמי של הרשות הממשלתית להתחדשות עירונית באתר gov.il (החלטות). התוכן המלא בקישור המקור.,government_page,,direct,https://www.gov.il/he/departments/policies/renewal_decision_11032025
act-publications-sec-29-renewal_decision_16022025a,sec-29,2026-08-06,החלטת הממונה בעניין סמכויות הנציגות והמנהלת העירונית והיעדר סמכות הממונה לדון בעניינים הנוגעים להחלטות רשויות התכנון,פרסום רשמי של הרשות הממשלתית להתחדשות עירונית באתר gov.il (החלטות). התוכן המלא בקישור המקור.,government_page,,direct,https://www.gov.il/he/departments/policies/renewal_decision_16022025a
act-publications-sec-29-renewal_decision_22012025,sec-29,2026-08-06,"החלטת הממונה בעניין הסבר עיקרי ההצעה, כדאיות העסקה ותמורות בעסקת חיזוק",פרסום רשמי של הרשות הממשלתית להתחדשות עירונית באתר gov.il (החלטות). התוכן המלא בקישור המקור.,government_page,,direct,https://www.gov.il/he/departments/policies/renewal_decision_22012025
act-publications-sec-29-renewal_decision_22122024,sec-29,2026-08-06,החלטת הממונה בעניין זכות בחירת הייצוג,פרסום רשמי של הרשות הממשלתית להתחדשות עירונית באתר gov.il (החלטות). התוכן המלא בקישור המקור.,government_page,regulation,direct,https://www.gov.il/he/departments/policies/renewal_decision_22122024
act-publications-sec-29-renewal_decision_22122024a,sec-29,2026-08-06,החלטת הממונה בעניין זכויות אזרחים ותיקים בהליכי התחדשות עירונית,פרסום רשמי של הרשות הממשלתית להתחדשות עירונית באתר gov.il (החלטות). התוכן המלא בקישור המקור.,government_page,,direct,https://www.gov.il/he/departments/policies/renewal_decision_22122024a
act-publications-sec-29-renewal_decision_24032025,sec-29,2026-08-06,החלטת הממונה בעניין חובת עריכת מכרז יזמים ומינוי נציגות וכן התנהלות היזם,פרסום רשמי של הרשות הממשלתית להתחדשות עירונית באתר gov.il (החלטות). התוכן המלא בקישור המקור.,government_page,procurement,direct,https://www.gov.il/he/departments/policies/renewal_decision_24032025
act-publications-sec-33-moag-pro-049,sec-33,2026-08-06,נוהל קיום אירועי סוסים,פרסום רשמי של משרד החקלאות וביטחון המזון באתר gov.il (נהלים רגולטוריים). התוכן המלא בקישור המקור.,government_page,regulation,direct,https://www.gov.il/he/departments/policies/moag-pro-049
act-publications-sec-7-news06082026,sec-7,2026-08-06,"הוראת שעה לפקודת נציבות 04.40.00 - ""חופשות אסירים"" (חופשה מיוחדת לאסיר בתקופת המצב הביטחוני המיוחד) (""חרבות ברזל"") - הארכה מס' 5",פרסום רשמי של שירות בתי הסוהר באתר gov.il (פקודות והוראות). התוכן המלא בקישור המקור.,government_page,,direct,https://www.gov.il/he/departments/policies/news06082026
act-publications-health-mr05-2026,health,2026-08-05,קוצב לב אלחוטי,פרסום רשמי של משרד הבריאות באתר gov.il (חוזרים ונהלים). התוכן המלא בקישור המקור.,government_page,,direct,https://www.gov.il/he/departments/policies/mr05-2026
act-publications-sec-34-73601,sec-34,2026-08-05,"החלטה מס' 73601 - אישור עבור חברת נתיב האור – אורות רבין בע""מ ח.פ. 516176773 לשעבד את הרישיון ונכסי רישיון הייצור אשר הוענק לה עבור יחידה 80",פרסום רשמי של רשות החשמל באתר gov.il (החלטות). התוכן המלא בקישור המקור.,government_page,regulation,direct,https://www.gov.il/he/departments/policies/73601
act-decisions-sec-4-dec4425-2026,sec-4,2026-08-04,הקמת הרשות הלאומית לרום הקרוב לקרקע – תיקון החלטת ממשלה,החלטת ממשלה (4425) · החלטות ממשלה שפורסמה באתר gov.il. הטקסט המלא בקישור המקור.,policy_document,,direct,https://www.gov.il/he/departments/policies/dec4425-2026
act-publications-health-mk03-2026,health,2026-08-04,שיתוף פעולה בין ארגון מגן דוד אדום לבין ארגון איחוד הצלה בהפעלת מערך כוננים,פרסום רשמי של משרד הבריאות באתר gov.il (חוזרים ונהלים). התוכן המלא בקישור המקור.,government_page,,direct,https://www.gov.il/he/departments/policies/mk03-2026
act-publications-sec-5-professional-directives-040826-1,sec-5,2026-08-04,חוזר מס הכנסה מספר 08/2026 - רשות המיסים בנושא: נכס לא מוחשי המשמש לשיווק,פרסום רשמי של רשות המסים בישראל באתר gov.il (חוזרים ונהלים). התוכן המלא בקישור המקור.,government_page,,direct,https://www.gov.il/he/departments/policies/professional-directives-040826-1
act-publications-sec-34-74602,sec-34,2026-08-02,החלטה מס' 74602 – ניהול מתקני אגירה עצמאיים הפועלים באסדרת השוק ברשת החלוקה ומנגנון סטיות,פרסום רשמי של רשות החשמל באתר gov.il (החלטות). התוכן המלא בקישור המקור.,government_page,,direct,https://www.gov.il/he/departments/policies/74602
act-publications-transport-tower-crane-import-procedure,transport,2026-08-02,יבוא עגורני צריח,פרסום רשמי של משרד התחבורה והבטיחות בדרכים באתר gov.il (נהלים והנחיות). התוכן המלא בקישור המקור.,government_page,,direct,https://www.gov.il/he/departments/policies/tower-crane-import-procedure
act-decisions-sec-4-dec4423-2026,sec-4,2026-07-30,מינויים למועצה לביקורת סרטים,החלטת ממשלה (4423) · החלטות ממשלה שפורסמה באתר gov.il. הטקסט המלא בקישור המקור.,policy_document,,direct,https://www.gov.il/he/departments/policies/dec4423-2026
act-publications-sec-4-directive-22-2026,sec-4,2026-07-30,נוהל תמיכה רגשית לעובדים בשירות הציבורי במצבי חירום משבר ומצוקה - 2026,"פרסום רשמי של נציבות שירות המדינה באתר gov.il (חוזרים והוראות מנכ""ל). התוכן המלא בקישור המקור.",government_page,emergency; grants; regulation,direct,https://www.gov.il/he/departments/policies/directive-22-2026
act-publications-sec-5-procedures-300726-1,sec-5,2026-07-30,נייר עמדה מקצועי מספר 08/2026 – רשות המיסים בתחום: אופציות לעובדים בנושא: פריסת הכנסה בתגמול הוני לעובדים,פרסום רשמי של רשות המסים בישראל באתר gov.il (ניירות עמדה). התוכן המלא בקישור המקור.,government_page,regulation,direct,https://www.gov.il/he/departments/policies/procedures-300726-1
act-publications-sec-68-payment-wages-foreign-workers3026,sec-68,2026-07-30,חוזר ראש מינהל - עדכון בעניין תשלום שכר לעובדים זרים,פרסום רשמי של רשות האוכלוסין וההגירה באתר gov.il (חוזרים ונהלים). התוכן המלא בקישור המקור.,government_page,,direct,https://www.gov.il/he/departments/policies/payment-wages-foreign-workers3026
act-publications-sec-68-update-payment-wages-foreign-workers,sec-68,2026-07-30,חוזר ראש מינהל - עדכון בעניין תשלום שכר לעובדים זר,פרסום רשמי של רשות האוכלוסין וההגירה באתר gov.il (חוזרים ונהלים). התוכן המלא בקישור המקור.,government_page,,direct,https://www.gov.il/he/departments/policies/update-payment-wages-foreign-workers
act-publications-transport-digital-tachographs-training-course-26-27,transport,2026-07-30,השתלמות בנושא טכוגרף דיגיטלי לשנת 2026-2027,פרסום רשמי של משרד התחבורה והבטיחות בדרכים באתר gov.il (נהלים והנחיות). התוכן המלא בקישור המקור.,government_page,digital,direct,https://www.gov.il/he/departments/policies/digital-tachographs-training-course-26-27
act-publications-transport-importing-tower-cranes-procedure,transport,2026-07-30,הוראת נוהל מספר H-03-2026 - יבוא עגורני צריח,פרסום רשמי של משרד התחבורה והבטיחות בדרכים באתר gov.il (נהלים והנחיות). התוכן המלא בקישור המקור.,government_page,regulation,direct,https://www.gov.il/he/departments/policies/importing-tower-cranes-procedure
act-publications-health-nd262-2026,health,2026-07-29,סמכויות אחים ואחיות מומחים קליניים באונקולוגיה והמטולוגיה,פרסום רשמי של משרד הבריאות באתר gov.il (חוזרים ונהלים). התוכן המלא בקישור המקור.,government_page,,direct,https://www.gov.il/he/departments/policies/nd262-2026
act-publications-health-sbn01-2026,health,2026-07-29,שירותים בתחום התפתחות הילד - עדכון אוגוסט 2026,פרסום רשמי של משרד הבריאות באתר gov.il (חוזרים ונהלים). התוכן המלא בקישור המקור.,government_page,,direct,https://www.gov.il/he/departments/policies/sbn01-2026
act-publications-sec-4-dec280726,sec-4,2026-07-28,החלטה של ועדת המנכלים לעניין הבאה פרטית בענף הבניין ובתת-ענף שיפוצים,פרסום רשמי של משרד ראש הממשלה באתר gov.il (החלטות). התוכן המלא בקישור המקור.,government_page,,direct,https://www.gov.il/he/departments/policies/dec280726
act-publications-sec-4-summary280726,sec-4,2026-07-28,סיכום דיון בהשתתפות גורמי האכיפה מיולי 2026,פרסום רשמי של משרד ראש הממשלה באתר gov.il (החלטות). התוכן המלא בקישור המקור.,government_page,regulation,direct,https://www.gov.il/he/departments/policies/summary280726
act-publications-sec-5-procedures-280726-1,sec-5,2026-07-28,"נייר עמדה מספר 07/2026 - החבות במס שכר בשל סכומים המשולמים על ידי מלכ""ר לעובדיו השוהים בחו""ל במסגרת שנת שבתון",פרסום רשמי של רשות המסים בישראל באתר gov.il (ניירות עמדה). התוכן המלא בקישור המקור.,government_page,,direct,https://www.gov.il/he/departments/policies/procedures-280726-1
act-decisions-sec-4-dec4422-2026,sec-4,2026-07-27,נסיעת ראש הממשלה לארצות הברית,החלטת ממשלה (4422) · החלטות ממשלה שפורסמה באתר gov.il. הטקסט המלא בקישור המקור.,policy_document,regulation,direct,https://www.gov.il/he/departments/policies/dec4422-2026
act-publications-environment-application,environment,2026-07-27,הנחיות ומתכונת להגשת בקשה להיתר אחוד,פרסום רשמי של המשרד להגנת הסביבה באתר gov.il (נהלים והנחיות). התוכן המלא בקישור המקור.,government_page,,direct,https://www.gov.il/he/departments/policies/application
act-publications-transport-26-0456,transport,2026-07-27,הוראת רישום כללית מספר 26-0456,פרסום רשמי של משרד התחבורה והבטיחות בדרכים באתר gov.il (נהלים והנחיות). התוכן המלא בקישור המקור.,government_page,,direct,https://www.gov.il/he/departments/policies/26-0456
act-publications-transport-guidelines-for-planning-and-conducting-bus,transport,2026-07-27,הנחיות לתכנון וביצוע סקר נוסעים באוטובוסים (סקרי אונבורד),פרסום רשמי של משרד התחבורה והבטיחות בדרכים באתר gov.il (נהלים והנחיות). התוכן המלא בקישור המקור.,government_page,public-transport; regulation,direct,https://www.gov.il/he/departments/policies/guidelines-for-planning-and-conducting-bus
act-decisions-sec-4-dec4411-2026,sec-4,2026-07-26,הארכת תוקף ההכרזה על מצב מיוחד בעורף,החלטת ממשלה (4411) · החלטות ממשלה שפורסמה באתר gov.il. הטקסט המלא בקישור המקור.,policy_document,,direct,https://www.gov.il/he/departments/policies/dec4411-2026
act-decisions-sec-4-dec4412-2026,sec-4,2026-07-26,"הארכת גיוס המילואים לפי סעיף 8 לחוק שירות המילואים, התשס""ח-2008",החלטת ממשלה (4412) · החלטות ממשלה שפורסמה באתר gov.il. הטקסט המלא בקישור המקור.,policy_document,,direct,https://www.gov.il/he/departments/policies/dec4412-2026
act-decisions-sec-4-dec4414-2026,sec-4,2026-07-26,מינויים בשירות החוץ,החלטת ממשלה (4414) · החלטות ממשלה שפורסמה באתר gov.il. הטקסט המלא בקישור המקור.,policy_document,,direct,https://www.gov.il/he/departments/policies/dec4414-2026
act-decisions-sec-4-dec4415-2026,sec-4,2026-07-26,"אצילת סמכות הממשלה לפי סעיף 5 לחוק חסינויות וזכויות יתר (ארגונים בין־לאומיים ומשלחות מיוחדות), התשמ""ג–1983 לוועדת השרים לענייני ביטחון לאומי",החלטת ממשלה (4415) · החלטות ממשלה שפורסמה באתר gov.il. הטקסט המלא בקישור המקור.,policy_document,,direct,https://www.gov.il/he/departments/policies/dec4415-2026
act-decisions-sec-4-dec4416-2026,sec-4,2026-07-26,איסור יבוא של טובין שיוצרו באמצעות עבודת כפייה,החלטת ממשלה (4416) · החלטות ממשלה שפורסמה באתר gov.il. הטקסט המלא בקישור המקור.,policy_document,,direct,https://www.gov.il/he/departments/policies/dec4416-2026
act-decisions-sec-4-dec4417-2026,sec-4,2026-07-26,"הסמכת חברת ""פאוורג'ן בע""מ"" להכין תוכנית לתשתית לאומית לפרויקט אגרו וולטאי ולהגישה לוועדה הארצית לתכנון ולבנייה של תשתיות לאומיות",החלטת ממשלה (4417) · החלטות ממשלה שפורסמה באתר gov.il. הטקסט המלא בקישור המקור.,policy_document,infrastructure,direct,https://www.gov.il/he/departments/policies/dec4417-2026
act-decisions-sec-4-dec4418-2026,sec-4,2026-07-26,"פירוק מרצון של עמותת מתימו""פ - מרכז התעשייה הישראלית למחקר ופיתוח (ע""ר) ותיקון החלטות ממשלה",החלטת ממשלה (4418) · החלטות ממשלה שפורסמה באתר gov.il. הטקסט המלא בקישור המקור.,policy_document,regulation,direct,https://www.gov.il/he/departments/policies/dec4418-2026
act-decisions-sec-4-dec4419-2026,sec-4,2026-07-26,העברת סמכויות הנתונות לפי חוק משר הפנים לראש הממשלה בנושאים דחופים,החלטת ממשלה (4419) · החלטות ממשלה שפורסמה באתר gov.il. הטקסט המלא בקישור המקור.,policy_document,,direct,https://www.gov.il/he/departments/policies/dec4419-2026
act-decisions-sec-4-dec4420-2026,sec-4,2026-07-26,יישום הסכמים קואליציוניים בשנת 2026 – תיקון החלטת הממשלה,החלטת ממשלה (4420) · החלטות ממשלה שפורסמה באתר gov.il. הטקסט המלא בקישור המקור.,policy_document,,direct,https://www.gov.il/he/departments/policies/dec4420-2026
act-decisions-sec-4-dec4421-2026,sec-4,2026-07-26,העתקת תשתית תקשורת פסיבית במסגרת קידום מיזמי תשתית,החלטת ממשלה (4421) · החלטות ממשלה שפורסמה באתר gov.il. הטקסט המלא בקישור המקור.,policy_document,infrastructure,direct,https://www.gov.il/he/departments/policies/dec4421-2026
act-publications-environment-completion_stage,environment,2026-07-26,הנחיות אגף – הנחיות למתכנני המשרד להגנת הסביבה לשלב ההשלמות בבדיקת תסקירי השפעה על הסביבה,פרסום רשמי של המשרד להגנת הסביבה באתר gov.il (נהלים והנחיות). התוכן המלא בקישור המקור.,government_page,,direct,https://www.gov.il/he/departments/policies/completion_stage
act-publications-health-nd260-2026,health,2026-07-26,"החלטה על מתן PARACETAMOL דרך הווריד למבוגרים וילדים כפעולת סיעוד לאחיות ואחים מוסמכים בוגרי קורס על בסיסי ברפואה דחופה ו/או בטיפול נמרץ לסוגיו במחלקה לרפואה דחופה מבוגרים וילדים, במערך הכירורגי ובכירורגית ילדים",פרסום רשמי של משרד הבריאות באתר gov.il (חוזרים ונהלים). התוכן המלא בקישור המקור.,government_page,,direct,https://www.gov.il/he/departments/policies/nd260-2026
act-publications-health-nd261-2026,health,2026-07-26,פעולות סיעוד לאחים ואחיות מוסמכים ולבוגרי השתלמות מוכרת בטיפול נמרץ מבוגרים וילדים בטיפול במטופל הנתמך בטיפול כלייתי חליפי מתמשך CRRT במערך האשפוז,פרסום רשמי של משרד הבריאות באתר gov.il (חוזרים ונהלים). התוכן המלא בקישור המקור.,government_page,,direct,https://www.gov.il/he/departments/policies/nd261-2026
act-publications-sec-5-policy-paper-2025-06-02,sec-5,2026-07-26,"עדכון נוהל רישוי שירותים פיננסיים מוסדרים כהגדרתם בחוק הפיקוח על שירותים פיננסיים (שירותים פיננסיים מוסדרים), התשע""ו-2016, טיוטה","פרסום רשמי של רשות שוק ההון, ביטוח וחיסכון באתר gov.il (נהלים כלליים). התוכן המלא בקישור המקור.",government_page,regulation,direct,https://www.gov.il/he/departments/policies/policy-paper-2025-06-02
act-publications-sec-5-procedures-260726-1,sec-5,2026-07-26,נייר עמדה מקצועי מיסוי מקרקעין מספר 06/26 - רשות המסים הנדון: תחולת הוראת סעיף 19(3א) לחוק מיסוי מקרקעין בעסקאות בהן הרוכש לוקח על עצמו חבות במס המוטלת מכוח חוק על המוכר,פרסום רשמי של רשות המסים בישראל באתר gov.il (ניירות עמדה). התוכן המלא בקישור המקור.,government_page,regulation,direct,https://www.gov.il/he/departments/policies/procedures-260726-1
act-decisions-sec-4-dec4409-2026,sec-4,2026-07-24,"תוספת תקציב בשנת 2026 – סיוע לגופים הפועלים בתחומי התרבות והספורט ומתמודדים עם השלכות מלחמת התקומה, קידום פעילות בתחומי התרבות והספורט וביטול החלטת ממשלה",החלטת ממשלה (4409) · החלטות ממשלה שפורסמה באתר gov.il. הטקסט המלא בקישור המקור.,policy_document,,direct,https://www.gov.il/he/departments/policies/dec4409-2026
act-decisions-sec-4-dec4406-2026,sec-4,2026-07-23,אשרור ההסכם המכונן את קרן ההשקעות הרב-צדדית IV ואת ההסכם בדבר ניהול קרן ההשקעות הרב-צדדית IV,החלטת ממשלה (4406) · החלטות ממשלה שפורסמה באתר gov.il. הטקסט המלא בקישור המקור.,policy_document,,direct,https://www.gov.il/he/departments/policies/dec4406-2026
act-publications-health-fcs-334484326,health,2026-07-23,הודעה לציבור על עדכון מדיניות אכיפה בנושא הבאת פירות וירקות מהאזור – מתן התראה מינהלית חלף עיצום כספי,פרסום רשמי של משרד הבריאות באתר gov.il (נהלים והנחיות). התוכן המלא בקישור המקור.,government_page,regulation,direct,https://www.gov.il/he/departments/policies/fcs-334484326
act-publications-health-uv-disinfection-waste-water-effluent,health,2026-07-23,מדריך לתכנון ובקרה על מערכת חיטוי קולחים ב UV,פרסום רשמי של משרד הבריאות באתר gov.il (נהלים והנחיות). התוכן המלא בקישור המקור.,government_page,,direct,https://www.gov.il/he/departments/policies/uv-disinfection-waste-water-effluent
act-publications-sec-4-tashpav12,sec-4,2026-07-23,הודעה מס' פו/12 -עבודת עובדי המדינה בוועדת הבחירות המרכזית לכנסת ה-26 – הוראות מיוחדות,פרסום רשמי של נציבות שירות המדינה באתר gov.il (הודעות נציבות שירות המדינה). התוכן המלא בקישור המקור.,government_page,,direct,https://www.gov.il/he/departments/policies/tashpav12
act-decisions-sec-4-dec4407-2026,sec-4,2026-07-22,מניעת פגיעה בביטחון המדינה מגוף שידורים זר – ערוץ אלמיאדין,החלטת ממשלה (4407) · החלטות ממשלה שפורסמה באתר gov.il. הטקסט המלא בקישור המקור.,policy_document,,direct,https://www.gov.il/he/departments/policies/dec4407-2026
act-decisions-sec-4-dec4408-2026,sec-4,2026-07-22,מניעת פגיעה בביטחון המדינה מגוף שידורים זר – ערוץ אלג'זירה,החלטת ממשלה (4408) · החלטות ממשלה שפורסמה באתר gov.il. הטקסט המלא בקישור המקור.,policy_document,,direct,https://www.gov.il/he/departments/policies/dec4408-2026
act-publications-sec-29-rehabilitation-partnership-procedure,sec-29,2026-07-22,נוהל שותפות בין יזמים לעניין אישור יזם שיקום,פרסום רשמי של הרשות הממשלתית להתחדשות עירונית באתר gov.il (נהלים והנחיות). התוכן המלא בקישור המקור.,government_page,regulation,direct,https://www.gov.il/he/departments/policies/rehabilitation-partnership-procedure
act-publications-sec-36-educational-counseling,sec-36,2026-07-22,הנחיות ייעוץ חינוכי,פרסום רשמי של משרד העבודה באתר gov.il (נהלים והנחיות). התוכן המלא בקישור המקור.,government_page,,direct,https://www.gov.il/he/departments/policies/educational-counseling
act-publications-sec-68-hotel2207,sec-68,2026-07-22,הודעה על פתיחת הגשת בקשות בענף המלונאות,פרסום רשמי של רשות האוכלוסין וההגירה באתר gov.il (מידע למעסיקים). התוכן המלא בקישור המקור.,government_page,,direct,https://www.gov.il/he/departments/policies/hotel2207
act-publications-transport-26-3161,transport,2026-07-22,הוראת רישום כללית מספר 26-3161,פרסום רשמי של משרד התחבורה והבטיחות בדרכים באתר gov.il (נהלים והנחיות). התוכן המלא בקישור המקור.,government_page,,direct,https://www.gov.il/he/departments/policies/26-3161
act-publications-transport-26-6068,transport,2026-07-22,הוראת רישום כללית מספר 26-6068,פרסום רשמי של משרד התחבורה והבטיחות בדרכים באתר gov.il (נהלים והנחיות). התוכן המלא בקישור המקור.,government_page,,direct,https://www.gov.il/he/departments/policies/26-6068
act-publications-transport-26-6069,transport,2026-07-22,הוראת רישום כללית 26-6069,פרסום רשמי של משרד התחבורה והבטיחות בדרכים באתר gov.il (נהלים והנחיות). התוכן המלא בקישור המקור.,government_page,,direct,https://www.gov.il/he/departments/policies/26-6069
act-publications-transport-26-6070,transport,2026-07-22,הוראת רישום כללית מספר 26-6070,פרסום רשמי של משרד התחבורה והבטיחות בדרכים באתר gov.il (נהלים והנחיות). התוכן המלא בקישור המקור.,government_page,,direct,https://www.gov.il/he/departments/policies/26-6070
act-publications-transport-26-6072,transport,2026-07-22,הוראות רישום כללית מספר 26-6072,פרסום רשמי של משרד התחבורה והבטיחות בדרכים באתר gov.il (נהלים והנחיות). התוכן המלא בקישור המקור.,government_page,,direct,https://www.gov.il/he/departments/policies/26-6072
act-publications-transport-26-6073,transport,2026-07-22,הוראת רישום כללית מספר 26-6073,פרסום רשמי של משרד התחבורה והבטיחות בדרכים באתר gov.il (נהלים והנחיות). התוכן המלא בקישור המקור.,government_page,,direct,https://www.gov.il/he/departments/policies/26-6073
act-publications-transport-26-6074,transport,2026-07-22,הוראת רישום כללית מספר 26-6074,פרסום רשמי של משרד התחבורה והבטיחות בדרכים באתר gov.il (נהלים והנחיות). התוכן המלא בקישור המקור.,government_page,,direct,https://www.gov.il/he/departments/policies/26-6074
act-publications-transport-26-6075,transport,2026-07-22,הוראת רישום כללית מספר 26-6075,פרסום רשמי של משרד התחבורה והבטיחות בדרכים באתר gov.il (נהלים והנחיות). התוכן המלא בקישור המקור.,government_page,,direct,https://www.gov.il/he/departments/policies/26-6075
act-publications-transport-26-6077,transport,2026-07-22,הוראת רישום כללתי מספר 26-6077,פרסום רשמי של משרד התחבורה והבטיחות בדרכים באתר gov.il (נהלים והנחיות). התוכן המלא בקישור המקור.,government_page,,direct,https://www.gov.il/he/departments/policies/26-6077
act-publications-transport-26-6078,transport,2026-07-22,הוראת רישום כללית מספר 26-6078,פרסום רשמי של משרד התחבורה והבטיחות בדרכים באתר gov.il (נהלים והנחיות). התוכן המלא בקישור המקור.,government_page,,direct,https://www.gov.il/he/departments/policies/26-6078
act-publications-transport-26-6080,transport,2026-07-22,הוראת רישום כללית מספר 26-6080,פרסום רשמי של משרד התחבורה והבטיחות בדרכים באתר gov.il (נהלים והנחיות). התוכן המלא בקישור המקור.,government_page,,direct,https://www.gov.il/he/departments/policies/26-6080
act-publications-transport-26-6081,transport,2026-07-22,הוראת רישום כללית מספר 26-6081,פרסום רשמי של משרד התחבורה והבטיחות בדרכים באתר gov.il (נהלים והנחיות). התוכן המלא בקישור המקור.,government_page,,direct,https://www.gov.il/he/departments/policies/26-6081
act-publications-transport-26-6082,transport,2026-07-22,הוראת רישום כללית מספר 26-6082,פרסום רשמי של משרד התחבורה והבטיחות בדרכים באתר gov.il (נהלים והנחיות). התוכן המלא בקישור המקור.,government_page,,direct,https://www.gov.il/he/departments/policies/26-6082
act-publications-transport-26-6083,transport,2026-07-22,הוראת רישום כללית מספר 26-6083,פרסום רשמי של משרד התחבורה והבטיחות בדרכים באתר gov.il (נהלים והנחיות). התוכן המלא בקישור המקור.,government_page,,direct,https://www.gov.il/he/departments/policies/26-6083
act-publications-transport-26-6084,transport,2026-07-22,הוראת רישום כללית מספר 26-6084,פרסום רשמי של משרד התחבורה והבטיחות בדרכים באתר gov.il (נהלים והנחיות). התוכן המלא בקישור המקור.,government_page,,direct,https://www.gov.il/he/departments/policies/26-6084
act-publications-transport-26-7092,transport,2026-07-22,הוראת רישום כללית מספר 26-7092,פרסום רשמי של משרד התחבורה והבטיחות בדרכים באתר gov.il (נהלים והנחיות). התוכן המלא בקישור המקור.,government_page,,direct,https://www.gov.il/he/departments/policies/26-7092
act-publications-transport-26-7125,transport,2026-07-22,הוראת רישום כללית מספר 26-7125,פרסום רשמי של משרד התחבורה והבטיחות בדרכים באתר gov.il (נהלים והנחיות). התוכן המלא בקישור המקור.,government_page,,direct,https://www.gov.il/he/departments/policies/26-7125
act-publications-transport-26-7169,transport,2026-07-22,הוראת רישום כללית מספר 26-7169,פרסום רשמי של משרד התחבורה והבטיחות בדרכים באתר gov.il (נהלים והנחיות). התוכן המלא בקישור המקור.,government_page,,direct,https://www.gov.il/he/departments/policies/26-7169
act-publications-transport-26-7170,transport,2026-07-22,הוראת רישום כללית מספר 26-7170,פרסום רשמי של משרד התחבורה והבטיחות בדרכים באתר gov.il (נהלים והנחיות). התוכן המלא בקישור המקור.,government_page,,direct,https://www.gov.il/he/departments/policies/26-7170
act-publications-transport-26-7171,transport,2026-07-22,הוראת רישום כללית מספר 26-7171,פרסום רשמי של משרד התחבורה והבטיחות בדרכים באתר gov.il (נהלים והנחיות). התוכן המלא בקישור המקור.,government_page,,direct,https://www.gov.il/he/departments/policies/26-7171
act-publications-transport-26-7172,transport,2026-07-22,הוראת רישום כללית מספר 26-7172,פרסום רשמי של משרד התחבורה והבטיחות בדרכים באתר gov.il (נהלים והנחיות). התוכן המלא בקישור המקור.,government_page,,direct,https://www.gov.il/he/departments/policies/26-7172
act-publications-transport-26-7173,transport,2026-07-22,הוראת רישום כללית מספר 26-7173,פרסום רשמי של משרד התחבורה והבטיחות בדרכים באתר gov.il (נהלים והנחיות). התוכן המלא בקישור המקור.,government_page,,direct,https://www.gov.il/he/departments/policies/26-7173
act-publications-transport-26-7174,transport,2026-07-22,הוראת רישום כללית מספר 26-7174,פרסום רשמי של משרד התחבורה והבטיחות בדרכים באתר gov.il (נהלים והנחיות). התוכן המלא בקישור המקור.,government_page,,direct,https://www.gov.il/he/departments/policies/26-7174
act-publications-transport-26-7175,transport,2026-07-22,הוראת רישום כללית מספר 26-7175,פרסום רשמי של משרד התחבורה והבטיחות בדרכים באתר gov.il (נהלים והנחיות). התוכן המלא בקישור המקור.,government_page,,direct,https://www.gov.il/he/departments/policies/26-7175
act-publications-transport-26-7176,transport,2026-07-22,הוראת רישום כללית מספר 26-7176,פרסום רשמי של משרד התחבורה והבטיחות בדרכים באתר gov.il (נהלים והנחיות). התוכן המלא בקישור המקור.,government_page,,direct,https://www.gov.il/he/departments/policies/26-7176
act-publications-transport-26-7177,transport,2026-07-22,הוראת רישום כללית מספר 26-7177,פרסום רשמי של משרד התחבורה והבטיחות בדרכים באתר gov.il (נהלים והנחיות). התוכן המלא בקישור המקור.,government_page,,direct,https://www.gov.il/he/departments/policies/26-7177
act-publications-transport-26-7178,transport,2026-07-22,הוראת רישום כללית מספר 26-7178,פרסום רשמי של משרד התחבורה והבטיחות בדרכים באתר gov.il (נהלים והנחיות). התוכן המלא בקישור המקור.,government_page,,direct,https://www.gov.il/he/departments/policies/26-7178
act-publications-transport-26-7180,transport,2026-07-22,הוראת רישום כללית מספר 26-7180,פרסום רשמי של משרד התחבורה והבטיחות בדרכים באתר gov.il (נהלים והנחיות). התוכן המלא בקישור המקור.,government_page,,direct,https://www.gov.il/he/departments/policies/26-7180
act-publications-transport-26-7181,transport,2026-07-22,הוראת רישום כללית מספר 26-7181,פרסום רשמי של משרד התחבורה והבטיחות בדרכים באתר gov.il (נהלים והנחיות). התוכן המלא בקישור המקור.,government_page,,direct,https://www.gov.il/he/departments/policies/26-7181
act-publications-transport-26-7182,transport,2026-07-22,הוראת רישום כללית מספר 26-7182,פרסום רשמי של משרד התחבורה והבטיחות בדרכים באתר gov.il (נהלים והנחיות). התוכן המלא בקישור המקור.,government_page,,direct,https://www.gov.il/he/departments/policies/26-7182
act-publications-transport-26-7183,transport,2026-07-22,הוראת רישום כללית מספר 26-7183,פרסום רשמי של משרד התחבורה והבטיחות בדרכים באתר gov.il (נהלים והנחיות). התוכן המלא בקישור המקור.,government_page,,direct,https://www.gov.il/he/departments/policies/26-7183
act-publications-transport-26-7184,transport,2026-07-22,הוראת רישום כללית מספר26-7184,פרסום רשמי של משרד התחבורה והבטיחות בדרכים באתר gov.il (נהלים והנחיות). התוכן המלא בקישור המקור.,government_page,,direct,https://www.gov.il/he/departments/policies/26-7184
act-publications-transport-26-7185,transport,2026-07-22,הוראת רישום כללית מספר 26-7185,פרסום רשמי של משרד התחבורה והבטיחות בדרכים באתר gov.il (נהלים והנחיות). התוכן המלא בקישור המקור.,government_page,,direct,https://www.gov.il/he/departments/policies/26-7185
act-publications-transport-26-7186,transport,2026-07-22,הוראת רישום כללית מספר 26-7186,פרסום רשמי של משרד התחבורה והבטיחות בדרכים באתר gov.il (נהלים והנחיות). התוכן המלא בקישור המקור.,government_page,,direct,https://www.gov.il/he/departments/policies/26-7186
act-publications-transport-26-7187,transport,2026-07-22,הוראת רישום כללית מספר 26-7187,פרסום רשמי של משרד התחבורה והבטיחות בדרכים באתר gov.il (נהלים והנחיות). התוכן המלא בקישור המקור.,government_page,,direct,https://www.gov.il/he/departments/policies/26-7187
act-publications-transport-26-7188,transport,2026-07-22,הוראת רישום כללית מספר 26-7188,פרסום רשמי של משרד התחבורה והבטיחות בדרכים באתר gov.il (נהלים והנחיות). התוכן המלא בקישור המקור.,government_page,,direct,https://www.gov.il/he/departments/policies/26-7188
act-publications-sec-4-dec4238-210726,sec-4,2026-07-21,תוכנית לפיתוח מרחבי במחוז הצפון לשנים 2026 - 2030,פרסום רשמי של משרד ראש הממשלה באתר gov.il (החלטות). התוכן המלא בקישור המקור.,government_page,,direct,https://www.gov.il/he/departments/policies/dec4238-210726
act-publications-sec-4-tashpav11,sec-4,2026-07-21,הודעה מס' פו/11 - מינויים בתקופת בחירות,פרסום רשמי של נציבות שירות המדינה באתר gov.il (הודעות נציבות שירות המדינה). התוכן המלא בקישור המקור.,government_page,,direct,https://www.gov.il/he/departments/policies/tashpav11
act-publications-sec-5-policy-paper217,sec-5,2026-07-21,חוזר שמירת נכס פיננסי,"פרסום רשמי של רשות שוק ההון, ביטוח וחיסכון באתר gov.il (חוזרים והוראות מנכ""ל). התוכן המלא בקישור המקור.",government_page,,direct,https://www.gov.il/he/departments/policies/policy-paper217
act-publications-transport-19-0227,transport,2026-07-21,הוראת רישום כללית מספר 19-0227,פרסום רשמי של משרד התחבורה והבטיחות בדרכים באתר gov.il (נהלים והנחיות). התוכן המלא בקישור המקור.,government_page,,direct,https://www.gov.il/he/departments/policies/19-0227
act-publications-transport-26-3139,transport,2026-07-21,הוראת רישום כללית מספר 26-3139,פרסום רשמי של משרד התחבורה והבטיחות בדרכים באתר gov.il (נהלים והנחיות). התוכן המלא בקישור המקור.,government_page,,direct,https://www.gov.il/he/departments/policies/26-3139
act-publications-transport-26-3140,transport,2026-07-21,הוראת רישום כללית מספר 26-3140,פרסום רשמי של משרד התחבורה והבטיחות בדרכים באתר gov.il (נהלים והנחיות). התוכן המלא בקישור המקור.,government_page,,direct,https://www.gov.il/he/departments/policies/26-3140
act-publications-transport-26-3141,transport,2026-07-21,הוראת רישום כלית מספר 26-3141,פרסום רשמי של משרד התחבורה והבטיחות בדרכים באתר gov.il (נהלים והנחיות). התוכן המלא בקישור המקור.,government_page,,direct,https://www.gov.il/he/departments/policies/26-3141
act-publications-transport-26-3142,transport,2026-07-21,הוראת רישום כלית מספר 26-3142,פרסום רשמי של משרד התחבורה והבטיחות בדרכים באתר gov.il (נהלים והנחיות). התוכן המלא בקישור המקור.,government_page,,direct,https://www.gov.il/he/departments/policies/26-3142
act-publications-transport-26-3143,transport,2026-07-21,הוראת רישום כללית מספר 26-3143,פרסום רשמי של משרד התחבורה והבטיחות בדרכים באתר gov.il (נהלים והנחיות). התוכן המלא בקישור המקור.,government_page,,direct,https://www.gov.il/he/departments/policies/26-3143
act-publications-transport-26-3145,transport,2026-07-21,הוראת רישום כלית מספר 26-3145,פרסום רשמי של משרד התחבורה והבטיחות בדרכים באתר gov.il (נהלים והנחיות). התוכן המלא בקישור המקור.,government_page,,direct,https://www.gov.il/he/departments/policies/26-3145
act-publications-transport-26-3146,transport,2026-07-21,הוראת רישום כללית מספר 26-3146,פרסום רשמי של משרד התחבורה והבטיחות בדרכים באתר gov.il (נהלים והנחיות). התוכן המלא בקישור המקור.,government_page,,direct,https://www.gov.il/he/departments/policies/26-3146
act-publications-transport-26-3147,transport,2026-07-21,הוראת רישום כללית מספר 26-3147,פרסום רשמי של משרד התחבורה והבטיחות בדרכים באתר gov.il (נהלים והנחיות). התוכן המלא בקישור המקור.,government_page,,direct,https://www.gov.il/he/departments/policies/26-3147
act-publications-transport-26-3148,transport,2026-07-21,הוראת רישום כללית מספר 26-3148,פרסום רשמי של משרד התחבורה והבטיחות בדרכים באתר gov.il (נהלים והנחיות). התוכן המלא בקישור המקור.,government_page,,direct,https://www.gov.il/he/departments/policies/26-3148
act-publications-transport-26-3149,transport,2026-07-21,הוראת רישום כללית מספר 26-3149,פרסום רשמי של משרד התחבורה והבטיחות בדרכים באתר gov.il (נהלים והנחיות). התוכן המלא בקישור המקור.,government_page,,direct,https://www.gov.il/he/departments/policies/26-3149
act-publications-transport-26-3150,transport,2026-07-21,הוראת רישום כללית מספר 26-3150,פרסום רשמי של משרד התחבורה והבטיחות בדרכים באתר gov.il (נהלים והנחיות). התוכן המלא בקישור המקור.,government_page,,direct,https://www.gov.il/he/departments/policies/26-3150
act-publications-transport-26-3151,transport,2026-07-21,הוראת רישום כללית מספר 26-3151,פרסום רשמי של משרד התחבורה והבטיחות בדרכים באתר gov.il (נהלים והנחיות). התוכן המלא בקישור המקור.,government_page,,direct,https://www.gov.il/he/departments/policies/26-3151
act-publications-transport-26-3153,transport,2026-07-21,הוראת רישום כללית מספר 26-3153,פרסום רשמי של משרד התחבורה והבטיחות בדרכים באתר gov.il (נהלים והנחיות). התוכן המלא בקישור המקור.,government_page,,direct,https://www.gov.il/he/departments/policies/26-3153
act-publications-transport-26-3156,transport,2026-07-21,הוראת רישום כללית מספר 26-3156,פרסום רשמי של משרד התחבורה והבטיחות בדרכים באתר gov.il (נהלים והנחיות). התוכן המלא בקישור המקור.,government_page,,direct,https://www.gov.il/he/departments/policies/26-3156
act-publications-transport-26-3157,transport,2026-07-21,הוראת רישום כללית מספר 26-3157,פרסום רשמי של משרד התחבורה והבטיחות בדרכים באתר gov.il (נהלים והנחיות). התוכן המלא בקישור המקור.,government_page,,direct,https://www.gov.il/he/departments/policies/26-3157
act-publications-transport-26-3159,transport,2026-07-21,הוראת רישום כללית מספר 26-3159,פרסום רשמי של משרד התחבורה והבטיחות בדרכים באתר gov.il (נהלים והנחיות). התוכן המלא בקישור המקור.,government_page,,direct,https://www.gov.il/he/departments/policies/26-3159
act-publications-transport-26-3160,transport,2026-07-21,הוראת רישום כללית 26-3160,פרסום רשמי של משרד התחבורה והבטיחות בדרכים באתר gov.il (נהלים והנחיות). התוכן המלא בקישור המקור.,government_page,,direct,https://www.gov.il/he/departments/policies/26-3160
act-publications-transport-26-3164,transport,2026-07-21,הוראת רישום כללית מספר 26-3164,פרסום רשמי של משרד התחבורה והבטיחות בדרכים באתר gov.il (נהלים והנחיות). התוכן המלא בקישור המקור.,government_page,,direct,https://www.gov.il/he/departments/policies/26-3164
act-publications-transport-26-4358,transport,2026-07-21,הוראת רישום כללית מספר 26-4358,פרסום רשמי של משרד התחבורה והבטיחות בדרכים באתר gov.il (נהלים והנחיות). התוכן המלא בקישור המקור.,government_page,,direct,https://www.gov.il/he/departments/policies/26-4358
act-publications-transport-26-6032,transport,2026-07-21,הוראת רשום כללית מספר 26-6032,פרסום רשמי של משרד התחבורה והבטיחות בדרכים באתר gov.il (נהלים והנחיות). התוכן המלא בקישור המקור.,government_page,,direct,https://www.gov.il/he/departments/policies/26-6032
act-publications-transport-26-6061,transport,2026-07-21,הוראת רישום כללית מספר 26-6061,פרסום רשמי של משרד התחבורה והבטיחות בדרכים באתר gov.il (נהלים והנחיות). התוכן המלא בקישור המקור.,government_page,,direct,https://www.gov.il/he/departments/policies/26-6061
act-publications-transport-26-6062,transport,2026-07-21,הוראת רישום כלית מספר 26-6062,פרסום רשמי של משרד התחבורה והבטיחות בדרכים באתר gov.il (נהלים והנחיות). התוכן המלא בקישור המקור.,government_page,,direct,https://www.gov.il/he/departments/policies/26-6062
act-publications-transport-26-6063,transport,2026-07-21,הוראת רישום כללית מספר 26-6063,פרסום רשמי של משרד התחבורה והבטיחות בדרכים באתר gov.il (נהלים והנחיות). התוכן המלא בקישור המקור.,government_page,,direct,https://www.gov.il/he/departments/policies/26-6063
act-publications-transport-26-6064,transport,2026-07-21,הוראת רישום כללית מספר 26-6064,פרסום רשמי של משרד התחבורה והבטיחות בדרכים באתר gov.il (נהלים והנחיות). התוכן המלא בקישור המקור.,government_page,,direct,https://www.gov.il/he/departments/policies/26-6064
act-publications-transport-26-6065,transport,2026-07-21,הוראת רישום כללית מספר 26-6065,פרסום רשמי של משרד התחבורה והבטיחות בדרכים באתר gov.il (נהלים והנחיות). התוכן המלא בקישור המקור.,government_page,,direct,https://www.gov.il/he/departments/policies/26-6065
act-publications-transport-26-6066,transport,2026-07-21,הוראת רישום כללית מספר 26-6066,פרסום רשמי של משרד התחבורה והבטיחות בדרכים באתר gov.il (נהלים והנחיות). התוכן המלא בקישור המקור.,government_page,,direct,https://www.gov.il/he/departments/policies/26-6066
act-publications-transport-26-6067,transport,2026-07-21,הוראת רישום כללית מספר 26-6067,פרסום רשמי של משרד התחבורה והבטיחות בדרכים באתר gov.il (נהלים והנחיות). התוכן המלא בקישור המקור.,government_page,,direct,https://www.gov.il/he/departments/policies/26-6067
act-publications-health-ex-023,health,2026-07-20,נוהל להגשת בקשה לשינוי בתכשיר וטרינרי מהיבט האיכות,פרסום רשמי של משרד הבריאות באתר gov.il (חוזרים ונהלים). התוכן המלא בקישור המקור.,government_page,regulation,direct,https://www.gov.il/he/departments/policies/ex-023
act-publications-sec-29-neyar-emda-19072026,sec-29,2026-07-20,הקפאה זמנית של רישיון קבלן,פרסום רשמי של משרד הבינוי והשיכון באתר gov.il (ניירות עמדה). התוכן המלא בקישור המקור.,government_page,,direct,https://www.gov.il/he/departments/policies/neyar-emda-19072026
act-publications-sec-34-74506,sec-34,2026-07-20,"החלטה מס' 74506- הוראת שעה להתליית הליכי בחינה ומתן תשובות מנהל המערכת לבקשות חיבור של מתקני חוות שרתים בהספק של 8 מו""א ומעלה לרשת החשמל",פרסום רשמי של רשות החשמל באתר gov.il (החלטות). התוכן המלא בקישור המקור.,government_page,procurement,direct,https://www.gov.il/he/departments/policies/74506
act-publications-sec-36-school-tolerance,sec-36,2026-07-20,הנחיות לקידום ההכלה הבית-ספרית,פרסום רשמי של משרד העבודה באתר gov.il (נהלים והנחיות). התוכן המלא בקישור המקור.,government_page,,direct,https://www.gov.il/he/departments/policies/school-tolerance
act-decisions-sec-4-dec4404-2026,sec-4,2026-07-19,"הכרזה על אזור שיקום והתחדשות – חיפה- פלי""ם",החלטת ממשלה (4404) · החלטות ממשלה שפורסמה באתר gov.il. הטקסט המלא בקישור המקור.,policy_document,,direct,https://www.gov.il/he/departments/policies/dec4404-2026
act-publications-sec-34-74503,sec-34,2026-07-19,החלטה מס' 74503 - מתן רישיונות להספקת חשמל באמצעות עמדות טעינה ציבוריות לרכב חשמלי,פרסום רשמי של רשות החשמל באתר gov.il (החלטות). התוכן המלא בקישור המקור.,government_page,procurement,direct,https://www.gov.il/he/departments/policies/74503
act-publications-sec-34-74504,sec-34,2026-07-19,החלטה מס' 74504 - כשירות ריינדיר לקבלת רישיון ייצור בהיבטי תחרותיות ענפית וריכוזיות כלל משקית,פרסום רשמי של רשות החשמל באתר gov.il (החלטות). התוכן המלא בקישור המקור.,government_page,regulation,direct,https://www.gov.il/he/departments/policies/74504
act-publications-sec-39-19072026,sec-39,2026-07-19,החלטת המועצה לשידורי כבלים ולשידורי לוויין מספר 1-3/2026 מיום 30.6.2025,פרסום רשמי של משרד התקשורת באתר gov.il (החלטות). התוכן המלא בקישור המקור.,government_page,,direct,https://www.gov.il/he/departments/policies/19072026
act-publications-sec-4-tashpav10,sec-4,2026-07-18,הודעה מס' פו/10 - הוראות בעניין בחירות מקדימות לרשימות לכנסת ה-26,פרסום רשמי של נציבות שירות המדינה באתר gov.il (הודעות נציבות שירות המדינה). התוכן המלא בקישור המקור.,government_page,,direct,https://www.gov.il/he/departments/policies/tashpav10
act-decisions-sec-4-dec4403-2026,sec-4,2026-07-17,"טיוטת חוק שירותי אבטחה, התשפ""ה-2025 - אשרור החלטת ועדת השרים לענייני חקיקה",החלטת ממשלה (4403) · החלטות ממשלה שפורסמה באתר gov.il. הטקסט המלא בקישור המקור.,policy_document,,direct,https://www.gov.il/he/departments/policies/dec4403-2026
act-decisions-sec-4-dec4378-2026,sec-4,2026-07-16,אשרור הסכם בין מדינת ישראל לבין הרפובליקה ההלנית בדבר שיתוף פעולה בתחום האנרגיה,החלטת ממשלה (4378) · החלטות ממשלה שפורסמה באתר gov.il. הטקסט המלא בקישור המקור.,policy_document,,direct,https://www.gov.il/he/departments/policies/dec4378-2026
act-decisions-sec-4-dec4394-2026,sec-4,2026-07-16,"הצעת חוק להגנת חיית הבר (תיקון - חילוט כלי ציד), התשפ""ה-2025 של חה""כ יסמין פרידמן (פ/5858)",החלטת ממשלה (4394) · החלטות ממשלה שפורסמה באתר gov.il. הטקסט המלא בקישור המקור.,policy_document,,direct,https://www.gov.il/he/departments/policies/dec4394-2026
act-decisions-sec-4-dec4395-2026,sec-4,2026-07-16,"הצעת חוק מאבק בארגוני פשיעה (תיקון - הרחבת הנסיבה המחמירה לזיקה לארגון פשיעה), התשפ""ה-2025 של חה""כ אלון שוסטר (פ/5716)",החלטת ממשלה (4395) · החלטות ממשלה שפורסמה באתר gov.il. הטקסט המלא בקישור המקור.,policy_document,,direct,https://www.gov.il/he/departments/policies/dec4395-2026
act-decisions-sec-4-dec4396-2026,sec-4,2026-07-16,"טיוטת חוק הביטוח הלאומי (תיקון מס') (מימון הסעת יולדת באמבולנס), התשפ""ו-2026",החלטת ממשלה (4396) · החלטות ממשלה שפורסמה באתר gov.il. הטקסט המלא בקישור המקור.,policy_document,,direct,https://www.gov.il/he/departments/policies/dec4396-2026
act-decisions-sec-4-dec4397-2026,sec-4,2026-07-16,"הצעת חוק הביטוח הלאומי (תיקון - גמלת ניידות לילד מונשם מגיל שלושה חודשים), התשפ""ו-2026 של חה""כ יעקב אשר (פ/6692)",החלטת ממשלה (4397) · החלטות ממשלה שפורסמה באתר gov.il. הטקסט המלא בקישור המקור.,policy_document,,direct,https://www.gov.il/he/departments/policies/dec4397-2026
act-decisions-sec-4-dec4398-2026,sec-4,2026-07-16,"הצעת חוק-יסוד: מגילת העצמאות של חה""כ נעמה לזימי (פ/4051)",החלטת ממשלה (4398) · החלטות ממשלה שפורסמה באתר gov.il. הטקסט המלא בקישור המקור.,policy_document,,direct,https://www.gov.il/he/departments/policies/dec4398-2026
act-decisions-sec-4-dec4399-2026,sec-4,2026-07-16,"הצעת חוק איסור צריכת זנות (הוראת שעה ותיקון חקיקה) (תיקון - איסור צריכת תוכן מיני מקוון מותאם אישית), התשפ""ו-2026 של חה""כ פנינה תמנו ואחרים (פ/6622)",החלטת ממשלה (4399) · החלטות ממשלה שפורסמה באתר gov.il. הטקסט המלא בקישור המקור.,policy_document,,direct,https://www.gov.il/he/departments/policies/dec4399-2026
act-publications-sec-34-74502,sec-34,2026-07-16,החלטה מס' 74502 - אישור העברת שליטה ברישיון של הוט אנרג'י שירותי חשמל שותפות מוגבלת,פרסום רשמי של רשות החשמל באתר gov.il (החלטות). התוכן המלא בקישור המקור.,government_page,,direct,https://www.gov.il/he/departments/policies/74502
act-publications-sec-34-74505,sec-34,2026-07-16,החלטה מס' 74505 – בחירת הצעות זוכות בהליך תחרותי מס' 2 לקביעת תעריף רכישת תעודות זמינות על ידי מספקים וירטואליים ממנהל המערכת,פרסום רשמי של רשות החשמל באתר gov.il (החלטות). התוכן המלא בקישור המקור.,government_page,procurement,direct,https://www.gov.il/he/departments/policies/74505
act-publications-sec-37-approval-grants-due-to-delays-haravut,sec-37,2026-07-16,"אישור אורכות לכתבי אישור למענקים בגין עיכובים שנגרמו כתוצאה ממלחמת ""חרבות ברזל""",פרסום רשמי של משרד התיירות באתר gov.il (חוזרים ונהלים). התוכן המלא בקישור המקור.,government_page,grants,direct,https://www.gov.il/he/departments/policies/approval-grants-due-to-delays-haravut
act-publications-sec-37-approval-grants-due-to-delays-sheagat,sec-37,2026-07-16,"אישור אורכות לכתבי אישור למענקים בגין עיכובים שנגרמו כתוצאה ממבצע ""שאגת הארי""",פרסום רשמי של משרד התיירות באתר gov.il (חוזרים ונהלים). התוכן המלא בקישור המקור.,government_page,grants,direct,https://www.gov.il/he/departments/policies/approval-grants-due-to-delays-sheagat
act-publications-sec-4-decision2274,sec-4,2026-07-16,"החלטה מס' 2274 - תקנות שירות המדינה (גימלאות) (קצבת גישור לעובדי ביטחון חדשים של שירות הביטחון הכללי) (תיקון), התשפ""ו-2026",פרסום רשמי של נציבות שירות המדינה באתר gov.il (החלטות ועדת שירות המדינה). התוכן המלא בקישור המקור.,government_page,regulation,direct,https://www.gov.il/he/departments/policies/decision2274
act-publications-sec-4-decision2275,sec-4,2026-07-16,"החלטה מס' 2275 - תקנות שירות המדינה (גימלאות) (קצבת גישור לעובדי ביטחון חדשים של המוסד למודיעין ולתפקידים מיוחדים) (תיקון מס' 2), התשפ""ו-2026",פרסום רשמי של נציבות שירות המדינה באתר gov.il (החלטות ועדת שירות המדינה). התוכן המלא בקישור המקור.,government_page,regulation,direct,https://www.gov.il/he/departments/policies/decision2275
act-publications-sec-4-decision2276,sec-4,2026-07-16,"החלטה מס' 2276 - צווי שירות המדינה (גמלאות) (עדכון המשכורת הקובעת) (דירוג ביקורת המדינה במשרד מבקר המדינה), התשפ""ו-2026",פרסום רשמי של נציבות שירות המדינה באתר gov.il (החלטות ועדת שירות המדינה). התוכן המלא בקישור המקור.,government_page,regulation,direct,https://www.gov.il/he/departments/policies/decision2276
act-publications-sec-4-decision2277,sec-4,2026-07-16,"החלטה מס' 2277 - צווי שירות המדינה (גמלאות) (עדכון המשכורת הקובעת) (דירוג ___), התשפ""ו-2026 גמלאי שירותי הביטחון",פרסום רשמי של נציבות שירות המדינה באתר gov.il (החלטות ועדת שירות המדינה). התוכן המלא בקישור המקור.,government_page,regulation,direct,https://www.gov.il/he/departments/policies/decision2277
act-publications-sec-4-decision2278,sec-4,2026-07-16,"החלטה מס' 2278 - הכרה בתוספת קבועה לפי חוק שירות המדינה (גמלאות) [נוסח משולב], התש""ל- 1970",פרסום רשמי של נציבות שירות המדינה באתר gov.il (החלטות ועדת שירות המדינה). התוכן המלא בקישור המקור.,government_page,,direct,https://www.gov.il/he/departments/policies/decision2278
act-publications-sec-4-decision2279,sec-4,2026-07-16,החלטה מס' 2279 - פנייה לוועדת שירות המדינה למתן פטור ממכרז למשרות זמניות להיערכות לבחירות ברשויות המקומיות,פרסום רשמי של נציבות שירות המדינה באתר gov.il (החלטות ועדת שירות המדינה). התוכן המלא בקישור המקור.,government_page,emergency; procurement,direct,https://www.gov.il/he/departments/policies/decision2279
act-publications-sec-4-decision2280,sec-4,2026-07-16,"החלטה מס' 2280 - פטור ממכרז למשרת ר' מנהלת ההתיישבות (הסדרת שירותים אזרחיים ביו""ש) במשרד הביטחון",פרסום רשמי של נציבות שירות המדינה באתר gov.il (החלטות ועדת שירות המדינה). התוכן המלא בקישור המקור.,government_page,procurement,direct,https://www.gov.il/he/departments/policies/decision2280
act-publications-sec-4-decision2281,sec-4,2026-07-16,החלטה מס' 2281 -פטור חד פעמי ממכרז פומבי למשרות סגן ראש המנהל האזרחי (אזרחי),פרסום רשמי של נציבות שירות המדינה באתר gov.il (החלטות ועדת שירות המדינה). התוכן המלא בקישור המקור.,government_page,procurement,direct,https://www.gov.il/he/departments/policies/decision2281
act-publications-sec-68-eligible-parties-ruling0726,sec-68,2026-07-16,"החלטת מנכ""ל רשות האוכלוסין וההגירה, מר בועז יוסף, מיום 07.06.2025 על מתן רישיון לישיבת ארעי מסוג א/5",פרסום רשמי של רשות האוכלוסין וההגירה באתר gov.il (נהלים והנחיות). התוכן המלא בקישור המקור.,government_page,,direct,https://www.gov.il/he/departments/policies/eligible-parties-ruling0726
act-decisions-sec-4-4381-2026,sec-4,2026-07-15,תוכנית לשיקום ופיתוח העיר אשקלון לשנים 2025 - 2029 - תיקון החלטת ממשלה,החלטת ממשלה (4381) · החלטות ממשלה שפורסמה באתר gov.il. הטקסט המלא בקישור המקור.,policy_document,,direct,https://www.gov.il/he/departments/policies/4381-2026
act-decisions-sec-4-dec-4382,sec-4,2026-07-15,"מודל תקצוב גננות בחינוך המוכר שאינו רשמי - מעבר לתקצוב ע""י פרופיל ותק הוראות מעבר לשנת תשפ""ז - תיקון החלטת ממשלה",החלטת ממשלה (4382) · החלטות ממשלה שפורסמה באתר gov.il. הטקסט המלא בקישור המקור.,policy_document,regulation,direct,https://www.gov.il/he/departments/policies/dec-4382
act-decisions-sec-4-dec-se26,sec-4,2026-07-15,"אישור עקרונות להסכם מסגרת בין ממשלת ישראל לבין חברת נתיבי ישראל בע""מ",החלטת ממשלה (חכ/26) · החלטות ממשלה שפורסמה באתר gov.il. הטקסט המלא בקישור המקור.,policy_document,,direct,https://www.gov.il/he/departments/policies/dec-se26
act-decisions-sec-4-dec-se27,sec-4,2026-07-15,"אישור עקרונות להסכם מסגרת בין ממשלת ישראל לבין חברת נתיבי איילון בע""מ - תיקון החלטת ועדת שרים",החלטת ממשלה (חכ/27) · החלטות ממשלה שפורסמה באתר gov.il. הטקסט המלא בקישור המקור.,policy_document,,direct,https://www.gov.il/he/departments/policies/dec-se27
act-decisions-sec-4-dec-se28,sec-4,2026-07-15,"אישור עקרונות הסכם מסגרת בין משרד החינוך לחברה למתנ""סים – תיקון החלטת ממשלה",החלטת ממשלה (חכ/28) · החלטות ממשלה שפורסמה באתר gov.il. הטקסט המלא בקישור המקור.,policy_document,,direct,https://www.gov.il/he/departments/policies/dec-se28
act-decisions-sec-4-dec4379-2026,sec-4,2026-07-15,אישור מינוי סגן שר במשרד החוץ,החלטת ממשלה (4379) · החלטות ממשלה שפורסמה באתר gov.il. הטקסט המלא בקישור המקור.,policy_document,,direct,https://www.gov.il/he/departments/policies/dec4379-2026
act-decisions-sec-4-dec4382-2026,sec-4,2026-07-15,"מודל תקצוב גננות בחינוך המוכר שאינו רשמי - מעבר לתקצוב ע""י פרופיל ותק הוראות מעבר לשנת תשפ""ז - תיקון החלטת ממשלה",החלטת ממשלה · החלטות ממשלה שפורסמה באתר gov.il. הטקסט המלא בקישור המקור.,policy_document,regulation,direct,https://www.gov.il/he/departments/policies/dec4382-2026
act-decisions-sec-4-dec4383-2026,sec-4,2026-07-15,"תוכנית לעידוד עלייה מכלל ארצות העולם (""אופק ישראלי"")",החלטת ממשלה (4383) · החלטות ממשלה שפורסמה באתר gov.il. הטקסט המלא בקישור המקור.,policy_document,regulation,direct,https://www.gov.il/he/departments/policies/dec4383-2026
act-decisions-sec-4-dec4384-2026,sec-4,2026-07-15,מינוי מנהל רשות המטרו במשרד התחבורה והבטיחות בדרכים ואישור תנאי שכר ושירות של מנהל כללי למשרה,החלטת ממשלה (4384) · החלטות ממשלה שפורסמה באתר gov.il. הטקסט המלא בקישור המקור.,policy_document,public-transport,direct,https://www.gov.il/he/departments/policies/dec4384-2026
act-decisions-sec-4-dec4385-2026,sec-4,2026-07-15,מתווה מיידי לחיזוק המשק הישראלי לאור אתגרי התקופה,החלטת ממשלה (4385) · החלטות ממשלה שפורסמה באתר gov.il. הטקסט המלא בקישור המקור.,policy_document,,direct,https://www.gov.il/he/departments/policies/dec4385-2026
act-decisions-sec-4-dec4386-2026,sec-4,2026-07-15,"השתתפות בהוצאות חברות התעופה הישראליות בגין מבצע ""שאגת הארי"" ותיקון החלטת ממשלה",החלטת ממשלה (4386) · החלטות ממשלה שפורסמה באתר gov.il. הטקסט המלא בקישור המקור.,policy_document,,direct,https://www.gov.il/he/departments/policies/dec4386-2026
act-decisions-sec-4-dec4388-2026,sec-4,2026-07-15,ביסוס והרחבה של התוכנית הלאומית להעמקת הזהות היהודית-ישראלית בקרב סטודנטים ואחרים,החלטת ממשלה (4388) · החלטות ממשלה שפורסמה באתר gov.il. הטקסט המלא בקישור המקור.,policy_document,,direct,https://www.gov.il/he/departments/policies/dec4388-2026
act-decisions-sec-4-dec4389-2026,sec-4,2026-07-15,הקמת רשות לאומית אזרחית לרום הקרוב לקרקע ותיקון החלטת ממשלה,החלטת ממשלה (4389) · החלטות ממשלה שפורסמה באתר gov.il. הטקסט המלא בקישור המקור.,policy_document,,direct,https://www.gov.il/he/departments/policies/dec4389-2026
act-decisions-sec-4-dec4390-2026,sec-4,2026-07-15,המשך קידום תוכנית רב-שנתית לסלילת דרכי גישה ליישובים חדשים ותיקון החלטת ממשלה,החלטת ממשלה (4390) · החלטות ממשלה שפורסמה באתר gov.il. הטקסט המלא בקישור המקור.,policy_document,,direct,https://www.gov.il/he/departments/policies/dec4390-2026
act-decisions-sec-4-dec4392-2026,sec-4,2026-07-15,"אימוץ המלצות הוועדה הציבורית לבחינת המענה הלאומי לטיפול ושיקום פצועי צה""ל וכוחות הביטחון ותיקון החלטת ממשלה",החלטת ממשלה (4392) · החלטות ממשלה שפורסמה באתר gov.il. הטקסט המלא בקישור המקור.,policy_document,regulation,direct,https://www.gov.il/he/departments/policies/dec4392-2026
act-publications-sec-4-dec4387-2026,sec-4,2026-07-15,התוכנית הכלכלית לצמצום פערים בחברה הערבית עד לשנת 2026 - תיקון החלטות ממשלה,פרסום רשמי של משרד ראש הממשלה באתר gov.il (החלטות ממשלה). התוכן המלא בקישור המקור.,government_page,regulation,direct,https://www.gov.il/he/departments/policies/dec4387-2026
act-publications-sec-4-tashpav9,sec-4,2026-07-15,הודעה מס' פו/9 - הוראות בעניין הבחירות לכנסת ה-26,פרסום רשמי של נציבות שירות המדינה באתר gov.il (הודעות נציבות שירות המדינה). התוכן המלא בקישור המקור.,government_page,,direct,https://www.gov.il/he/departments/policies/tashpav9
act-decisions-sec-4-dec4358-2026,sec-4,2026-07-14,"התוכנית האסטרטגית לשיקום, לחידוש ולפיתוח חבל התקומה ואוכלוסייתו לשנים 2028-2024 - תיקון החלטת ממשלה",החלטת ממשלה (4358) · החלטות ממשלה שפורסמה באתר gov.il. הטקסט המלא בקישור המקור.,policy_document,,direct,https://www.gov.il/he/departments/policies/dec4358-2026
act-decisions-sec-4-dec4359-2026,sec-4,2026-07-14,"הקצאת תקציב לשם השלמת החקיקה של הצעת חוק המרכז להנצחת מורשת הלוחם היהודי במלחמת העולם השנייה, התשפ""ו-2026 ותיקון החלטת ממשלה",החלטת ממשלה (4359) · החלטות ממשלה שפורסמה באתר gov.il. הטקסט המלא בקישור המקור.,policy_document,,direct,https://www.gov.il/he/departments/policies/dec4359-2026
act-decisions-sec-4-dec4360-2026,sec-4,2026-07-14,מינוי בשירות החוץ,החלטת ממשלה (4360) · החלטות ממשלה שפורסמה באתר gov.il. הטקסט המלא בקישור המקור.,policy_document,,direct,https://www.gov.il/he/departments/policies/dec4360-2026
act-decisions-sec-4-dec4361-2026,sec-4,2026-07-14,מינוי חברים לוועדת שירות המדינה,החלטת ממשלה (4361) · החלטות ממשלה שפורסמה באתר gov.il. הטקסט המלא בקישור המקור.,policy_document,,direct,https://www.gov.il/he/departments/policies/dec4361-2026
act-decisions-sec-4-dec4362-2026,sec-4,2026-07-14,הארכת תקופת תוקפה של ההכרזה על מצב חירום כליאתי,החלטת ממשלה (4362) · החלטות ממשלה שפורסמה באתר gov.il. הטקסט המלא בקישור המקור.,policy_document,emergency,direct,https://www.gov.il/he/departments/policies/dec4362-2026
act-decisions-sec-4-dec4363-2026,sec-4,2026-07-14,"תקנות משק הגז הטבעי (ניהול משק גז טבעי בעת שעת חירום) (תיקון), התשפ""ו-2026",החלטת ממשלה (4363) · החלטות ממשלה שפורסמה באתר gov.il. הטקסט המלא בקישור המקור.,policy_document,emergency; regulation,direct,https://www.gov.il/he/departments/policies/dec4363-2026
act-decisions-sec-4-dec4364-2026,sec-4,2026-07-14,"אישור תוכנית לאומית ""לוחמים לחקלאות"" לעידוד כניסתם של חיילים משוחררים ומשרתי מילואים לעבודה בחקלאות לטובת הבטחת ביטחון המזון הלאומי",החלטת ממשלה (4364) · החלטות ממשלה שפורסמה באתר gov.il. הטקסט המלא בקישור המקור.,policy_document,,direct,https://www.gov.il/he/departments/policies/dec4364-2026
act-decisions-sec-4-dec4365-2026,sec-4,2026-07-14,תמיכה בקבוצות מתנדבים הפועלים ביישובים כפריים המקיימים פעילות חקלאית משמעותית באזורי עדיפות לאומית – תיקון החלטות ממשלה,החלטת ממשלה (4365) · החלטות ממשלה שפורסמה באתר gov.il. הטקסט המלא בקישור המקור.,policy_document,grants; regulation,direct,https://www.gov.il/he/departments/policies/dec4365-2026
act-decisions-sec-4-dec4366-2026,sec-4,2026-07-14,"הטלת האחריות על אירוע ההילולה במירון לשנת תשפ""ז",החלטת ממשלה (4366) · החלטות ממשלה שפורסמה באתר gov.il. הטקסט המלא בקישור המקור.,policy_document,,direct,https://www.gov.il/he/departments/policies/dec4366-2026
act-decisions-sec-4-dec4367-2026,sec-4,2026-07-14,יישום הסכמים קואליציוניים בשנת הכספים 2026 - תיקון החלטת ממשלה,החלטת ממשלה (4367) · החלטות ממשלה שפורסמה באתר gov.il. הטקסט המלא בקישור המקור.,policy_document,,direct,https://www.gov.il/he/departments/policies/dec4367-2026
act-decisions-sec-4-dec4368-2026,sec-4,2026-07-14,תוכנית פיתוח מרחבי למחוז הצפון לשנים 2026 – 2030 – תיקון החלטת ממשלה,החלטת ממשלה (4368) · החלטות ממשלה שפורסמה באתר gov.il. הטקסט המלא בקישור המקור.,policy_document,,direct,https://www.gov.il/he/departments/policies/dec4368-2026
act-decisions-sec-4-dec4369-2026,sec-4,2026-07-14,"מתן שם לכביש 443 - ""דרך הלוויים"" ע""ש השר דוד לוי ז""ל",החלטת ממשלה (4369) · החלטות ממשלה שפורסמה באתר gov.il. הטקסט המלא בקישור המקור.,policy_document,infrastructure,direct,https://www.gov.il/he/departments/policies/dec4369-2026
act-decisions-sec-4-dec4370-2026,sec-4,2026-07-14,"הקצאת תקציב לשם השלמת החקיקה של הצעת חוק להנצחת זכרה של גולדה מאיר, התשפ""ו-2026 ותיקון החלטת ממשלה",החלטת ממשלה (4370) · החלטות ממשלה שפורסמה באתר gov.il. הטקסט המלא בקישור המקור.,policy_document,,direct,https://www.gov.il/he/departments/policies/dec4370-2026
act-decisions-sec-4-dec4371-2026,sec-4,2026-07-14,"התוכנית הלאומית לחשיפת ירושלים הקדומה (תוכנית ""שלם"" - שלב ו')",החלטת ממשלה (4371) · החלטות ממשלה שפורסמה באתר gov.il. הטקסט המלא בקישור המקור.,policy_document,,direct,https://www.gov.il/he/departments/policies/dec4371-2026
act-decisions-sec-4-dec4374-2026,sec-4,2026-07-14,תיקונים בנוסחת מענק האיזון – תיקון החלטת ממשלה,החלטת ממשלה (4374) · החלטות ממשלה שפורסמה באתר gov.il. הטקסט המלא בקישור המקור.,policy_document,grants,direct,https://www.gov.il/he/departments/policies/dec4374-2026
act-decisions-sec-4-dec4375-2026,sec-4,2026-07-14,תוספת תקציב בשנת 2026 – סיוע לגופים הפועלים בתחומי התרבות והספורט וקידום פעילות בתחומי התרבות והספורט ותיקון החלטת ממשלה,החלטת ממשלה (4375) · החלטות ממשלה שפורסמה באתר gov.il. הטקסט המלא בקישור המקור.,policy_document,,direct,https://www.gov.il/he/departments/policies/dec4375-2026
act-decisions-sec-4-dec4376-2026,sec-4,2026-07-14,"חיזוק יכולות ההסברה של מדינת ישראל בזירה הבין-לאומית באמצעות הבאת צעירי יהדות התפוצות במסגרת ""פרויקט מסע""",החלטת ממשלה (4376) · החלטות ממשלה שפורסמה באתר gov.il. הטקסט המלא בקישור המקור.,policy_document,regulation,direct,https://www.gov.il/he/departments/policies/dec4376-2026
act-publications-health-mr04-2026,health,2026-07-14,כללים להזרקות תוך עיניות,פרסום רשמי של משרד הבריאות באתר gov.il (חוזרים ונהלים). התוכן המלא בקישור המקור.,government_page,,direct,https://www.gov.il/he/departments/policies/mr04-2026
act-publications-sec-4-dec4372-2026,sec-4,2026-07-14,חיזוק הביטחון בעיר ירושלים,פרסום רשמי של משרד ראש הממשלה באתר gov.il (החלטות ממשלה). התוכן המלא בקישור המקור.,government_page,,direct,https://www.gov.il/he/departments/policies/dec4372-2026
act-publications-sec-4-directive-21-2026,sec-4,2026-07-14,נוהל העסקת בני נוער בתקופת הקיץ בשירות המדינה,"פרסום רשמי של נציבות שירות המדינה באתר gov.il (חוזרים והוראות מנכ""ל). התוכן המלא בקישור המקור.",government_page,regulation,direct,https://www.gov.il/he/departments/policies/directive-21-2026
act-publications-sec-7-news14072026,sec-7,2026-07-14,הוראת שעה: צמצום פעילויות שגרה בעת מלחמה - הארכה מס' 43,פרסום רשמי של שירות בתי הסוהר באתר gov.il (פקודות והוראות). התוכן המלא בקישור המקור.,government_page,emergency; regulation,direct,https://www.gov.il/he/departments/policies/news14072026
act-publications-sec-36-dropout-guidelines,sec-36,2026-07-13,הנחיות לדיווח וטיפול בביקור סדיר למניעת נשירה בבתי הספר לנוער,פרסום רשמי של משרד העבודה באתר gov.il (נהלים והנחיות). התוכן המלא בקישור המקור.,government_page,,direct,https://www.gov.il/he/departments/policies/dropout-guidelines
act-publications-sec-36-school-sorting,sec-36,2026-07-13,הנחיות לקליטה ומיון תלמידים בבתי הספר לנוער,פרסום רשמי של משרד העבודה באתר gov.il (נהלים והנחיות). התוכן המלא בקישור המקור.,government_page,education,direct,https://www.gov.il/he/departments/policies/school-sorting
act-publications-sec-37-hozer-mankal-062026,sec-37,2026-07-13,"חוזר מנכ""ל 06/2026: מבחן להקצאת כספים למארגני תיירות נכנסת לשימור עובדים חיוניים 2026-2027","פרסום רשמי של משרד התיירות באתר gov.il (חוזרים והוראות מנכ""ל). התוכן המלא בקישור המקור.",government_page,regulation,direct,https://www.gov.il/he/departments/policies/hozer-mankal-062026
act-publications-sec-4-directive-20-2026,sec-4,2026-07-13,תכנית פרישה מרצון לסגל הבכיר בשירות המדינה - לשנת 2026,"פרסום רשמי של נציבות שירות המדינה באתר gov.il (חוזרים והוראות מנכ""ל). התוכן המלא בקישור המקור.",government_page,regulation,direct,https://www.gov.il/he/departments/policies/directive-20-2026
act-decisions-sec-4-dec4357-2026,sec-4,2026-07-12,הארכת ההכרזה על מצב מיוחד בעורף,החלטת ממשלה (4357) · החלטות ממשלה שפורסמה באתר gov.il. הטקסט המלא בקישור המקור.,policy_document,,direct,https://www.gov.il/he/departments/policies/dec4357-2026
act-publications-economy-dgi-instructions-4-90,economy,2026-07-12,"הוראת מנכ""ל 4.90 - מסלול לעידוד הקמה, העתקה או הרחבה של מפעלים תעשייתיים ביישובי חבל התקומה","פרסום רשמי של משרד הכלכלה והתעשייה באתר gov.il (חוזרים והוראות מנכ""ל). התוכן המלא בקישור המקור.",government_page,,direct,https://www.gov.il/he/departments/policies/dgi-instructions-4-90
act-publications-sec-7-news12726,sec-7,2026-07-12,"הוראת שעה לפקודת נציבות 03.13.00 - ""מפגש של חבר כנסת עם אסירים בבתי סוהר"" - ביקור ח""כ אצל אסיר ביטחוני",פרסום רשמי של שירות בתי הסוהר באתר gov.il (פקודות והוראות). התוכן המלא בקישור המקור.,government_page,,direct,https://www.gov.il/he/departments/policies/news12726
act-decisions-sec-4-dec4355-2026,sec-4,2026-07-10,"הסמכת חברת ""אם.אר.סי אלון תבור פאואר בע""מ"" להכין תוכנית לתשתית לאומית לתחנת כוח מוסקת בגז טבעי ולהגישה לוועדה הארצית לתכנון ולבנייה של תשתיות לאומיות",החלטת ממשלה (4355) שפורסמה באתר gov.il. הטקסט המלא בקישור המקור.,policy_document,infrastructure,direct,https://www.gov.il/he/departments/policies/dec4355-2026
act-decisions-sec-4-dec4356-2026,sec-4,2026-07-10,תוספת נושאי בולים להנפקה בשנת 2026 ונושאי בולים חדשים להנפקה בשנת 2027,החלטת ממשלה (4356) שפורסמה באתר gov.il. הטקסט המלא בקישור המקור.,policy_document,,direct,https://www.gov.il/he/departments/policies/dec4356-2026
act-decisions-sec-4-dec434-2026,sec-4,2026-07-09,"הצעת חוק קביעת יום לציון הטבעת הספינה אלטלנה, התשפ""ג-2023 של חה""כ עודד פורר ואחרים (פ/1606)",החלטת ממשלה (4344) שפורסמה באתר gov.il. הטקסט המלא בקישור המקור.,policy_document,,direct,https://www.gov.il/he/departments/policies/dec434-2026
act-decisions-sec-4-dec4341-2026,sec-4,2026-07-09,"הצעת חוק לתיקון פקודת הראיות (אי-קבילות ראיה שהושגה שלא כדין), התשפ״ו-2025 של חה""כ אביחי אברהם בוארון (פ/6375)",החלטת ממשלה (4341) שפורסמה באתר gov.il. הטקסט המלא בקישור המקור.,policy_document,,direct,https://www.gov.il/he/departments/policies/dec4341-2026
act-decisions-sec-4-dec4342-2026,sec-4,2026-07-09,"הצעת חוק סדר הדין הפלילי (סמכויות אכיפה - מעצרים) (תיקון - פיצוי לעצור ששוחרר ממעצר), התשפ""ו-2026 של חה""כ ינון אזולאי (פ/6439)",החלטת ממשלה (4342) שפורסמה באתר gov.il. הטקסט המלא בקישור המקור.,policy_document,regulation,direct,https://www.gov.il/he/departments/policies/dec4342-2026
act-decisions-sec-4-dec4343-2026,sec-4,2026-07-09,"הצעת חוק איסור לשון הרע (תיקון - פיצוי ללא הוכחת נזק, חובת פנייה מוקדמת ותביעות השתקה), התשפ״ו-2026 של חה""כ קטי קטרין שטרית (פ/6532)",החלטת ממשלה (4343) שפורסמה באתר gov.il. הטקסט המלא בקישור המקור.,policy_document,regulation,direct,https://www.gov.il/he/departments/policies/dec4343-2026
act-decisions-sec-4-dec4345-2026,sec-4,2026-07-09,"הצעת חוק החברות הממשלתיות (תיקון - ייצוג הולם לבני העדה האתיופית), התשפ""ה-2025 של חה""כ צגה מלקו (פ/5916)",החלטת ממשלה (4345) שפורסמה באתר gov.il. הטקסט המלא בקישור המקור.,policy_document,regulation,direct,https://www.gov.il/he/departments/policies/dec4345-2026
act-decisions-sec-4-dec4350-2026,sec-4,2026-07-09,אישור הסכם בין המשרד לכלכלה ותרבות של טאיפיי בתל אביב לבין המשרד לכלכלה ותרבות של ישראל בטאיפיי בדבר שיתוף פעולה בתחומי הבריאות והרפואה,החלטת ממשלה (4350) שפורסמה באתר gov.il. הטקסט המלא בקישור המקור.,policy_document,,direct,https://www.gov.il/he/departments/policies/dec4350-2026
act-decisions-sec-4-dec4351-2026,sec-4,2026-07-09,אשרור הסכם בין מועצת השרים של הרפובליקה של אלבניה לבין ממשלת מדינת ישראל בדבר שיתוף פעולה בתחומי הבריאות והרפואה,החלטת ממשלה (4351) שפורסמה באתר gov.il. הטקסט המלא בקישור המקור.,policy_document,,direct,https://www.gov.il/he/departments/policies/dec4351-2026
act-decisions-sec-4-dec4352-2026,sec-4,2026-07-09,אשרור פרוטוקול בדבר תיקונים להסכם שירותי אוויר בין מדינת ישראל לבין הרפובליקה הארגנטינאית,החלטת ממשלה (4352) שפורסמה באתר gov.il. הטקסט המלא בקישור המקור.,policy_document,,direct,https://www.gov.il/he/departments/policies/dec4352-2026
act-decisions-sec-4-dec4353-2026,sec-4,2026-07-09,אשרור הסכם מסגרת בין ממשלת מדינת ישראל ובין ממשלת הונגריה בדבר שיתוף פעולה בחקר החלל החיצון ובשימוש בו למטרות שלום,החלטת ממשלה (4353) שפורסמה באתר gov.il. הטקסט המלא בקישור המקור.,policy_document,public-transport; regulation,direct,https://www.gov.il/he/departments/policies/dec4353-2026
act-decisions-sec-4-dec4354-2026,sec-4,2026-07-09,הארכת מינוי חברים לוועדה הציבורית לקביעת ייעודם של עיזבונות לטובת המדינה,החלטת ממשלה (4354) שפורסמה באתר gov.il. הטקסט המלא בקישור המקור.,policy_document,,direct,https://www.gov.il/he/departments/policies/dec4354-2026
act-publications-economy-dgi-instructions-04-89,economy,2026-07-09,"הוראת מנכ""ל 4.89 - תכנית האצה וצמיחה של עסקים ויצירת משרות בשכר גבוה ביישובי חבל תקומה","פרסום רשמי של משרד הכלכלה והתעשייה באתר gov.il (חוזרים והוראות מנכ""ל). התוכן המלא בקישור המקור.",government_page,,direct,https://www.gov.il/he/departments/policies/dgi-instructions-04-89
act-publications-environment-infrastructure-and-metro,environment,2026-07-09,הוראות בנושא רעש ממיזמי תשתית חיוניים מועדפים ומפרויקט המטרו,פרסום רשמי של המשרד להגנת הסביבה באתר gov.il (פקודות והוראות). התוכן המלא בקישור המקור.,government_page,infrastructure; public-transport,direct,https://www.gov.il/he/departments/policies/infrastructure-and-metro
act-publications-health-bsv-09072026,health,2026-07-09,"מדריך להכנת תכנית לאבטחת איכות מי שתייה מבוססת ניהול סיכונים - תא""מ (Water Safety Plan-WSP) - קווים מנחים לספקי המים",פרסום רשמי של משרד הבריאות באתר gov.il (נהלים והנחיות). התוכן המלא בקישור המקור.,government_page,procurement,direct,https://www.gov.il/he/departments/policies/bsv-09072026
act-publications-sec-29-buy-out-agreement,sec-29,2026-07-09,הסכם יציאה בחוק השיקום  - נוסח מומלץ מטעם הרשות הממשלתית להתחדשות עירונית,פרסום רשמי של הרשות הממשלתית להתחדשות עירונית באתר gov.il (הסכמים). התוכן המלא בקישור המקור.,government_page,,direct,https://www.gov.il/he/departments/policies/buy-out-agreement
act-publications-sec-34-74203,sec-34,2026-07-09,"החלטה מס'  74203 - תיקון רישיון מותנה מס' 00078917 לאנרגיית רוח נקייה בע""מ",פרסום רשמי של רשות החשמל באתר gov.il (החלטות). התוכן המלא בקישור המקור.,government_page,,direct,https://www.gov.il/he/departments/policies/74203
act-publications-sec-34-74401,sec-34,2026-07-09,"החלטה מס' 74401 - ביטול רישיון להספקת חשמל ללא אמצעי ייצור מס' 00452821 לחברת אפקון תחבורה חשמלית בע""מ",פרסום רשמי של רשות החשמל באתר gov.il (החלטות). התוכן המלא בקישור המקור.,government_page,procurement; regulation,direct,https://www.gov.il/he/departments/policies/74401
act-publications-sec-34-74402,sec-34,2026-07-09,החלטה מס' 74402 - מתן רישיון הספקה מס' 00622326 למספקים שאין ברשותם אמצעי ייצור לפריים אנרג'י סופליי שותפות מוגבלת,פרסום רשמי של רשות החשמל באתר gov.il (החלטות). התוכן המלא בקישור המקור.,government_page,procurement; regulation,direct,https://www.gov.il/he/departments/policies/74402
act-publications-sec-34-74403,sec-34,2026-07-09,החלטה מס' 74403  - הארכת תוקף רישיונות ההספקה ללא אמצעי ייצור,פרסום רשמי של רשות החשמל באתר gov.il (החלטות). התוכן המלא בקישור המקור.,government_page,procurement; regulation,direct,https://www.gov.il/he/departments/policies/74403
act-publications-sec-7-news9726,sec-7,2026-07-09,הוראת שעה: ביקורי הצלב האדום הבינלאומי בבתי סוהר,פרסום רשמי של שירות בתי הסוהר באתר gov.il (פקודות והוראות). התוכן המלא בקישור המקור.,government_page,,direct,https://www.gov.il/he/departments/policies/news9726
act-publications-transport-havhara-kzin-betihut-ktav-minuy-transporting-safety-guidelines,transport,2026-07-08,הבהרה בדבר פעילות כקצין בטיחות בהתאם לכתב מינוי,פרסום רשמי של משרד התחבורה והבטיחות בדרכים באתר gov.il (נהלים והנחיות). התוכן המלא בקישור המקור.,government_page,,direct,https://www.gov.il/he/departments/policies/havhara-kzin-betihut-ktav-minuy-transporting-safety-guidelines
act-publications-environment-garbage-and-waste,environment,2026-07-07,תנאים נוספים בנושא דיווח לעסקים המטפלים בפסולת חקלאית,פרסום רשמי של המשרד להגנת הסביבה באתר gov.il (נהלים והנחיות). התוכן המלא בקישור המקור.,government_page,environment,direct,https://www.gov.il/he/departments/policies/garbage-and-waste
act-publications-sec-29-neyar-emda-06072026,sec-29,2026-07-07,טיפול בתלונות על ליקויים בדירה - נייר עמדה,פרסום רשמי של משרד הבינוי והשיכון באתר gov.il (ניירות עמדה). התוכן המלא בקישור המקור.,government_page,,direct,https://www.gov.il/he/departments/policies/neyar-emda-06072026
act-publications-sec-4-policy4297-070726,sec-4,2026-07-07,תוכנית רב שנתית לחיזוק ופיתוח העיר אילת והמועצה האזורית חבל אילות ותיקון החלטות ממשלה,פרסום רשמי של משרד ראש הממשלה באתר gov.il (החלטות). התוכן המלא בקישור המקור.,government_page,,direct,https://www.gov.il/he/departments/policies/policy4297-070726
act-decisions-sec-4-dec4333-2026,sec-4,2026-07-06,תנאי שירות וגמלאות של המנהל הכללי של המועצה להשכלה גבוהה – ביטול החלטת ממשלה,החלטת ממשלה (4333) שפורסמה באתר gov.il. הטקסט המלא בקישור המקור.,policy_document,,direct,https://www.gov.il/he/departments/policies/dec4333-2026
act-decisions-sec-4-dec-4326-2026,sec-4,2026-07-05,"טיוטת חוק לתיקון ולהארכת תוקפן של תקנות שעת חירום (חרבות ברזל) (הארכת מעצר לחשוד בעבירת ביטחון) (תיקון מס' 9), התשפ""ו-2026 - הסמכת ועדת השרים לענייני חקיקה",החלטת ממשלה (4326) שפורסמה באתר gov.il. הטקסט המלא בקישור המקור.,policy_document,emergency; regulation,direct,https://www.gov.il/he/departments/policies/dec-4326-2026
act-decisions-sec-4-dec-4327-2026,sec-4,2026-07-05,"טיוטת חוק לתיקון ולהארכת תוקפן של תקנות שעת חירום (חרבות ברזל) (פגישה עם עורך דין של עצור בעבירת ביטחון) (תיקון מס' 8), התשפ""ו-2026 - הסמכת ועדת השרים לענייני חקיקה",החלטת ממשלה (4327) שפורסמה באתר gov.il. הטקסט המלא בקישור המקור.,policy_document,emergency; regulation,direct,https://www.gov.il/he/departments/policies/dec-4327-2026
act-decisions-sec-4-dec4316-2026,sec-4,2026-07-05,אישור מינוי המשנה לראש המטה לביטחון לאומי,החלטת ממשלה (4316) שפורסמה באתר gov.il. הטקסט המלא בקישור המקור.,policy_document,,direct,https://www.gov.il/he/departments/policies/dec4316-2026
act-decisions-sec-4-dec4317-2026,sec-4,2026-07-05,אישור מינוי מנהלת הרשות לשירות אזרחי במשרד ההתיישבות והמשימות הלאומיות,החלטת ממשלה (4317) שפורסמה באתר gov.il. הטקסט המלא בקישור המקור.,policy_document,,direct,https://www.gov.il/he/departments/policies/dec4317-2026
act-decisions-sec-4-dec4318-2026,sec-4,2026-07-05,מינוי בשירות החוץ,החלטת ממשלה (4318) שפורסמה באתר gov.il. הטקסט המלא בקישור המקור.,policy_document,,direct,https://www.gov.il/he/departments/policies/dec4318-2026
act-decisions-sec-4-dec4319-2026,sec-4,2026-07-05,אישור הענקת עיטור מאת ממשלת קוסטה ריקה לשגרירת ישראל בקוסטה ריקה,החלטת ממשלה (4319) שפורסמה באתר gov.il. הטקסט המלא בקישור המקור.,policy_document,,direct,https://www.gov.il/he/departments/policies/dec4319-2026
act-decisions-sec-4-dec4320-2026,sec-4,2026-07-05,הקצאת תוספת תקציב לבתי הדין הרבניים בשנת 2026,החלטת ממשלה (4320) שפורסמה באתר gov.il. הטקסט המלא בקישור המקור.,policy_document,,direct,https://www.gov.il/he/departments/policies/dec4320-2026
act-decisions-sec-4-dec4321-2026,sec-4,2026-07-05,"מיזוג חברת אלתא מערכות בע""מ לתעשייה האווירית לישראל בע""מ",החלטת ממשלה (4321) שפורסמה באתר gov.il. הטקסט המלא בקישור המקור.,policy_document,,direct,https://www.gov.il/he/departments/policies/dec4321-2026
act-decisions-sec-4-dec4322-2026,sec-4,2026-07-05,המשך מתן מענים לנפגעי המסיבות בדרום מיום 7 באוקטובר 2023 ותיקון החלטת ממשלה,החלטת ממשלה (4322) שפורסמה באתר gov.il. הטקסט המלא בקישור המקור.,policy_document,,direct,https://www.gov.il/he/departments/policies/dec4322-2026
act-decisions-sec-4-dec4323-2026,sec-4,2026-07-05,תוכנית ממשלתית לפיתוח התיירות ביהודה ושומרון,החלטת ממשלה (4323) שפורסמה באתר gov.il. הטקסט המלא בקישור המקור.,policy_document,,direct,https://www.gov.il/he/departments/policies/dec4323-2026
act-decisions-sec-4-dec4324-2026,sec-4,2026-07-05,הסרת חסמים ברישוי לעולים בוגרי לימודי פסיכולוגיה,החלטת ממשלה (4324) שפורסמה באתר gov.il. הטקסט המלא בקישור המקור.,policy_document,regulation,direct,https://www.gov.il/he/departments/policies/dec4324-2026
act-decisions-sec-4-dec4325-2026,sec-4,2026-07-05,"הכרזה על אזורי שיקום והתחדשות – בני ברק - ברנדשטטר, רמת גן - ירושלים/תרצה",החלטת ממשלה (4325) שפורסמה באתר gov.il. הטקסט המלא בקישור המקור.,policy_document,,direct,https://www.gov.il/he/departments/policies/dec4325-2026
act-decisions-sec-4-dec4328-2026,sec-4,2026-07-05,"טיוטת חוק מאבק בארגוני פשיעה (תיקון מס'...  והוראת שעה), התשפ""ו-2026 - הסמכת ועדת השרים לענייני חקיקה",החלטת ממשלה (4328) שפורסמה באתר gov.il. הטקסט המלא בקישור המקור.,policy_document,,direct,https://www.gov.il/he/departments/policies/dec4328-2026
act-decisions-sec-4-dec4330-2026,sec-4,2026-07-05,מודל תקצוב גננות בחינוך המוכר שאינו רשמי,החלטת ממשלה (4330) שפורסמה באתר gov.il. הטקסט המלא בקישור המקור.,policy_document,regulation,direct,https://www.gov.il/he/departments/policies/dec4330-2026
act-decisions-sec-4-dec4332-2026,sec-4,2026-07-05,העברת סמכות הנתונה לפי חוק משרת התחבורה והבטיחות בדרכים מירי רגב לשר בצלאל סמוטריץ',החלטת ממשלה (4332) שפורסמה באתר gov.il. הטקסט המלא בקישור המקור.,policy_document,,direct,https://www.gov.il/he/departments/policies/dec4332-2026
act-decisions-sec-4-dec4338-2026,sec-4,2026-07-05,"טיוטת חוק מאבק בארגוני פשיעה (תיקון מס' והוראת שעה), התשפ""ו-2026",החלטת ממשלה (4338) שפורסמה באתר gov.il. הטקסט המלא בקישור המקור.,policy_document,,direct,https://www.gov.il/he/departments/policies/dec4338-2026
act-publications-economy-dgi-instructions-04-65,economy,2026-07-05,"הוראת מנכ""ל 4.65 - תכנית להאצה עסקית לעסקים ביישובים צמודי גדר בגבול לבנון","פרסום רשמי של משרד הכלכלה והתעשייה באתר gov.il (חוזרים והוראות מנכ""ל). התוכן המלא בקישור המקור.",government_page,,direct,https://www.gov.il/he/departments/policies/dgi-instructions-04-65
act-publications-sec-4-dec4337-2026,sec-4,2026-07-05,"טיוטת חוק לתיקון ולהארכת תוקפן של תקנות שעת חירום (חרבות ברזל) (הארכת מעצר לחשוד בעבירת בטחון) (תיקון מס' 9), התשפ""ו-2026",פרסום רשמי של משרד ראש הממשלה באתר gov.il. התוכן המלא בקישור המקור.,government_page,emergency; regulation,direct,https://www.gov.il/he/departments/policies/dec4337-2026
act-publications-sec-5-hozer-7-2026,sec-5,2026-07-05,"חוזר מס הכנסה מספר 07/2026 - הוראת השעה: ""חוק עידוד עלייה לישראל וחזרה אליה""",פרסום רשמי של רשות המסים בישראל באתר gov.il (חוזרים ונהלים). התוכן המלא בקישור המקור.,government_page,,direct,https://www.gov.il/he/departments/policies/hozer-7-2026
act-decisions-sec-4-dec-se25,sec-4,2026-07-02,"אישור עקרונות להסכם מסגרת בין ממשלת ישראל לבין חברת נתיבי איילון בע""מ",החלטת ממשלה (חכ/25) · החלטות ממשלה שפורסמה באתר gov.il. הטקסט המלא בקישור המקור.,policy_document,,direct,https://www.gov.il/he/departments/policies/dec-se25
act-decisions-sec-4-dec4302-2026,sec-4,2026-07-02,אשרור פרוטוקול בדבר תיקונים להסכם ההובלה האווירית  בין ממשלת מדינת ישראל לבין ממשלת ארצות הברית של אמריקה,החלטת ממשלה (4302) שפורסמה באתר gov.il. הטקסט המלא בקישור המקור.,policy_document,regulation,direct,https://www.gov.il/he/departments/policies/dec4302-2026
act-decisions-sec-4-dec4303-2026,sec-4,2026-07-02,קביעת מקום מושב האגף הבכיר לפיתוח כלכלי-חברתי בחברה הבדואית בנגב,החלטת ממשלה (4303) שפורסמה באתר gov.il. הטקסט המלא בקישור המקור.,policy_document,,direct,https://www.gov.il/he/departments/policies/dec4303-2026
act-decisions-sec-4-dec4304-2026,sec-4,2026-07-02,מינוי חברות והארכת כהונה של חברים למועצה הישראלית לתרבות ולאומנות,החלטת ממשלה (4304) שפורסמה באתר gov.il. הטקסט המלא בקישור המקור.,policy_document,,direct,https://www.gov.il/he/departments/policies/dec4304-2026
act-decisions-sec-4-dec4305-2026,sec-4,2026-07-02,"הצעת חוק לתיקון פקודת בתי הסוהר (מס' 73) התשפ""ו-2026  של חה""כ גלית דיסטל אטבריאן ואחרים (פ/4134) - דיון נוסף לפני קריאה ראשונה",החלטת ממשלה (4305) שפורסמה באתר gov.il. הטקסט המלא בקישור המקור.,policy_document,,direct,https://www.gov.il/he/departments/policies/dec4305-2026
act-decisions-sec-4-dec4306-2026,sec-4,2026-07-02,"הצעת חוק אומנה לילדים (תיקון - מתן הסכמה לטיפול פסיכיאטרי), התשפ""ו-2026 של חה""כ מיכל מרים וולדיגר וקארין אלהרר (פ/6566)",החלטת ממשלה (4306) שפורסמה באתר gov.il. הטקסט המלא בקישור המקור.,policy_document,,direct,https://www.gov.il/he/departments/policies/dec4306-2026
act-decisions-sec-4-dec4307-2026,sec-4,2026-07-02,"הצעת חוק חזקת הסכמה לתרומת אברים (תיקוני חקיקה), התשפ""ג-2023 של חה""כ מרב מיכאלי (פ/2526)",החלטת ממשלה (4307) שפורסמה באתר gov.il. הטקסט המלא בקישור המקור.,policy_document,,direct,https://www.gov.il/he/departments/policies/dec4307-2026
act-decisions-sec-4-dec4308-2026,sec-4,2026-07-02,"הצעת חוק אספקת החשמל (הוראת שעה), התשפ""ו-2025 של חה""כ עפיף עבד (פ/6357)",החלטת ממשלה (4308) שפורסמה באתר gov.il. הטקסט המלא בקישור המקור.,policy_document,procurement,direct,https://www.gov.il/he/departments/policies/dec4308-2026
act-decisions-sec-4-dec4309-2026,sec-4,2026-07-02,"הצעת חוק התכנון והבנייה (תיקון - מכירה ישירה של תוצרת חקלאית), התשפ""ו-2025 של חה""כ קטי קטרין שטרית (פ/6202)",החלטת ממשלה (4309) שפורסמה באתר gov.il. הטקסט המלא בקישור המקור.,policy_document,,direct,https://www.gov.il/he/departments/policies/dec4309-2026
act-decisions-sec-4-dec4310-2026,sec-4,2026-07-02,"הצעת חוק התכנון והבנייה (תיקון - מכירה ישירה של תוצרת חקלאית), התשפ""ג-2023 של חה""כ ינון אזולאי (פ/3087)",החלטת ממשלה (4310) שפורסמה באתר gov.il. הטקסט המלא בקישור המקור.,policy_document,,direct,https://www.gov.il/he/departments/policies/dec4310-2026
act-decisions-sec-4-dec4311-2026,sec-4,2026-07-02,"הצעת חוק נציבות תלונות הציבור על מייצגי המדינה בערכאות (תיקון - עצמאות הנציב וייעול הליכי בירור תלונות), התשפ""ה-2025 של חה""כ שמחה רוטמן (פ/5965)",החלטת ממשלה (4311) שפורסמה באתר gov.il. הטקסט המלא בקישור המקור.,policy_document,,direct,https://www.gov.il/he/departments/policies/dec4311-2026
act-publications-health-fcs-337397326,health,2026-07-02,הוראת מנהלת מערך רגולציה לבדיקות יזומות מיוחדות של גז קצפות  מיובא לפי סעיף 86(ב)(2)  לחוק הגנה על בריאות הציבור (מזון) התשעו- מיום 02.07.2026,פרסום רשמי של משרד הבריאות באתר gov.il (נהלים והנחיות). התוכן המלא בקישור המקור.,government_page,health; regulation,direct,https://www.gov.il/he/departments/policies/fcs-337397326
act-publications-economy-dispute-settlement-cooperatives-procedure,economy,2026-06-30,נוהל בנושא : אופן הגשת בקשות למינוי בורר או השגה על פסק בורר למשרד רשמת האגודות השיתופיות,פרסום רשמי של משרד הכלכלה והתעשייה באתר gov.il (נהלים והנחיות). התוכן המלא בקישור המקור.,government_page,regulation,direct,https://www.gov.il/he/departments/policies/dispute-settlement-cooperatives-procedure
act-publications-environment-non_ferrous_metals,environment,2026-06-30,הנחיות סקטוריאליות לסקטור עיבוד מתכות לא ברזיליות ברישוי המשולב,פרסום רשמי של המשרד להגנת הסביבה באתר gov.il (נהלים והנחיות). התוכן המלא בקישור המקור.,government_page,regulation,direct,https://www.gov.il/he/departments/policies/non_ferrous_metals
act-publications-health-fcs-333614726,health,2026-06-30,"עדכון הנחיה מתאריך 17 ליולי 2022 (סימוכין 652646522) בנושא מזון חדש: lacto-N-tetraose (LNT) מיום ט""ו בתמוז התשפ""ו, 30 ליוני 2026",פרסום רשמי של משרד הבריאות באתר gov.il (נהלים והנחיות). התוכן המלא בקישור המקור.,government_page,,direct,https://www.gov.il/he/departments/policies/fcs-333614726
act-publications-health-fcs-333698126,health,2026-06-30,"עדכון הנחיה מתאריך 17 במרץ 2024 (סימוכין 87092824) בנושא מזון חדש: פוספטידיל סרין שמקורו מסויה מיום ט""ו בתמוז התשפ""ו, 30 ביוני 2026",פרסום רשמי של משרד הבריאות באתר gov.il (נהלים והנחיות). התוכן המלא בקישור המקור.,government_page,,direct,https://www.gov.il/he/departments/policies/fcs-333698126
act-publications-sec-5-inst-06-2026,sec-5,2026-06-30,"חוזר מס הכנסה מספר 06/2026 - רשות המסים החוק לצמצום השימוש במזומן, התשע""ח – 2018  תיקון חקיקה מספר 2 הגבלת מתן ו/או קבלת מזומן תמורת שטר",פרסום רשמי של רשות המסים בישראל באתר gov.il (חוזרים ונהלים). התוכן המלא בקישור המקור.,government_page,regulation,direct,https://www.gov.il/he/departments/policies/inst-06-2026
act-publications-transport-19-0095,transport,2026-06-30,הוראת רישום כללית מספר 19-0095,פרסום רשמי של משרד התחבורה והבטיחות בדרכים באתר gov.il (נהלים והנחיות). התוכן המלא בקישור המקור.,government_page,,direct,https://www.gov.il/he/departments/policies/19-0095
act-decisions-sec-4-dec4301-2026,sec-4,2026-06-29,הארכת ההכרזה על מצב מיוחד בעורף,החלטת ממשלה (4301) שפורסמה באתר gov.il. הטקסט המלא בקישור המקור.,policy_document,,direct,https://www.gov.il/he/departments/policies/dec4301-2026
act-publications-economy-dumping-inquiry-cannabis-26,economy,2026-06-29,חקירת יבוא בהיצף של תפרחות קנאביס רפואי מקנדה (2026),פרסום רשמי של משרד הכלכלה והתעשייה באתר gov.il (החלטות). התוכן המלא בקישור המקור.,government_page,,direct,https://www.gov.il/he/departments/policies/dumping-inquiry-cannabis-26
act-publications-sec-4-dec-4238-2026,sec-4,2026-06-29,תוכנית לפיתוח מרחבי במחוז הצפון לשנים 2026 - 2030,פרסום רשמי של משרד ראש הממשלה באתר gov.il (החלטות). התוכן המלא בקישור המקור.,government_page,,direct,https://www.gov.il/he/departments/policies/dec-4238-2026
act-publications-sec-4-dec290626,sec-4,2026-06-29,סיכום דיון בהשתתפות גורמי האכיפה מינואר 2026,פרסום רשמי של משרד ראש הממשלה באתר gov.il (החלטות). התוכן המלא בקישור המקור.,government_page,regulation,direct,https://www.gov.il/he/departments/policies/dec290626
act-decisions-sec-4-dec4282-2026,sec-4,2026-06-28,תוכנית לקידום החינוך היהודי בקהילות היהודיות בתפוצות,החלטת ממשלה (4282) שפורסמה באתר gov.il. הטקסט המלא בקישור המקור.,policy_document,regulation,direct,https://www.gov.il/he/departments/policies/dec4282-2026
act-decisions-sec-4-dec4284-2026,sec-4,2026-06-28,הכרה ברצח העם הארמני,החלטת ממשלה (4284) שפורסמה באתר gov.il. הטקסט המלא בקישור המקור.,policy_document,,direct,https://www.gov.il/he/departments/policies/dec4284-2026
act-decisions-sec-4-dec4285-2026,sec-4,2026-06-28,מינוי חברים למועצה לעניין הנצחת זכרם של נשיאי ישראל וראשי ממשלותיה,החלטת ממשלה (4285) שפורסמה באתר gov.il. הטקסט המלא בקישור המקור.,policy_document,,direct,https://www.gov.il/he/departments/policies/dec4285-2026
act-decisions-sec-4-dec4286-2026,sec-4,2026-06-28,"הכרזה על אזורי שיקום והתחדשות – רחובות, ערד, דימונה ותל אביב",החלטת ממשלה (4286) שפורסמה באתר gov.il. הטקסט המלא בקישור המקור.,policy_document,,direct,https://www.gov.il/he/departments/policies/dec4286-2026
act-decisions-sec-4-dec4287-2026,sec-4,2026-06-28,"הכרזה על מתחמים מועדפים לדיור - ברחובות, באשקלון, בשלומי וברכסים",החלטת ממשלה (4287) שפורסמה באתר gov.il. הטקסט המלא בקישור המקור.,policy_document,,direct,https://www.gov.il/he/departments/policies/dec4287-2026
act-decisions-sec-4-dec4288-2026,sec-4,2026-06-28,הכרזה על מתחם מועדף לדיור - כרמיאל  - מורדות הרכבת,החלטת ממשלה (4288) שפורסמה באתר gov.il. הטקסט המלא בקישור המקור.,policy_document,,direct,https://www.gov.il/he/departments/policies/dec4288-2026
act-decisions-sec-4-dec4289-2026,sec-4,2026-06-28,הכרזה על מתחם מועדף לדיור  –  באר שבע - נופי הנחל רובע מערבי,החלטת ממשלה (4289) שפורסמה באתר gov.il. הטקסט המלא בקישור המקור.,policy_document,,direct,https://www.gov.il/he/departments/policies/dec4289-2026
act-decisions-sec-4-dec4290-2026,sec-4,2026-06-28,הכרזה על מתחם מועדף לדיור – באר שבע נופי הנחל,החלטת ממשלה (4290) שפורסמה באתר gov.il. הטקסט המלא בקישור המקור.,policy_document,,direct,https://www.gov.il/he/departments/policies/dec4290-2026
act-decisions-sec-4-dec4291-2026,sec-4,2026-06-28,הכרזה על מתחם מועדף לדיור  –  בית שמש מתחם ט',החלטת ממשלה (4291) שפורסמה באתר gov.il. הטקסט המלא בקישור המקור.,policy_document,,direct,https://www.gov.il/he/departments/policies/dec4291-2026
act-decisions-sec-4-dec4292-2026,sec-4,2026-06-28,"תיקון הכרזה על מתחמים מועדפים לדיור - בטבריה, בקריית שמונה, ובנהרייה – תיקון החלטות ממשלה",החלטת ממשלה (4292) שפורסמה באתר gov.il. הטקסט המלא בקישור המקור.,policy_document,,direct,https://www.gov.il/he/departments/policies/dec4292-2026
act-decisions-sec-4-dec4293-2026,sec-4,2026-06-28,תיקון הכרזה על מתחם מועדף לדיור –כרמיאל צוף כמון - תיקון החלטת ממשלה,החלטת ממשלה (4293) שפורסמה באתר gov.il. הטקסט המלא בקישור המקור.,policy_document,regulation,direct,https://www.gov.il/he/departments/policies/dec4293-2026
act-decisions-sec-4-dec4294-2026,sec-4,2026-06-28,תיקון הכרזה על מתחם מועדף לדיור  –  אשקלון - מתחם ההסתדרות בן גוריון  – תיקון החלטת ממשלה,החלטת ממשלה (4294) שפורסמה באתר gov.il. הטקסט המלא בקישור המקור.,policy_document,,direct,https://www.gov.il/he/departments/policies/dec4294-2026
act-decisions-sec-4-dec4295-2026,sec-4,2026-06-28,תיקון הכרזה על מתחם מועדף לדיור – גדרה מערב - תיקון החלטת ממשלה,החלטת ממשלה (4295) שפורסמה באתר gov.il. הטקסט המלא בקישור המקור.,policy_document,,direct,https://www.gov.il/he/departments/policies/dec4295-2026
act-decisions-sec-4-dec4296-2026,sec-4,2026-06-28,"הסמכת ""חן תימורים אגודה שיתופית חקלאית בע""מ"" להכין תוכנית לתשתית לאומית למתקני טיפול בפסולת ולהגישה לוועדה הארצית לתכנון ולבנייה של תשתיות לאומיות",החלטת ממשלה (4296) שפורסמה באתר gov.il. הטקסט המלא בקישור המקור.,policy_document,education; environment; infrastructure,direct,https://www.gov.il/he/departments/policies/dec4296-2026
act-decisions-sec-4-dec4297-2026,sec-4,2026-06-28,תוכנית רב שנתית לחיזוק ופיתוח העיר אילת והמועצה האזורית חבל אילות ותיקון החלטות ממשלה,החלטת ממשלה (4297) · החלטות ממשלה שפורסמה באתר gov.il. הטקסט המלא בקישור המקור.,policy_document,,direct,https://www.gov.il/he/departments/policies/dec4297-2026
act-decisions-sec-4-dec4298-2026,sec-4,2026-06-28,"טיפול בתופעת סחיטה וגביית דמי חסות (תופעת ה""פרוטקשן"")",החלטת ממשלה (4298) שפורסמה באתר gov.il. הטקסט המלא בקישור המקור.,policy_document,,direct,https://www.gov.il/he/departments/policies/dec4298-2026
act-decisions-sec-4-dec4299-2026,sec-4,2026-06-28,סיוע לבעלי עסקים שרכושם נפגע כתוצאה מגביית דמי חסות,החלטת ממשלה (4299) שפורסמה באתר gov.il. הטקסט המלא בקישור המקור.,policy_document,,direct,https://www.gov.il/he/departments/policies/dec4299-2026
act-decisions-sec-4-dec4300-2026,sec-4,2026-06-28,חיזוק וביסוס חקלאות ישראל באמצעות צוות בין-משרדי לחיזוק החקלאות ותכנון קרקע חקלאית לטווח ארוך,החלטת ממשלה (4300) שפורסמה באתר gov.il. הטקסט המלא בקישור המקור.,policy_document,regulation,direct,https://www.gov.il/he/departments/policies/dec4300-2026
act-publications-environment-metalworking,environment,2026-06-28,הנחיות סקטוריאליות לסקטור עיבוד מתכות ברזיליות ברישוי המשולב,פרסום רשמי של המשרד להגנת הסביבה באתר gov.il (נהלים והנחיות). התוכן המלא בקישור המקור.,government_page,regulation,direct,https://www.gov.il/he/departments/policies/metalworking
act-publications-environment-paper-and-cardboard,environment,2026-06-28,הנחיות סקטוריאליות לסקטור ייצור בקנה מידה תעשייתי של נייר וקרטון,פרסום רשמי של המשרד להגנת הסביבה באתר gov.il (נהלים והנחיות). התוכן המלא בקישור המקור.,government_page,regulation,direct,https://www.gov.il/he/departments/policies/paper-and-cardboard
act-publications-sec-34-primia,sec-34,2026-06-28,החלטה 74408 - הכללת היישוב חריש ברשימת היישובים הזכאים לפרמיה אורבנית,פרסום רשמי של רשות החשמל באתר gov.il (החלטות). התוכן המלא בקישור המקור.,government_page,,direct,https://www.gov.il/he/departments/policies/primia
act-publications-sec-7-news28601,sec-7,2026-06-28,"הוראות השירות - פרק 1 - מערך ההוראות הפנימיות בשב""ס",פרסום רשמי של שירות בתי הסוהר באתר gov.il (פקודות והוראות). התוכן המלא בקישור המקור.,government_page,,direct,https://www.gov.il/he/departments/policies/news28601
act-publications-sec-7-news28603,sec-7,2026-06-28,הוראות השירות - פרק 3 - סדרי המנהל בשירות,פרסום רשמי של שירות בתי הסוהר באתר gov.il (פקודות והוראות). התוכן המלא בקישור המקור.,government_page,,direct,https://www.gov.il/he/departments/policies/news28603
act-publications-sec-7-news28604,sec-7,2026-06-28,"הוראות השירות - פרק 4 - הסוהרים - גיוס, משמעת ותנאי שירות",פרסום רשמי של שירות בתי הסוהר באתר gov.il (פקודות והוראות). התוכן המלא בקישור המקור.,government_page,,direct,https://www.gov.il/he/departments/policies/news28604
act-publications-sec-7-news28606,sec-7,2026-06-28,הוראות השירות - פרק 6 - עקרונות יסוד בהחזקת אסירים ופיקוח מחוץ לחומות,פרסום רשמי של שירות בתי הסוהר באתר gov.il (פקודות והוראות). התוכן המלא בקישור המקור.,government_page,,direct,https://www.gov.il/he/departments/policies/news28606
act-publications-sec-7-news28607,sec-7,2026-06-28,הוראות השירות - פרק 7 - השירות והמשרד לביטחון לאומי,פרסום רשמי של שירות בתי הסוהר באתר gov.il (פקודות והוראות). התוכן המלא בקישור המקור.,government_page,,direct,https://www.gov.il/he/departments/policies/news28607
act-decisions-sec-4-dec4268-2026,sec-4,2026-06-25,"טיוטת חוק לתיקון פקודת בתי הסוהר (הארכת הוראות שעה) (תיקוני חקיקה), התשפ""ו-2026",החלטת ממשלה (4268) שפורסמה באתר gov.il. הטקסט המלא בקישור המקור.,policy_document,,direct,https://www.gov.il/he/departments/policies/dec4268-2026
act-decisions-sec-4-dec4269-2026,sec-4,2026-06-25,"הצעת חוק הביטוח הלאומי (תיקון - תשלום קצבת שארים לעגונה ולמסורבי גט שהתאלמנו), התשפ""ה-2025 של חה""כ פנינה תמנו (פ/6096)",החלטת ממשלה (4269) שפורסמה באתר gov.il. הטקסט המלא בקישור המקור.,policy_document,,direct,https://www.gov.il/he/departments/policies/dec4269-2026
act-decisions-sec-4-dec4270-2026,sec-4,2026-06-25,"הצעת חוק התגמולים לנפגעי פעולות איבה (תיקון - הארכת מועד לתביעת גמלה והתקופה שבעדה תשולם), התשפ""ו-2026 של חה""כ יצחק פינדרוס (פ/6516)",החלטת ממשלה (4270) שפורסמה באתר gov.il. הטקסט המלא בקישור המקור.,policy_document,,direct,https://www.gov.il/he/departments/policies/dec4270-2026
act-decisions-sec-4-dec4271-2026,sec-4,2026-06-25,"הצעת חוק עובדים זרים (תיקון - זכאות להיתר להעסקת עובד זר בסיעוד ליחיד שמלאו לו 85 שנים),  התשפ""ו-2026 של חה""כ חוה אתי עטייה (פ/6722)",החלטת ממשלה (4271) שפורסמה באתר gov.il. הטקסט המלא בקישור המקור.,policy_document,,direct,https://www.gov.il/he/departments/policies/dec4271-2026
act-decisions-sec-4-dec4272-2026,sec-4,2026-06-25,"הצעת חוק להסדרת הביטחון בגופים ציבוריים (תיקון - אבטחה במוסדות להשכלה גבוהה), התשפ""ה-2025 של חה""כ גלית דיסטל אטבריאן (פ/5419)",החלטת ממשלה (4272) שפורסמה באתר gov.il. הטקסט המלא בקישור המקור.,policy_document,,direct,https://www.gov.il/he/departments/policies/dec4272-2026
act-decisions-sec-4-dec4273-2026,sec-4,2026-06-25,"הצעת חוק לתיקון פקודת העיריות (תקופת כהונה של יועץ משפטי), התשפ״ו-2026 של חה""כ מישל בוסקילה ואחרים (פ/6547)",החלטת ממשלה (4273) שפורסמה באתר gov.il. הטקסט המלא בקישור המקור.,policy_document,,direct,https://www.gov.il/he/departments/policies/dec4273-2026
act-decisions-sec-4-dec4274-2026,sec-4,2026-06-25,"הצעת חוק הבנקאות (שירות ללקוח) (תיקון - קורס חינוך פיננסי ללקוח בחריגה ממסגרת האשראי או בחריגה תזרימית), התשפ""ו-2026 של חה""כ נאור שירי (פ/6652)",החלטת ממשלה (4274) שפורסמה באתר gov.il. הטקסט המלא בקישור המקור.,policy_document,,direct,https://www.gov.il/he/departments/policies/dec4274-2026
act-decisions-sec-4-dec4275-2026,sec-4,2026-06-25,"הצעת חוק הסיוע המשפטי (תיקון - סיוע משפטי למטופל סיעודי), התשפ""ה-2025 של חה""כ חוה אתי עטייה (פ/5589)",החלטת ממשלה (4275) שפורסמה באתר gov.il. הטקסט המלא בקישור המקור.,policy_document,,direct,https://www.gov.il/he/departments/policies/dec4275-2026
act-decisions-sec-4-dec4276-2026,sec-4,2026-06-25,"הצעת חוק האזורים הימיים,  התשפ""ה-2024 של חה""כ אלון שוסטר (פ/5298)",החלטת ממשלה (4276) שפורסמה באתר gov.il. הטקסט המלא בקישור המקור.,policy_document,,direct,https://www.gov.il/he/departments/policies/dec4276-2026
act-decisions-sec-4-dec4279-2026,sec-4,2026-06-25,נסיעת נשיא המדינה לרומניה,החלטת ממשלה (4279) שפורסמה באתר gov.il. הטקסט המלא בקישור המקור.,policy_document,,direct,https://www.gov.il/he/departments/policies/dec4279-2026
act-decisions-sec-4-dec4280-2026,sec-4,2026-06-25,הארכת תקופת הסיוע בהסדרי נסיעה בתחבורה ציבורית,החלטת ממשלה (4280) שפורסמה באתר gov.il. הטקסט המלא בקישור המקור.,policy_document,public-transport,direct,https://www.gov.il/he/departments/policies/dec4280-2026
act-publications-sec-22-hoze25626,sec-22,2026-06-25,"חוזר מנכ""ל מאוחד תשפ""ו - 2026","פרסום רשמי של המשרד לשירותי דת באתר gov.il (חוזרים והוראות מנכ""ל). התוכן המלא בקישור המקור.",government_page,regulation,direct,https://www.gov.il/he/departments/policies/hoze25626
act-publications-sec-34-zminut,sec-34,2026-06-25,החלטה מס' 74409 – פרסום הליך תחרותי מס' 2 לרכישת תעודות זמינות על ידי מספקים וירטואליים ממנהל המערכת וקביעת מנגנון תמרוץ לשיוך צרכנים חדשים,פרסום רשמי של רשות החשמל באתר gov.il (החלטות). התוכן המלא בקישור המקור.,government_page,procurement,direct,https://www.gov.il/he/departments/policies/zminut
act-publications-sec-68-relief_ukraine_russia250626,sec-68,2026-06-25,הקלות מעודכנות לזכאי שבות נתיני אוקראינה - Оновлені полегшення для претендентів на повернення з України,פרסום רשמי של רשות האוכלוסין וההגירה באתר gov.il (חוזרים ונהלים). התוכן המלא בקישור המקור.,government_page,,direct,https://www.gov.il/he/departments/policies/relief_ukraine_russia250626
act-publications-sec-39-24062026,sec-39,2026-06-24,החלטת המועצה לשידורי כבלים ולשידורי לוויין מספר 2-2/2026  מיום 10.6.2026,פרסום רשמי של משרד התקשורת באתר gov.il (החלטות). התוכן המלא בקישור המקור.,government_page,,direct,https://www.gov.il/he/departments/policies/24062026
act-publications-sec-39-26062026_1,sec-39,2026-06-24,החלטת המועצה לשידורי כבלים ולשידורי לווין מספר 1-2/2026 מיום 10.06.2026,פרסום רשמי של משרד התקשורת באתר gov.il (החלטות). התוכן המלא בקישור המקור.,government_page,,direct,https://www.gov.il/he/departments/policies/26062026_1
act-publications-sec-4-miluim-agreement-15042026,sec-4,2026-06-23,הארכת הסכם קיבוצי - זכויות משרתי מילואים ובני בנות זוגם,פרסום רשמי של נציבות שירות המדינה באתר gov.il (הסכמים). התוכן המלא בקישור המקור.,government_page,,direct,https://www.gov.il/he/departments/policies/miluim-agreement-15042026
act-decisions-sec-4-dec4267-2026,sec-4,2026-06-22,העברת סמכויות הנתונות לפי חוק משר הפנים לראש הממשלה ולשר האוצר בנושאים דחופים,החלטת ממשלה (4267) שפורסמה באתר gov.il. הטקסט המלא בקישור המקור.,policy_document,,direct,https://www.gov.il/he/departments/policies/dec4267-2026
act-publications-sec-22-hozer22626,sec-22,2026-06-22,הודעה על רשימת הנהלים וההנחיות המבוטלים,"פרסום רשמי של המשרד לשירותי דת באתר gov.il (חוזרים והוראות מנכ""ל). התוכן המלא בקישור המקור.",government_page,,direct,https://www.gov.il/he/departments/policies/hozer22626
act-publications-sec-4-directive-18-2026,sec-4,2026-06-22,"עקרונות הסכם קיבוצי ""שאגת הארי"" מיום 03.05.2026","פרסום רשמי של נציבות שירות המדינה באתר gov.il (חוזרים והוראות מנכ""ל). התוכן המלא בקישור המקור.",government_page,,direct,https://www.gov.il/he/departments/policies/directive-18-2026
act-publications-sec-4-directive-19-2026,sec-4,2026-06-22,הוראות ביצוע בדבר הסכם קיבוצי כוננויות בתקופת חירום מיום 01.06.2026,"פרסום רשמי של נציבות שירות המדינה באתר gov.il (חוזרים והוראות מנכ""ל). התוכן המלא בקישור המקור.",government_page,emergency; regulation,direct,https://www.gov.il/he/departments/policies/directive-19-2026
act-publications-sec-5-inst-08-2026,sec-5,2026-06-22,הוראת ביצוע מס הכנסה מספר 08/2026 - ניתוב שלב א ושינויים בשידור דוחות ושומות יחידים וחברות לשנת המס 2025,פרסום רשמי של רשות המסים בישראל באתר gov.il (הוראות ביצוע). התוכן המלא בקישור המקור.,government_page,regulation,direct,https://www.gov.il/he/departments/policies/inst-08-2026
act-publications-sec-68-law-of-return-south-africa220626,sec-68,2026-06-22,זכאי שבות - דרום אפריקה,פרסום רשמי של רשות האוכלוסין וההגירה באתר gov.il (חוזרים ונהלים). התוכן המלא בקישור המקור.,government_page,,direct,https://www.gov.il/he/departments/policies/law-of-return-south-africa220626
act-publications-sec-68-nursing-institutions-foreign-workers-permits,sec-68,2026-06-22,פתיחת מועד להגשת בקשות להיתרים ולתוספת מכסה להעסקת עובדים זרים ככוח עזר במוסדות סיעוד ברישוי משרד הבריאות,פרסום רשמי של רשות האוכלוסין וההגירה באתר gov.il (חוזרים ונהלים). התוכן המלא בקישור המקור.,government_page,regulation,direct,https://www.gov.il/he/departments/policies/nursing-institutions-foreign-workers-permits
act-publications-sec-68-righteous-among-nations-israel,sec-68,2026-06-22,חסידי אומות עולם,פרסום רשמי של רשות האוכלוסין וההגירה באתר gov.il (חוזרים ונהלים). התוכן המלא בקישור המקור.,government_page,,direct,https://www.gov.il/he/departments/policies/righteous-among-nations-israel
act-decisions-sec-4-dec4266-2026,sec-4,2026-06-21,"הרשאות לפי חוק נכסי המדינה, התשי""א-1951 - לנושא משרה במשרד לשוויון חברתי וקידום מעמד האישה",החלטת ממשלה (4266) שפורסמה באתר gov.il. הטקסט המלא בקישור המקור.,policy_document,,direct,https://www.gov.il/he/departments/policies/dec4266-2026
act-decisions-sec-4-dec4313-2026,sec-4,2026-06-21,"טיוטת חוק יד יצחק בן-צבי (תיקון מס' 4), התשפ""ו-2026",החלטת ממשלה (4313) שפורסמה באתר gov.il. הטקסט המלא בקישור המקור.,policy_document,,direct,https://www.gov.il/he/departments/policies/dec4313-2026
act-publications-health-mr03-2026,health,2026-06-21,לא בתוקף  - קביעת מוות לבבי על אקמו,פרסום רשמי של משרד הבריאות באתר gov.il (חוזרים ונהלים). התוכן המלא בקישור המקור.,government_page,,direct,https://www.gov.il/he/departments/policies/mr03-2026
act-publications-health-precautions-for-treating-confirmed-suspected-ebola-patient,health,2026-06-21,התמגנות לטיפול בחולה מאומת / חשוד לאבולה (סדר פעולות),פרסום רשמי של משרד הבריאות באתר gov.il (נהלים והנחיות). התוכן המלא בקישור המקור.,government_page,,direct,https://www.gov.il/he/departments/policies/precautions-for-treating-confirmed-suspected-ebola-patient
act-publications-health-removing-protective-clothing-ebola-relief,health,2026-06-21,הסרת המיגון לאחר טיפול בחולה מאומת / חשוד באבולה (סדר פעולות לצוות מטפל ומסייע),פרסום רשמי של משרד הבריאות באתר gov.il (נהלים והנחיות). התוכן המלא בקישור המקור.,government_page,emergency; regulation,direct,https://www.gov.il/he/departments/policies/removing-protective-clothing-ebola-relief
act-publications-health-removing-protective-clothing-ebola-relief-team,health,2026-06-21,הסרת בגדי המיגון לצוות מסייע במתאר אבולה,פרסום רשמי של משרד הבריאות באתר gov.il (נהלים והנחיות). התוכן המלא בקישור המקור.,government_page,emergency; regulation,direct,https://www.gov.il/he/departments/policies/removing-protective-clothing-ebola-relief-team
act-decisions-sec-4-dec4257-2026,sec-4,2026-06-18,"הצעת חוק לתיקון פקודת התעבורה (אי-חידוש רישיון רכב), התשפ""ה-2025 של חה""כ אימאן ח'טיב יאסין (פ/5550)",החלטת ממשלה (4257) · החלטות ממשלה שפורסמה באתר gov.il. הטקסט המלא בקישור המקור.,policy_document,,direct,https://www.gov.il/he/departments/policies/dec4257-2026
act-decisions-sec-4-dec4258-2026,sec-4,2026-06-18,"הצעת חוק-יסוד: לימוד תורה של חה""כ משה גפני ואחרים (פ/1540)",החלטת ממשלה (4258) · החלטות ממשלה שפורסמה באתר gov.il. הטקסט המלא בקישור המקור.,policy_document,,direct,https://www.gov.il/he/departments/policies/dec4258-2026
act-decisions-sec-4-dec4259-2026,sec-4,2026-06-18,"הצעת חוק-יסוד: לימוד תורה של חה""כ אריה מכלוף דרעי ואחרים (פ/6761)",החלטת ממשלה (4259) · החלטות ממשלה שפורסמה באתר gov.il. הטקסט המלא בקישור המקור.,policy_document,,direct,https://www.gov.il/he/departments/policies/dec4259-2026
act-decisions-sec-4-dec4260-2026,sec-4,2026-06-18,"הצעת חוק המרכז למורשת יהדות תימן, התשפ""ג-2023 של חה""כ יונתן מישרקי (פ/3358)",החלטת ממשלה (4260) · החלטות ממשלה שפורסמה באתר gov.il. הטקסט המלא בקישור המקור.,policy_document,,direct,https://www.gov.il/he/departments/policies/dec4260-2026
act-decisions-sec-4-dec4261-2026,sec-4,2026-06-18,"הצעת חוק לקידום ולפיתוח העדה הדרוזית בישראל (תיקוני חקיקה), התשפ""ו-2026 של חה""כ אכרם חסון (פ/6577)",החלטת ממשלה (4261) שפורסמה באתר gov.il. הטקסט המלא בקישור המקור.,policy_document,,direct,https://www.gov.il/he/departments/policies/dec4261-2026
act-decisions-sec-4-dec4262-2026,sec-4,2026-06-18,"הצעת חוק מס ערך מוסף (תיקון - מס בשיעור אפס על ספרי לימוד וחומרי לימוד), התשפ""ו-2025 של חה""כ סמיר בן סעיד (פ/6409)",החלטת ממשלה (4262) · החלטות ממשלה שפורסמה באתר gov.il. הטקסט המלא בקישור המקור.,policy_document,,direct,https://www.gov.il/he/departments/policies/dec4262-2026
act-decisions-sec-4-dec4263-2026,sec-4,2026-06-18,"הצעת חוק נציבות תלונות הציבור על מייצגי המדינה בערכאות (תיקון - הסדרת מעמד הנציבות כגוף ביקורת עצמאי), התשפ""ג-2022 של חה""כ עמית הלוי (פ/911)",החלטת ממשלה (4263) · החלטות ממשלה שפורסמה באתר gov.il. הטקסט המלא בקישור המקור.,policy_document,,direct,https://www.gov.il/he/departments/policies/dec4263-2026
act-decisions-sec-4-dec4264-2026,sec-4,2026-06-18,"הצעת חוק בתי המשפט (תיקון - חוות דעת פסיכיאטר לעניין איסור פרסומים), התשפ""ו-2026 של חה""כ עדי עזוז (פ/6707)",החלטת ממשלה (4264) שפורסמה באתר gov.il. הטקסט המלא בקישור המקור.,policy_document,,direct,https://www.gov.il/he/departments/policies/dec4264-2026
act-decisions-sec-4-dec4265-2026,sec-4,2026-06-18,"טיוטת חוק חדלות פירעון ושיקום כלכלי (תיקון מס' 10) (הליכי חדלות פירעון לגבי יחיד בעל חובות בסכום נמוך), התשפ""ו-2026",החלטת ממשלה (4265) שפורסמה באתר gov.il. הטקסט המלא בקישור המקור.,policy_document,,direct,https://www.gov.il/he/departments/policies/dec4265-2026
act-publications-transport-public-and-stakeholder-participation,transport,2026-06-18,מדריך לשיתוף ציבור ובעלי עניין בתכנון תחבורה ציבורית,פרסום רשמי של הרשות הארצית לתחבורה ציבורית באתר gov.il (נהלים והנחיות). התוכן המלא בקישור המקור.,government_page,public-transport,direct,https://www.gov.il/he/departments/policies/public-and-stakeholder-participation
act-decisions-sec-4-dec4247-2026,sec-4,2026-06-16,"טיוטת חוק כליאתם של לוחמים בלתי חוקיים (תיקון מס' 4 והוראת שעה – חרבות ברזל)(תיקון מס' 8), התשפ""ו-2026 - אישור החלטת ועדת השרים לענייני חקיקה",החלטת ממשלה (4247) · החלטות ממשלה שפורסמה באתר gov.il. הטקסט המלא בקישור המקור.,policy_document,,direct,https://www.gov.il/he/departments/policies/dec4247-2026
act-decisions-sec-4-dec4248-2026,sec-4,2026-06-16,הארכת ההכרזה על מצב מיוחד בעורף,החלטת ממשלה (4248) · החלטות ממשלה שפורסמה באתר gov.il. הטקסט המלא בקישור המקור.,policy_document,,direct,https://www.gov.il/he/departments/policies/dec4248-2026
act-decisions-sec-4-dec4250-2026,sec-4,2026-06-16,תמיכה בתחזוקת מקומות הקדושים ליהודים בישראל המאופיינים במסת מבקרים גבוהה,החלטת ממשלה (4250) · החלטות ממשלה שפורסמה באתר gov.il. הטקסט המלא בקישור המקור.,policy_document,grants,direct,https://www.gov.il/he/departments/policies/dec4250-2026
act-decisions-sec-4-dec4251-2026,sec-4,2026-06-16,"תקצוב שיפוץ, שימור ושדרוג מבני דת בירושלים",החלטת ממשלה (4251) · החלטות ממשלה שפורסמה באתר gov.il. הטקסט המלא בקישור המקור.,policy_document,regulation,direct,https://www.gov.il/he/departments/policies/dec4251-2026
act-decisions-sec-4-dec4253-2026,sec-4,2026-06-16,"מתן שם  לכביש 60 – דרך התנ""ך – פיתוחו ומיצובו",החלטת ממשלה (4253) · החלטות ממשלה שפורסמה באתר gov.il. הטקסט המלא בקישור המקור.,policy_document,infrastructure; regulation,direct,https://www.gov.il/he/departments/policies/dec4253-2026
act-decisions-sec-4-dec4254-2026,sec-4,2026-06-16,המשך תגבור מערכת הבריאות בישראל באמצעות הבאת רופאים זכאי שבות,החלטת ממשלה (4254) · החלטות ממשלה שפורסמה באתר gov.il. הטקסט המלא בקישור המקור.,policy_document,,direct,https://www.gov.il/he/departments/policies/dec4254-2026
act-decisions-sec-4-dec4255-2026,sec-4,2026-06-16,האצת בינה מלאכותית בישראל וביסוס מובילות עולמית - עקרונות אסטרטגיים וכיווני פעולה ותיקון החלטת ממשלה,החלטת ממשלה (4255) · החלטות ממשלה שפורסמה באתר gov.il. הטקסט המלא בקישור המקור.,policy_document,,direct,https://www.gov.il/he/departments/policies/dec4255-2026
act-decisions-sec-4-dec4525-2026,sec-4,2026-06-16,מינוי בשירות החוץ,החלטת ממשלה (4252) · החלטות ממשלה שפורסמה באתר gov.il. הטקסט המלא בקישור המקור.,policy_document,,direct,https://www.gov.il/he/departments/policies/dec4525-2026
act-publications-sec-4-dec-4111-160626,sec-4,2026-06-16,תוכנית חומש לשדרוג תשתיות ולעידוד ביקורים ברחבת הכותל המערבי 2031-2027,פרסום רשמי של משרד ראש הממשלה באתר gov.il (החלטות). התוכן המלא בקישור המקור.,government_page,,direct,https://www.gov.il/he/departments/policies/dec-4111-160626
act-publications-sec-4-dec-4193-162626,sec-4,2026-06-16,"תוכנית למתן מעני מיגון מהירים ליישובים בטווח 9-0 ק""מ מגבול הצפון",פרסום רשמי של משרד ראש הממשלה באתר gov.il (החלטות). התוכן המלא בקישור המקור.,government_page,emergency,direct,https://www.gov.il/he/departments/policies/dec-4193-162626
act-publications-sec-4-dec-4195-160626,sec-4,2026-06-16,"תוכנית להשלמה ולהאצה של המיגון ביישובים בטווח 9-0 ק""מ מגבול לבנון",פרסום רשמי של משרד ראש הממשלה באתר gov.il (החלטות). התוכן המלא בקישור המקור.,government_page,emergency,direct,https://www.gov.il/he/departments/policies/dec-4195-160626
act-publications-sec-4-dec4110-160626,sec-4,2026-06-16,החלטת ממשלה 4110 - הגדלת המסגרת התקציבית של תוכנית החומש לשדרוג תשתיות ולעידוד ביקורים ברחבת הכותל המערבי ותיקון החלטת ממשלה,פרסום רשמי של משרד ראש הממשלה באתר gov.il (החלטות). התוכן המלא בקישור המקור.,government_page,,direct,https://www.gov.il/he/departments/policies/dec4110-160626
act-publications-sec-68-foreign-workers-industrial,sec-68,2026-06-16,עדכון בנוגע לחובת הפקדת פיקדון בגין העסקת עובדים זרים בענף התעשייה החל מ- 1/1/2026,"פרסום רשמי של רשות האוכלוסין וההגירה באתר gov.il (חוזרים והוראות מנכ""ל). התוכן המלא בקישור המקור.",government_page,,direct,https://www.gov.il/he/departments/policies/foreign-workers-industrial
act-publications-health-emg-303779526,health,2026-06-15,נוהל ראשוני להיערכות מערכת הבריאות להתמודדות עם תחלואה או חשד לתחלואה באבולה,פרסום רשמי של משרד הבריאות באתר gov.il (נהלים והנחיות). התוכן המלא בקישור המקור.,government_page,emergency; regulation,direct,https://www.gov.il/he/departments/policies/emg-303779526
act-publications-health-fcs-304778726,health,2026-06-15,הנחיה בנושא מזון חדש: DM31 sweet protein (Sweelin®) המיוצר באמצעות השמר Komagataella phaffi,פרסום רשמי של משרד הבריאות באתר gov.il (נהלים והנחיות). התוכן המלא בקישור המקור.,government_page,,direct,https://www.gov.il/he/departments/policies/fcs-304778726
act-decisions-sec-4-dec-260b,sec-4,2026-06-14,מימוש החלטות הקבינט המדיני-ביטחוני על הקמת יישובים במרחב הכפרי ביהודה ושומרון - אתרים זמניים,החלטת ממשלה (ב/260) · החלטות ממשלה שפורסמה באתר gov.il. הטקסט המלא בקישור המקור.,policy_document,,direct,https://www.gov.il/he/departments/policies/dec-260b
act-publications-sec-34-74301,sec-34,2026-06-14,החלטה מס'  74301  – קביעת תעריף עבור אספקת אנרגיה ריאקטיבית  ממתקני ייצור  באנרגיה מתחדשת סולארית בשעות ללא ייצור אקטיבי,פרסום רשמי של רשות החשמל באתר gov.il (החלטות). התוכן המלא בקישור המקור.,government_page,procurement; regulation,direct,https://www.gov.il/he/departments/policies/74301
act-publications-sec-34-74302,sec-34,2026-06-14,"החלטה מס'   74302- מתן אפשרות לזוכים בהליך תחרותי מס' 1 לקביעת תעריף זמינות למתקני אגירה המתחברים או המשתלבים ברשת המתח העליון לשאת בעלות הטמנה וכן קביעת עלות חיבור שתושת על מתקן אגירה ""נאות סמדר""",פרסום רשמי של רשות החשמל באתר gov.il (החלטות). התוכן המלא בקישור המקור.,government_page,workforce,direct,https://www.gov.il/he/departments/policies/74302
act-publications-sec-7-news146,sec-7,2026-06-14,הוראת שעה: צמצום פעילויות שגרה בעת מלחמה - הארכה מס' 42,פרסום רשמי של שירות בתי הסוהר באתר gov.il (פקודות והוראות). התוכן המלא בקישור המקור.,government_page,emergency; regulation,direct,https://www.gov.il/he/departments/policies/news146
act-decisions-sec-4-dec4236-2026,sec-4,2026-06-12,מינוי חברה מקרב הציבור בוועדה המוניטרית בבנק ישראל,החלטת ממשלה (4236) · החלטות ממשלה שפורסמה באתר gov.il. הטקסט המלא בקישור המקור.,policy_document,,direct,https://www.gov.il/he/departments/policies/dec4236-2026
act-decisions-sec-4-dec4218-2026,sec-4,2026-06-11,"הצעת חוק נכסי המדינה (תיקון - הרשאת שימוש לשם הקמת מיתקני שידור לתקשורת בשיטה התאית), התשפ""ו-2025 של חה""כ יוסף טייב (פ/6410)",החלטת ממשלה (4218) · החלטות ממשלה שפורסמה באתר gov.il. הטקסט המלא בקישור המקור.,policy_document,,direct,https://www.gov.il/he/departments/policies/dec4218-2026
act-decisions-sec-4-dec4219-2026,sec-4,2026-06-11,"הצעת חוק השידור הציבורי הישראלי (תיקון - תקציב תאגיד השידור הישראלי), התשפ""ד-2024 של חה""כ אביחי אברהם בוארון (פ/4736)",החלטת ממשלה (4219) · החלטות ממשלה שפורסמה באתר gov.il. הטקסט המלא בקישור המקור.,policy_document,,direct,https://www.gov.il/he/departments/policies/dec4219-2026
act-decisions-sec-4-dec4220-2026,sec-4,2026-06-11,"הצעת חוק לתיקון פקודת התעבורה (אכיפת עבירות תעבורה על ידי רשויות מקומיות),  התשפ""ו-2026 של חה""כ יעל רון בן משה (פ/6688)",החלטת ממשלה (4220) · החלטות ממשלה שפורסמה באתר gov.il. הטקסט המלא בקישור המקור.,policy_document,local-authorities,direct,https://www.gov.il/he/departments/policies/dec4220-2026
act-decisions-sec-4-dec4221-2026,sec-4,2026-06-11,"הצעת חוק הטיס (תיקון - פיקוח על מכירה ורכישה של רחפנים בעלי יכולת נשיאה), התשפ""ו-2026 של חה""כ רם בן ברק ומישל בוסקילה (פ/6635)",החלטת ממשלה (4221) · החלטות ממשלה שפורסמה באתר gov.il. הטקסט המלא בקישור המקור.,policy_document,,direct,https://www.gov.il/he/departments/policies/dec4221-2026
act-decisions-sec-4-dec4222-2026,sec-4,2026-06-11,"הצעת חוק מניעת רעש בלתי סביר של המואזין, התשפ״ו-2025 של חה""כ צביקה פוגל (פ/6392)",החלטת ממשלה (4222) · החלטות ממשלה שפורסמה באתר gov.il. הטקסט המלא בקישור המקור.,policy_document,,direct,https://www.gov.il/he/departments/policies/dec4222-2026
act-decisions-sec-4-dec4223-2026,sec-4,2026-06-11,"הצעת חוק המרכז למורשת יהדות קווקז, תשפ""ד-2024 של חה""כ חנוך דב מלביצקי (פ/4857)",החלטת ממשלה (4223) · החלטות ממשלה שפורסמה באתר gov.il. הטקסט המלא בקישור המקור.,policy_document,,direct,https://www.gov.il/he/departments/policies/dec4223-2026
act-decisions-sec-4-dec4224-2026,sec-4,2026-06-11,"הצעת חוק המועצה להנצחת מורשת יהדות איראן והמדינות הסמוכות, התשפ""ו-2025 של חה""כ גלית דיסטל אטבריאן ואחרים (פ/6275)",החלטת ממשלה (4224) · החלטות ממשלה שפורסמה באתר gov.il. הטקסט המלא בקישור המקור.,policy_document,,direct,https://www.gov.il/he/departments/policies/dec4224-2026
act-decisions-sec-4-dec4225-2026,sec-4,2026-06-11,"הצעת חוק להנצחת זכרו של רבי נחמן מברסלב, התשפ""ו-2026 של חה""כ אליהו רביבו (פ/6580)",החלטת ממשלה (4225) · החלטות ממשלה שפורסמה באתר gov.il. הטקסט המלא בקישור המקור.,policy_document,,direct,https://www.gov.il/he/departments/policies/dec4225-2026
act-decisions-sec-4-dec4226-2026,sec-4,2026-06-11,"הצעת חוק זכויות הסטודנט (תיקון מס'), התשפ""ו-2026 (ה""ח הכנסת מס' 1121) - דיון נוסף לפני קריאה שנייה ושלישית",החלטת ממשלה (4226) · החלטות ממשלה שפורסמה באתר gov.il. הטקסט המלא בקישור המקור.,policy_document,,direct,https://www.gov.il/he/departments/policies/dec4226-2026
act-decisions-sec-4-dec4227-2026,sec-4,2026-06-11,"הצעת חוק זכויות אחים מטפלים בנכי צה""ל (תיקוני חקיקה), התשפ""ה-2025 של חה""כ ניסים ואטורי (פ/5543)",החלטת ממשלה (4227) · החלטות ממשלה שפורסמה באתר gov.il. הטקסט המלא בקישור המקור.,policy_document,,direct,https://www.gov.il/he/departments/policies/dec4227-2026
act-decisions-sec-4-dec4228-2026,sec-4,2026-06-11,"הצעת חוק העדפה מתקנת למשרתים בשירות צבאי או לאומי, התשפ""ו-2025 של חה""כ משה סעדה (פ/6318)",החלטת ממשלה (4228) · החלטות ממשלה שפורסמה באתר gov.il. הטקסט המלא בקישור המקור.,policy_document,,direct,https://www.gov.il/he/departments/policies/dec4228-2026
act-decisions-sec-4-dec4229-2026,sec-4,2026-06-11,"הצעת חוק פינוי ובינוי של אזורי שיקום (הוראת שעה - כפר שלם), התשפ""ו-2026  של חה""כ חוה אתי עטייה (פ/6723)",החלטת ממשלה (4229) · החלטות ממשלה שפורסמה באתר gov.il. הטקסט המלא בקישור המקור.,policy_document,emergency,direct,https://www.gov.il/he/departments/policies/dec4229-2026
act-decisions-sec-4-dec4230-2026,sec-4,2026-06-11,"הצעת חוק-יסוד: הכנסת (תיקון - הצהרת האמונים של חברי הכנסת) של חה""כ אושר שקלים (פ/6638)",החלטת ממשלה (4230) · החלטות ממשלה שפורסמה באתר gov.il. הטקסט המלא בקישור המקור.,policy_document,,direct,https://www.gov.il/he/departments/policies/dec4230-2026
act-decisions-sec-4-dec4231-2026,sec-4,2026-06-11,"הצעת חוק העונשין (תיקון - ביטול עבירת המטרד על ידי עיסוק בזנות), התשפ""ה-2025 של חה""כ מרב מיכאלי (פ/5946)",החלטת ממשלה (4231) · החלטות ממשלה שפורסמה באתר gov.il. הטקסט המלא בקישור המקור.,policy_document,,direct,https://www.gov.il/he/departments/policies/dec4231-2026
act-decisions-sec-4-dec4232-2026,sec-4,2026-06-11,"הצעת חוק סדר הדין הפלילי (סמכויות אכיפה - מעצרים) (תיקון - משך מעצר מרבי ועילות מעצר), התשפ""ו-2026 של חה""כ ינון אזולאי (פ/6438)",החלטת ממשלה (4232) · החלטות ממשלה שפורסמה באתר gov.il. הטקסט המלא בקישור המקור.,policy_document,regulation,direct,https://www.gov.il/he/departments/policies/dec4232-2026
act-decisions-sec-4-dec4233-2026,sec-4,2026-06-11,"הצעת חוק הגנת הפרטיות (תיקון - מניעת פרסום פרטיו של אדם שנהרג או נפגע ברבים בטרם נמסרה הודעה למשפחה), התשפ""ג-2022 של חה""כ ינון אזולאי (פ/618)",החלטת ממשלה (4233) · החלטות ממשלה שפורסמה באתר gov.il. הטקסט המלא בקישור המקור.,policy_document,,direct,https://www.gov.il/he/departments/policies/dec4233-2026
act-decisions-sec-4-dec4234-2026,sec-4,2026-06-11,"הצעת חוק זכויות נפגעי עבירה (תיקון - התרת פרסום שמו של פוגע), התשפ""ו-2026 של חה""כ מירב בן ארי ויעקב מרגי (פ/6593)",החלטת ממשלה (4234) · החלטות ממשלה שפורסמה באתר gov.il. הטקסט המלא בקישור המקור.,policy_document,,direct,https://www.gov.il/he/departments/policies/dec4234-2026
act-decisions-sec-4-dec4235-2026,sec-4,2026-06-11,"הצעת חוק זכויות נפגעי עבירה (תיקון - העברת ערכות דגימה), התשפ""ה-2025 של חה""כ שמחה רוטמן ואחרים (פ/5970)",החלטת ממשלה (4235) · החלטות ממשלה שפורסמה באתר gov.il. הטקסט המלא בקישור המקור.,policy_document,,direct,https://www.gov.il/he/departments/policies/dec4235-2026
act-decisions-sec-4-dec4238-2026,sec-4,2026-06-11,תוכנית לפיתוח מרחבי במחוז הצפון לשנים 2026 - 2030,החלטת ממשלה · החלטות ממשלה שפורסמה באתר gov.il. הטקסט המלא בקישור המקור.,policy_document,,direct,https://www.gov.il/he/departments/policies/dec4238-2026
act-decisions-sec-4-dec4239-2026,sec-4,2026-06-11,תוכנית לאומית לצמצום זיהום אוויר וריח באזור אשדוד,החלטת ממשלה (4239) · החלטות ממשלה שפורסמה באתר gov.il. הטקסט המלא בקישור המקור.,policy_document,environment; regulation,direct,https://www.gov.il/he/departments/policies/dec4239-2026
act-decisions-sec-4-dec4240-2026,sec-4,2026-06-11,"התוכנית הלאומית במערכת החינוך לקיץ תשפ""ו ותיקון החלטת ממשלה",החלטת ממשלה (4240) · החלטות ממשלה שפורסמה באתר gov.il. הטקסט המלא בקישור המקור.,policy_document,,direct,https://www.gov.il/he/departments/policies/dec4240-2026
act-decisions-sec-4-dec4241-2026,sec-4,2026-06-11,חיזוק החינוך הבלתי פורמאלי ותיקון החלטת ממשלה,החלטת ממשלה (4241) · החלטות ממשלה שפורסמה באתר gov.il. הטקסט המלא בקישור המקור.,policy_document,,direct,https://www.gov.il/he/departments/policies/dec4241-2026
act-decisions-sec-4-dec4242-2026,sec-4,2026-06-11,"תוכנית לחיזוק החוסן של יישובי הטווח המכונה 0 - 9   ק""מ להתמודדות עם האיום הביטחוני הנובע מהתמשכות המערכה ותיקון החלטת ממשלה",החלטת ממשלה (4242) · החלטות ממשלה שפורסמה באתר gov.il. הטקסט המלא בקישור המקור.,policy_document,emergency,direct,https://www.gov.il/he/departments/policies/dec4242-2026
act-decisions-sec-4-dec4243-2026,sec-4,2026-06-11,"תמיכה תקציבית בהפעלת הגנים הבוטניים בישראל לאור מלחמת ""תקומה""",החלטת ממשלה (4243) · החלטות ממשלה שפורסמה באתר gov.il. הטקסט המלא בקישור המקור.,policy_document,grants,direct,https://www.gov.il/he/departments/policies/dec4243-2026
act-decisions-sec-4-dec4244-2026,sec-4,2026-06-11,תוכנית לאומית לחידוש ושדרוג מוזיאוני המחתרות לציון 80 שנה להקמת תנועת המרי העברי ותיקון החלטת הממשלה,החלטת ממשלה (4244) · החלטות ממשלה שפורסמה באתר gov.il. הטקסט המלא בקישור המקור.,policy_document,,direct,https://www.gov.il/he/departments/policies/dec4244-2026
act-decisions-sec-4-dec4245-2026,sec-4,2026-06-11,"הסמכת ""קבוצת דוראל משאבי אנרגיה מתחדשת"" להכין תוכנית לתשתית לאומית לפרויקט אגרו וולטאי ולהגישה לוועדה הארצית לתכנון ולבנייה של תשתיות לאומיות",החלטת ממשלה (4245) · החלטות ממשלה שפורסמה באתר gov.il. הטקסט המלא בקישור המקור.,policy_document,infrastructure,direct,https://www.gov.il/he/departments/policies/dec4245-2026
act-publications-health-fcs-297624726,health,2026-06-11,"הוראת מנהלת מערך רגולציה לבדיקות יזומות מיוחדות של מזון מיובא לפי סעיף 86(ב)(2) לחוק הגנה על בריאות הציבור (מזון) התשע""ו - מיום 09.06.2026",פרסום רשמי של משרד הבריאות באתר gov.il (נהלים והנחיות). התוכן המלא בקישור המקור.,government_page,health; regulation,direct,https://www.gov.il/he/departments/policies/fcs-297624726
act-publications-sec-37-hozer-mankal-032026,sec-37,2026-06-11,"חוזר מנכ""ל 03/2026: מבחנים לחלוקת כספים לפעולות שיווק של אירועים תיירותיים לשנת 2026","פרסום רשמי של משרד התיירות באתר gov.il (חוזרים והוראות מנכ""ל). התוכן המלא בקישור המקור.",government_page,regulation,direct,https://www.gov.il/he/departments/policies/hozer-mankal-032026
act-publications-sec-37-hozer-mankal-042026,sec-37,2026-06-11,"חוזר מנכ""ל 04/2026: נוהל השתתפות משרד התיירות בפעולות שיווק לעידוד תיירות הפנים לשנת 2026","פרסום רשמי של משרד התיירות באתר gov.il (חוזרים והוראות מנכ""ל). התוכן המלא בקישור המקור.",government_page,regulation,direct,https://www.gov.il/he/departments/policies/hozer-mankal-042026
act-publications-sec-37-hozer-mankal-052026,sec-37,2026-06-11,"חוזר מנכ""ל 05/2026: נוהל השתתפות משרד התיירות בפעולות שיווק תיירות במסגרת החלטת ממשלה 3304 לשנת 2026","פרסום רשמי של משרד התיירות באתר gov.il (חוזרים והוראות מנכ""ל). התוכן המלא בקישור המקור.",government_page,regulation,direct,https://www.gov.il/he/departments/policies/hozer-mankal-052026
act-publications-health-nd259-2026,health,2026-06-10,סמכות לאחיות ואחים מוסמכים להחלטה על טיפול ב LAT GEL לצורך שיכוך כאבים בפציעות במחלקה / יחידה לרפואה דחופה מבוגרים וילדים באשפוז ובקהילה,פרסום רשמי של משרד הבריאות באתר gov.il (חוזרים ונהלים). התוכן המלא בקישור המקור.,government_page,regulation,direct,https://www.gov.il/he/departments/policies/nd259-2026
act-publications-sec-23-molsa-executive-circulars-001-2026,sec-23,2026-06-10,סייעות שילוב במעונות יום לפעוטות,"פרסום רשמי של משרד הרווחה והביטחון החברתי באתר gov.il (חוזרים והוראות מנכ""ל). התוכן המלא בקישור המקור.",government_page,,direct,https://www.gov.il/he/departments/policies/molsa-executive-circulars-001-2026
act-publications-sec-4-directive-17-2026,sec-4,2026-06-10,נוהל סבסוד קייטנות ומסגרות קיץ לילדי עובדי שירות המדינה 2026,"פרסום רשמי של נציבות שירות המדינה באתר gov.il (חוזרים והוראות מנכ""ל). התוכן המלא בקישור המקור.",government_page,regulation,direct,https://www.gov.il/he/departments/policies/directive-17-2026
act-publications-environment-radioactive_materials_june-09,environment,2026-06-09,הנחיות הממונה על הקרינה הסביבתית לעוסקים בחומרים רדיואקטיביים,פרסום רשמי של המשרד להגנת הסביבה באתר gov.il (נהלים כלליים). התוכן המלא בקישור המקור.,government_page,,direct,https://www.gov.il/he/departments/policies/radioactive_materials_june-09
act-publications-sec-5-inst-090626-1,sec-5,2026-06-09,הוראת ביצוע – מענקים למשרתי מילואים – מסמך משלים למתווה שני,פרסום רשמי של רשות המסים בישראל באתר gov.il (הוראות ביצוע). התוכן המלא בקישור המקור.,government_page,grants; regulation,direct,https://www.gov.il/he/departments/policies/inst-090626-1
act-publications-sec-68-foreign-parent-registration,sec-68,2026-06-09,"טיפול בבקשות לרישום הורה נוסף רישומי  לקטינים שנולדו מחוץ לישראל על סמך תעודות ציבוריות מחו""ל רישום סטטיסטי ללא תוקף משפטי בהתאם לפסיקות בג""ץ",פרסום רשמי של רשות האוכלוסין וההגירה באתר gov.il (נהלים והנחיות). התוכן המלא בקישור המקור.,government_page,,direct,https://www.gov.il/he/departments/policies/foreign-parent-registration
act-publications-economy-economy-dgi-instructions-04-88,economy,2026-06-08,"הוראת מנכ""ל 4.88 - תכנית סיוע להקמה הרחבה או שיפוץ מבנים להשכרה להיי-טק ולשירותים בתחום ההיי-טק באשכול גליל מערבי ובאשכול גליל מזרחי","פרסום רשמי של משרד הכלכלה והתעשייה באתר gov.il (חוזרים והוראות מנכ""ל). התוכן המלא בקישור המקור.",government_page,,direct,https://www.gov.il/he/departments/policies/economy-dgi-instructions-04-88
act-publications-environment-radioactive_materials_june-07,environment,2026-06-08,הנחיות הממונה על הקרינה הסביבתית לעוסקים בחומרים רדיואקטיביים,פרסום רשמי של המשרד להגנת הסביבה באתר gov.il (נהלים כלליים). התוכן המלא בקישור המקור.,government_page,,direct,https://www.gov.il/he/departments/policies/radioactive_materials_june-07
act-publications-sec-34-74201,sec-34,2026-06-08,"החלטה מס' 74201– מתן רישיון מס'  01657425  לנגב אנרגיה פי וי בע""מ",פרסום רשמי של רשות החשמל באתר gov.il (החלטות). התוכן המלא בקישור המקור.,government_page,,direct,https://www.gov.il/he/departments/policies/74201
act-publications-sec-4-directive-16-2026,sec-4,2026-06-08,שבוע המודעות לסרטן העור 2026,"פרסום רשמי של נציבות שירות המדינה באתר gov.il (חוזרים והוראות מנכ""ל). התוכן המלא בקישור המקור.",government_page,,direct,https://www.gov.il/he/departments/policies/directive-16-2026
act-decisions-sec-4-dc4208-2026,sec-4,2026-06-07,אישור מינוי חבר במועצה לענייני משק הגז הטבעי,החלטת ממשלה (4208) · החלטות ממשלה שפורסמה באתר gov.il. הטקסט המלא בקישור המקור.,policy_document,,direct,https://www.gov.il/he/departments/policies/dc4208-2026
act-decisions-sec-4-dec4203-2026,sec-4,2026-06-07,שיקום ופיתוח בריכת ממילא בעיר ירושלים - תיקון החלטת הממשלה,החלטת ממשלה (4203) · החלטות ממשלה שפורסמה באתר gov.il. הטקסט המלא בקישור המקור.,policy_document,,direct,https://www.gov.il/he/departments/policies/dec4203-2026
act-decisions-sec-4-dec4205-2026,sec-4,2026-06-07,אישור מינוי ראש המטה לביטחון לאומי והיועץ לביטחון לאומי,החלטת ממשלה (4205) · החלטות ממשלה שפורסמה באתר gov.il. הטקסט המלא בקישור המקור.,policy_document,,direct,https://www.gov.il/he/departments/policies/dec4205-2026
act-decisions-sec-4-dec4207-2026,sec-4,2026-06-07,תמרוץ ענף הבנייה למגורים – תיקון החלטת ממשלה,החלטת ממשלה (4207) · החלטות ממשלה שפורסמה באתר gov.il. הטקסט המלא בקישור המקור.,policy_document,,direct,https://www.gov.il/he/departments/policies/dec4207-2026
act-decisions-sec-4-dec4209-2026,sec-4,2026-06-07,יעדי ההתפלה במשק המים והגדלת ההיצע התכנוני של מתקני התפלת מי-ים,החלטת ממשלה (4209) · החלטות ממשלה שפורסמה באתר gov.il. הטקסט המלא בקישור המקור.,policy_document,,direct,https://www.gov.il/he/departments/policies/dec4209-2026
act-decisions-sec-4-dec4210-2026,sec-4,2026-06-07,"עדכון תוכנית התקציב לשנים 2027 עד 2029 (""נומרטור"")",החלטת ממשלה (4210) · החלטות ממשלה שפורסמה באתר gov.il. הטקסט המלא בקישור המקור.,policy_document,,direct,https://www.gov.il/he/departments/policies/dec4210-2026
act-decisions-sec-4-dec4211-2026,sec-4,2026-06-07,פטור חד פעמי ממכרז למשרת מנהל מטה ההסברה הלאומי במשרד ראש הממשלה,החלטת ממשלה (4211) · החלטות ממשלה שפורסמה באתר gov.il. הטקסט המלא בקישור המקור.,policy_document,procurement,direct,https://www.gov.il/he/departments/policies/dec4211-2026
act-decisions-sec-4-dec4212-2026,sec-4,2026-06-07,"תוכנית מתאר ארצית - תמ""א/ 35/ 5/ א - יישובים כפריים והמרחב החקלאי מגורי עובדים זרים בחקלאות",החלטת ממשלה (4212) · החלטות ממשלה שפורסמה באתר gov.il. הטקסט המלא בקישור המקור.,policy_document,,direct,https://www.gov.il/he/departments/policies/dec4212-2026
act-decisions-sec-4-dec4213-2026,sec-4,2026-06-07,העברת סמכויות הנתונות לפי חוק משר הפנים לראש הממשלה בנושאים דחופים,החלטת ממשלה (4213) · החלטות ממשלה שפורסמה באתר gov.il. הטקסט המלא בקישור המקור.,policy_document,,direct,https://www.gov.il/he/departments/policies/dec4213-2026
act-decisions-sec-4-dec4198-2026,sec-4,2026-06-04,"הצעת חוק התכנון והבנייה (תיקון - ביטול התניית חיבור לחשמל, מים וטלפון באישור תאגיד המים), התשפ""ו-2016 של חה""כ ווליד טאהא (פ/6618)",החלטת ממשלה (4198) · החלטות ממשלה שפורסמה באתר gov.il. הטקסט המלא בקישור המקור.,policy_document,,direct,https://www.gov.il/he/departments/policies/dec4198-2026
act-decisions-sec-4-dec4199-2026,sec-4,2026-06-04,"טיוטת חוק הגנת הסייבר הלאומית, התשפ""ו-2026",החלטת ממשלה (4199) · החלטות ממשלה שפורסמה באתר gov.il. הטקסט המלא בקישור המקור.,policy_document,,direct,https://www.gov.il/he/departments/policies/dec4199-2026
act-publications-sec-4-guide_line_0326,sec-4,2026-06-04,"הנחיית נציב מס' 03.26 - נוהל טיפול בתלונות בגין התנהגות שאינה הולמת על רקע גזעני במשרדי הממשלה, יח' סמך ובתי חולים ממשלתיים",פרסום רשמי של נציבות שירות המדינה באתר gov.il (הנחיות נציב שירות המדינה). התוכן המלא בקישור המקור.,government_page,health; regulation,direct,https://www.gov.il/he/departments/policies/guide_line_0326
act-publications-sec-7-new_buildings_plans_check,sec-7,2026-06-04,הנחיות עבודה לבדיקת תכניות במבנים חדשים,פרסום רשמי של כבאות והצלה לישראל באתר gov.il (נהלים והנחיות). התוכן המלא בקישור המקור.,government_page,,direct,https://www.gov.il/he/departments/policies/new_buildings_plans_check
act-publications-sec-33-authorized_body_fishing_prohibited_areas042026,sec-33,2026-06-03,נוהל הגשת בקשה לקבלת היתר לביצוע מחקר באזורים אסורים לדיג,פרסום רשמי של משרד החקלאות וביטחון המזון באתר gov.il (נהלים רגולטוריים). התוכן המלא בקישור המקור.,government_page,regulation,direct,https://www.gov.il/he/departments/policies/authorized_body_fishing_prohibited_areas042026
act-decisions-sec-4-dec4188-2026,sec-4,2026-06-02,חיזוק מערך ההכשרות בשירות הלאומי ובשירות הלאומי-אזרחי ותקצוב בעניין מתנדבים בודדים וביטוחי המתנדבים ותיקון החלטת ממשלה,החלטת ממשלה (4188) · החלטות ממשלה שפורסמה באתר gov.il. הטקסט המלא בקישור המקור.,policy_document,regulation,direct,https://www.gov.il/he/departments/policies/dec4188-2026
act-decisions-sec-4-dec4189-2026,sec-4,2026-06-02,"העמדה לדין של מבצעי אירועי טבח ה-7 באוקטובר 2023 (טבח שמיני עצרת התשפ""ד) ותיקון החלטת ממשלה",החלטת ממשלה (4189) · החלטות ממשלה שפורסמה באתר gov.il. הטקסט המלא בקישור המקור.,policy_document,,direct,https://www.gov.il/he/departments/policies/dec4189-2026
act-decisions-sec-4-dec4190-2026,sec-4,2026-06-02,הנחה מארנונה לתושבי יישובים מפונים בחבל תקומה בעת שהייתם בפתרונות דיור זמניים,החלטת ממשלה (4190) · החלטות ממשלה שפורסמה באתר gov.il. הטקסט המלא בקישור המקור.,policy_document,,direct,https://www.gov.il/he/departments/policies/dec4190-2026
act-decisions-sec-4-dec4191-2026,sec-4,2026-06-02,"תוכנית חומש ""מחלום להגשמה"" - קונגרס הנוער העולמי יהודי-ציוני לשנים 2026 - 2030",החלטת ממשלה (4191) · החלטות ממשלה שפורסמה באתר gov.il. הטקסט המלא בקישור המקור.,policy_document,,direct,https://www.gov.il/he/departments/policies/dec4191-2026
act-decisions-sec-4-dec4193-2026,sec-4,2026-06-02,"תוכנית למתן מעני מיגון מהירים ליישובים בטווח 9-0 ק""מ מגבול הצפון",החלטת ממשלה (4193) · החלטות ממשלה שפורסמה באתר gov.il. הטקסט המלא בקישור המקור.,policy_document,emergency,direct,https://www.gov.il/he/departments/policies/dec4193-2026
act-decisions-sec-4-dec4194-2026,sec-4,2026-06-02,"התוכנית הממשלתית הרב שנתית לשיקום ולצמיחה של יישובים בטווח המכונה 9-0 ק""מ מגבול לבנון ותיקון החלטות ממשלה",החלטת ממשלה (4194) · החלטות ממשלה שפורסמה באתר gov.il. הטקסט המלא בקישור המקור.,policy_document,,direct,https://www.gov.il/he/departments/policies/dec4194-2026
act-decisions-sec-4-dec4195-2026,sec-4,2026-06-02,"תוכנית להשלמה ולהאצה של המיגון ביישובים בטווח 9-0 ק""מ מגבול לבנון",החלטת ממשלה (4195) · החלטות ממשלה שפורסמה באתר gov.il. הטקסט המלא בקישור המקור.,policy_document,emergency,direct,https://www.gov.il/he/departments/policies/dec4195-2026
act-publications-sec-4-decision2272,sec-4,2026-06-02,החלטה מס' 2272 - פטור חד פעמי למשרת מנהל/ת מטה ההסברה הלאומי במשרד ראש הממשלה,פרסום רשמי של נציבות שירות המדינה באתר gov.il (החלטות ועדת שירות המדינה). התוכן המלא בקישור המקור.,government_page,,direct,https://www.gov.il/he/departments/policies/decision2272
act-publications-sec-4-decision2273,sec-4,2026-06-02,החלטה מס' 2273 - פרויקטור חיזוק הגבולות במשרד ראש הממשלה,פרסום רשמי של נציבות שירות המדינה באתר gov.il (החלטות ועדת שירות המדינה). התוכן המלא בקישור המקור.,government_page,,direct,https://www.gov.il/he/departments/policies/decision2273
act-publications-economy-tkina-enforcement-policy,economy,2026-06-01,מדיניות פיקוח ואכיפה בתחום התקינה,פרסום רשמי של משרד הכלכלה והתעשייה באתר gov.il (מסמכי מדיניות). התוכן המלא בקישור המקור.,government_page,regulation; workforce,direct,https://www.gov.il/he/departments/policies/tkina-enforcement-policy
act-publications-sec-36-tuition-colleges-technology,sec-36,2026-06-01,"שכר לימוד לשנת הלימודים תשפ""ז במכללות הטכנולוגיות",פרסום רשמי של משרד העבודה באתר gov.il (נהלים והנחיות). התוכן המלא בקישור המקור.,government_page,,direct,https://www.gov.il/he/departments/policies/tuition-colleges-technology
act-publications-sec-37-hozer-mankal-022026,sec-37,2026-05-31,"חוזר מנכ""ל 02/2026: נוהל קרן שיווק למארגני תיירות נכנסת לישראל לשנת 2026 - ""קול קורא"" מספר 19520","פרסום רשמי של משרד התיירות באתר gov.il (חוזרים והוראות מנכ""ל). התוכן המלא בקישור המקור.",government_page,grants; regulation,direct,https://www.gov.il/he/departments/policies/hozer-mankal-022026
act-publications-sec-4-dec4184-2026,sec-4,2026-05-31,"טיוטת חוק לתיקון פקודת סדר הדין הפלילי (מעצר וחיפוש) (מס' 19) (חיפוש שלא על פי צו חיפוש), התשפ""ו-2026",פרסום רשמי של משרד ראש הממשלה באתר gov.il (החלטות ממשלה). התוכן המלא בקישור המקור.,government_page,regulation,direct,https://www.gov.il/he/departments/policies/dec4184-2026
act-publications-health-epi-269144126,health,2026-05-27,התפרצות נגיף האבולה מזן Bundibugyo ברפובליקה הדמוקרטית של קונגו  – עדכון 27.05.2026,פרסום רשמי של משרד הבריאות באתר gov.il (נהלים והנחיות). התוכן המלא בקישור המקור.,government_page,regulation,direct,https://www.gov.il/he/departments/policies/epi-269144126
act-publications-health-fcs-269553826,health,2026-05-27,"דרישות מקצועיות ליבוא מזון רגיש מסוג: גבינות קשות מאוד, קשות וחצי קשות המיוצרות מחלב שאינו מפוסטר",פרסום רשמי של משרד הבריאות באתר gov.il (נהלים והנחיות). התוכן המלא בקישור המקור.,government_page,regulation,direct,https://www.gov.il/he/departments/policies/fcs-269553826
act-publications-sec-34-74103,sec-34,2026-05-27,החלטה מס'  74103 – הכרה בעלויות המתקנים להפחתת פליטות ביחידות הפחמיות של חברת החשמל,פרסום רשמי של רשות החשמל באתר gov.il (החלטות). התוכן המלא בקישור המקור.,government_page,,direct,https://www.gov.il/he/departments/policies/74103
act-publications-sec-4-directive-14-2026,sec-4,2026-05-27,בדיקות תקופתיות לעובדים מגיל 40 ומעלה - עדכון מדיניות דיווח ומימוש זכאות,"פרסום רשמי של נציבות שירות המדינה באתר gov.il (חוזרים והוראות מנכ""ל). התוכן המלא בקישור המקור.",government_page,,direct,https://www.gov.il/he/departments/policies/directive-14-2026
act-publications-sec-4-directive-15-2026,sec-4,2026-05-27,"כיבוד בריא 2026 - בישיבות, כנסים, ימי עיון ואירועים היזומים ע""י משרדי הממשלה","פרסום רשמי של נציבות שירות המדינה באתר gov.il (חוזרים והוראות מנכ""ל). התוכן המלא בקישור המקור.",government_page,,direct,https://www.gov.il/he/departments/policies/directive-15-2026
act-publications-sec-29-renewal_decision_03042025,sec-29,2026-05-26,החלטת הממונה על סגירת הפנייה בשל אי צירוף אסמכתאות ובקשת סעדים שאינם בסמכות הממונה,פרסום רשמי של הרשות הממשלתית להתחדשות עירונית באתר gov.il (החלטות). התוכן המלא בקישור המקור.,government_page,,direct,https://www.gov.il/he/departments/policies/renewal_decision_03042025
act-publications-sec-29-renewal_decision_03042025a,sec-29,2026-05-26,החלטת הממונה על סגירת הפנייה בשל טענות מסחריות וללא ראיות להפרת הוראות הדין או הפעלת לחץ בלתי סביר,פרסום רשמי של הרשות הממשלתית להתחדשות עירונית באתר gov.il (החלטות). התוכן המלא בקישור המקור.,government_page,,direct,https://www.gov.il/he/departments/policies/renewal_decision_03042025a
act-publications-sec-29-renewal_decision_09032025,sec-29,2026-05-26,החלטת הממונה על דחיית פנייה בטענה לניגוד עניינים בין נציגות הדיירים למשרד עוד וכן לביטול הסכמים שלא נחתמו על ידי הדייר הפונה,פרסום רשמי של הרשות הממשלתית להתחדשות עירונית באתר gov.il (החלטות). התוכן המלא בקישור המקור.,government_page,,direct,https://www.gov.il/he/departments/policies/renewal_decision_09032025
act-publications-sec-29-renewal_decision_16022025,sec-29,2026-05-26,החלטת הממונה בנושא ביסוס תשתית לבירור הפנייה ובקשת סעדים בהתאם לסמכות הממונה,פרסום רשמי של הרשות הממשלתית להתחדשות עירונית באתר gov.il (החלטות). התוכן המלא בקישור המקור.,government_page,infrastructure,direct,https://www.gov.il/he/departments/policies/renewal_decision_16022025
act-publications-sec-29-renewal_decision_21042025,sec-29,2026-05-26,החלטת הממונה לדחות את הפנייה בטענות לאי שוויון בתמורות,פרסום רשמי של הרשות הממשלתית להתחדשות עירונית באתר gov.il (החלטות). התוכן המלא בקישור המקור.,government_page,,direct,https://www.gov.il/he/departments/policies/renewal_decision_21042025
act-publications-sec-29-renewal_decision_23122024,sec-29,2026-05-26,החלטת הממונה בעניין סמכות נציגות דיירים ופניות בעניין רשויות התכנון,פרסום רשמי של הרשות הממשלתית להתחדשות עירונית באתר gov.il (החלטות). התוכן המלא בקישור המקור.,government_page,,direct,https://www.gov.il/he/departments/policies/renewal_decision_23122024
act-publications-sec-29-renewal_decision_25022025,sec-29,2026-05-26,החלטת הממונה בעניין ביטול הסכם פינוי בינוי באמצעות סעיף 1ד לחוק,פרסום רשמי של הרשות הממשלתית להתחדשות עירונית באתר gov.il (החלטות). התוכן המלא בקישור המקור.,government_page,emergency,direct,https://www.gov.il/he/departments/policies/renewal_decision_25022025
act-publications-sec-29-renewal_decision_27012025,sec-29,2026-05-26,החלטת הממונה בעניין תכלית החוק לשליחת עיקרי ההצעה וטענות מסחריות בעניין התמורה והחוזה,פרסום רשמי של הרשות הממשלתית להתחדשות עירונית באתר gov.il (החלטות). התוכן המלא בקישור המקור.,government_page,,direct,https://www.gov.il/he/departments/policies/renewal_decision_27012025
act-publications-sec-5-work-procedure-workers-rank,sec-5,2026-05-26,נוהל עבודה לוועדה הבין מוסדית לדירוג העובדים והעובדות הסוציאליים,פרסום רשמי של משרד האוצר באתר gov.il (נהלים והנחיות). התוכן המלא בקישור המקור.,government_page,regulation,direct,https://www.gov.il/he/departments/policies/work-procedure-workers-rank
act-publications-sec-34-74001,sec-34,2026-05-25,"החלטה מס' 74001- מתן רישיון מותנה מס' 06151625 להקמת תחנת כוח בטכנולוגיה קונבנציונלית לחברת או.פי.סי הרחבה חדרה בע""מ",פרסום רשמי של רשות החשמל באתר gov.il (החלטות). התוכן המלא בקישור המקור.,government_page,,direct,https://www.gov.il/he/departments/policies/74001
act-publications-sec-4-north250526,sec-4,2026-05-25,הקמת צוות להשלמה ולהאצה של המיגון ביישובי הצפון,פרסום רשמי של משרד ראש הממשלה באתר gov.il (החלטות). התוכן המלא בקישור המקור.,government_page,emergency; regulation,direct,https://www.gov.il/he/departments/policies/north250526
act-publications-health-ot-263122326,health,2026-05-24,אמות מידה לטיפול ריפוי בעיסוק בהפרעת שימוש בחומרים ו/או התמכרות התנהגותית,פרסום רשמי של משרד הבריאות באתר gov.il (נהלים והנחיות). התוכן המלא בקישור המקור.,government_page,,direct,https://www.gov.il/he/departments/policies/ot-263122326
act-publications-sec-4-dec4152-2026,sec-4,2026-05-24,"טיוטת חוק שירותי אבטחה, התשפ""ו-2026",פרסום רשמי של משרד ראש הממשלה באתר gov.il (החלטות ממשלה). התוכן המלא בקישור המקור.,government_page,,direct,https://www.gov.il/he/departments/policies/dec4152-2026
act-publications-sec-68-circular-private-bureaus-nursing-11-2021,sec-68,2026-05-24,חוזר ראש מינהל ללשכות הפרטיות - ענף הסיעוד 11-2021,פרסום רשמי של רשות האוכלוסין וההגירה באתר gov.il (חוזרים ונהלים). התוכן המלא בקישור המקור.,government_page,,direct,https://www.gov.il/he/departments/policies/circular-private-bureaus-nursing-11-2021
act-publications-sec-68-restaurant-employer-update,sec-68,2026-05-24,עדכון פרטי מעסיק מסעדות,פרסום רשמי של רשות האוכלוסין וההגירה באתר gov.il (מידע למעסיקים). התוכן המלא בקישור המקור.,government_page,,direct,https://www.gov.il/he/departments/policies/restaurant-employer-update
act-publications-sec-7-news23052026,sec-7,2026-05-23,"הוראת שעה: פיילוט ""רכש מקוון"" ואיסור הכנסת ציוד מן החוץ - הארכה מס' 2",פרסום רשמי של שירות בתי הסוהר באתר gov.il (פקודות והוראות). התוכן המלא בקישור המקור.,government_page,procurement,direct,https://www.gov.il/he/departments/policies/news23052026
act-publications-health-epi-255172526,health,2026-05-19,התפרצות נגיף האבולה מזן Bundibugyo ברפובליקה הדמוקרטית של קונגו  – מידע לנוסע הישראלי,פרסום רשמי של משרד הבריאות באתר gov.il (נהלים והנחיות). התוכן המלא בקישור המקור.,government_page,regulation,direct,https://www.gov.il/he/departments/policies/epi-255172526
act-publications-sec-33-import-requirements-update-apples-pears-quinces-italy-spain-france-greece,sec-33,2026-05-19,"הודעה חשובה לציבור היבואנים: עדכון דרישות היבוא של פירות טריים (תפוח עץ, אגס וחבוש) למאכל מאיטליה, ספרד, צרפת ויוון",פרסום רשמי של משרד החקלאות וביטחון המזון באתר gov.il (נהלים רגולטוריים). התוכן המלא בקישור המקור.,government_page,,direct,https://www.gov.il/he/departments/policies/import-requirements-update-apples-pears-quinces-italy-spain-france-greece
act-publications-sec-34-74101,sec-34,2026-05-19,"החלטה מס' 74101 עדכון רישיון ייצור לחברת רותם אמפרט נגב בע""מ",פרסום רשמי של רשות החשמל באתר gov.il (החלטות). התוכן המלא בקישור המקור.,government_page,regulation,direct,https://www.gov.il/he/departments/policies/74101
act-publications-sec-34-74102,sec-34,2026-05-19,"החלטה מס' 74102 - קביעת ""מסלול ירוק"" לייעוץ רשות החשמל לשרים בעניין עיסוק ב-""פעולות אחרות""",פרסום רשמי של רשות החשמל באתר gov.il (החלטות). התוכן המלא בקישור המקור.,government_page,,direct,https://www.gov.il/he/departments/policies/74102
act-publications-sec-4-spoke4024-2026,sec-4,2026-05-19,הקמת צוות לבחינת ההליך לקבלת החלטה בעניין הקמת יישובים חדשים,פרסום רשמי של משרד ראש הממשלה באתר gov.il (החלטות). התוכן המלא בקישור המקור.,government_page,regulation,direct,https://www.gov.il/he/departments/policies/spoke4024-2026
act-publications-sec-5-inst-07-2026,sec-5,2026-05-19,"הוראת ביצוע מספר 07/2026 רשות המסים בישראל בהתאם לחוק התוכנית לסיוע כלכלי (הוראת שעה) (סיוע לעסקים ולמוסדות ציבור), התשפ""ו-2026",פרסום רשמי של רשות המסים בישראל באתר gov.il (הוראות ביצוע). התוכן המלא בקישור המקור.,government_page,regulation,direct,https://www.gov.il/he/departments/policies/inst-07-2026
act-publications-health-mr02-2026,health,2026-05-17,שימוש בחוסם עורקים בחדר ניתוח,פרסום רשמי של משרד הבריאות באתר gov.il (חוזרים ונהלים). התוכן המלא בקישור המקור.,government_page,,direct,https://www.gov.il/he/departments/policies/mr02-2026
act-publications-sec-4-bonushealthsystem20262027,sec-4,2026-05-17,מענק בגין הטלת מטלות ותפקידים על עובדים בנוסף לתפקידם במערכת הבריאות הממשלתית- הארכת הפיילוט לשנים 2026-2027,פרסום רשמי של נציבות שירות המדינה באתר gov.il (נהלים והנחיות). התוכן המלא בקישור המקור.,government_page,grants,direct,https://www.gov.il/he/departments/policies/bonushealthsystem20262027
act-publications-sec-4-dec170526,sec-4,2026-05-17,החלטת ועדת המנכלים בעניין עדכון המכסה בענף התעשייה,פרסום רשמי של משרד ראש הממשלה באתר gov.il (החלטות). התוכן המלא בקישור המקור.,government_page,,direct,https://www.gov.il/he/departments/policies/dec170526
act-publications-sec-34-ttl-82-mining,sec-34,2026-05-14,"פארק סולארי דימונה 2 סאן בע""מ - מחצבת חול תת""ל 82",פרסום רשמי של משרד האנרגיה והתשתיות באתר gov.il (רישיונות). התוכן המלא בקישור המקור.,government_page,,direct,https://www.gov.il/he/departments/policies/ttl-82-mining
act-publications-sec-37-nehalim-assistance-hotels-2026,sec-37,2026-05-14,נהלי המנהלת לשנת 2026,פרסום רשמי של משרד התיירות באתר gov.il (חוזרים ונהלים). התוכן המלא בקישור המקור.,government_page,,direct,https://www.gov.il/he/departments/policies/nehalim-assistance-hotels-2026
act-publications-health-bz02-2026,health,2026-05-13,תדריך לביצוע בדיקות סינון לראייה לתלמידים ולתלמידות,פרסום רשמי של משרד הבריאות באתר gov.il (חוזרים ונהלים). התוכן המלא בקישור המקור.,government_page,education; regulation,direct,https://www.gov.il/he/departments/policies/bz02-2026
act-publications-health-nd258-2026,health,2026-05-13,עדכון סמכויות אחיות ואחים מומחים בשיקום,פרסום רשמי של משרד הבריאות באתר gov.il (חוזרים ונהלים). התוכן המלא בקישור המקור.,government_page,,direct,https://www.gov.il/he/departments/policies/nd258-2026
act-publications-sec-4-dec130526,sec-4,2026-05-13,החלטה של ועדת המנכלים בעניין עדכון המכסה להבאת עובדים זרים בענף המסחר והשירותים,פרסום רשמי של משרד ראש הממשלה באתר gov.il (החלטות). התוכן המלא בקישור המקור.,government_page,,direct,https://www.gov.il/he/departments/policies/dec130526
act-publications-health-fcs-241638126,health,2026-05-12,ביומסה של הפטריה Neurospora crassa,פרסום רשמי של משרד הבריאות באתר gov.il (נהלים והנחיות). התוכן המלא בקישור המקור.,government_page,,direct,https://www.gov.il/he/departments/policies/fcs-241638126
act-publications-health-fcs-241667526,health,2026-05-12,"תערובת שמנים המכילה שמן המופק ממיקרואצה .Schizochytrium sp ושמן מהצומח העשיר בחומצה אולאית  מיום כ""ה באייר תשפ""ו, 12 במאי 2026",פרסום רשמי של משרד הבריאות באתר gov.il (נהלים והנחיות). התוכן המלא בקישור המקור.,government_page,regulation,direct,https://www.gov.il/he/departments/policies/fcs-241667526
act-publications-health-reg-dha241648526,health,2026-05-12,"עדכון הנחיה מתאריך 22 באוקטובר 2025 (סימוכין 360778325) בנושא מזון חדש: שמן המכיל  DHA המופק ממיקרואצה .Schizochytrium sp מיום כ""ה באייר תשפ""ו, 12 במאי 2026",פרסום רשמי של משרד הבריאות באתר gov.il (נהלים והנחיות). התוכן המלא בקישור המקור.,government_page,,direct,https://www.gov.il/he/departments/policies/reg-dha241648526
act-publications-sec-39-12052026,sec-39,2026-05-12,תיקון רישיון בזק החברה הישראלית לתקשורת (מספר 103),פרסום רשמי של משרד התקשורת באתר gov.il (רישיונות). התוכן המלא בקישור המקור.,government_page,,direct,https://www.gov.il/he/departments/policies/12052026
act-publications-economy-economy-dgi-instructions-04-87,economy,2026-05-11,"הוראת מנכ""ל 4.87 - מסלול לעידוד הקמה, העתקה או הרחבה של מפעלים תעשייתיים ביישובי אזור הצפון או אזורי תעשייה באזור הצפון, בקצרין ובגולן","פרסום רשמי של משרד הכלכלה והתעשייה באתר gov.il (חוזרים והוראות מנכ""ל). התוכן המלא בקישור המקור.",government_page,,direct,https://www.gov.il/he/departments/policies/economy-dgi-instructions-04-87
act-publications-sec-33-procedure_for_transferring_animals_from_capture_or_seizure_to_quarantine,sec-33,2026-05-11,נוהל העברת בעלי חיים מלכידה או תפיסה להסגר,פרסום רשמי של משרד החקלאות וביטחון המזון באתר gov.il (נהלים רגולטוריים). התוכן המלא בקישור המקור.,government_page,regulation,direct,https://www.gov.il/he/departments/policies/procedure_for_transferring_animals_from_capture_or_seizure_to_quarantine
act-publications-sec-34-74010,sec-34,2026-05-11,החלטה מס' 74010 – עדכון החלטה מספר 72806 מיום 8.12.2025 - עדכון מבנה תעריף החשמל,פרסום רשמי של רשות החשמל באתר gov.il (החלטות). התוכן המלא בקישור המקור.,government_page,,direct,https://www.gov.il/he/departments/policies/74010
act-publications-sec-7-news11052026,sec-7,2026-05-11,הוראת שעה: צמצום פעילויות שגרה בעת מלחמה - הארכה מס' 41,פרסום רשמי של שירות בתי הסוהר באתר gov.il (פקודות והוראות). התוכן המלא בקישור המקור.,government_page,emergency; regulation,direct,https://www.gov.il/he/departments/policies/news11052026
act-publications-transport-26-0242,transport,2026-05-11,הוראת רישום כללית מספר 26-0242,פרסום רשמי של משרד התחבורה והבטיחות בדרכים באתר gov.il (נהלים והנחיות). התוכן המלא בקישור המקור.,government_page,,direct,https://www.gov.il/he/departments/policies/26-0242
act-publications-transport-26-0247,transport,2026-05-11,הוראת רישום כללית מספר 26-0247,פרסום רשמי של משרד התחבורה והבטיחות בדרכים באתר gov.il (נהלים והנחיות). התוכן המלא בקישור המקור.,government_page,,direct,https://www.gov.il/he/departments/policies/26-0247
act-publications-transport-26-0277,transport,2026-05-11,הוראת רישום כללית מספר 26-0277,פרסום רשמי של משרד התחבורה והבטיחות בדרכים באתר gov.il (נהלים והנחיות). התוכן המלא בקישור המקור.,government_page,,direct,https://www.gov.il/he/departments/policies/26-0277
act-publications-transport-26-0278,transport,2026-05-11,הוראת רישום כללית מספר 26-0278,פרסום רשמי של משרד התחבורה והבטיחות בדרכים באתר gov.il (נהלים והנחיות). התוכן המלא בקישור המקור.,government_page,,direct,https://www.gov.il/he/departments/policies/26-0278
act-publications-transport-26-0303,transport,2026-05-11,הוראת רישום כללית מספר 26-0303,פרסום רשמי של משרד התחבורה והבטיחות בדרכים באתר gov.il (נהלים והנחיות). התוכן המלא בקישור המקור.,government_page,,direct,https://www.gov.il/he/departments/policies/26-0303
act-publications-transport-26-0304,transport,2026-05-11,הוראת רישום כללית מספר 26-0304,פרסום רשמי של משרד התחבורה והבטיחות בדרכים באתר gov.il (נהלים והנחיות). התוכן המלא בקישור המקור.,government_page,,direct,https://www.gov.il/he/departments/policies/26-0304
act-publications-transport-26-5110,transport,2026-05-11,הוראת רישום כללית מספר 26-5110,פרסום רשמי של משרד התחבורה והבטיחות בדרכים באתר gov.il (נהלים והנחיות). התוכן המלא בקישור המקור.,government_page,,direct,https://www.gov.il/he/departments/policies/26-5110
act-publications-transport-26-5111,transport,2026-05-11,הוראת רישום כללית מספר 26-5111,פרסום רשמי של משרד התחבורה והבטיחות בדרכים באתר gov.il (נהלים והנחיות). התוכן המלא בקישור המקור.,government_page,,direct,https://www.gov.il/he/departments/policies/26-5111
act-publications-transport-26-8098,transport,2026-05-11,הוראת רישום כללית מספר 26-8098,פרסום רשמי של משרד התחבורה והבטיחות בדרכים באתר gov.il (נהלים והנחיות). התוכן המלא בקישור המקור.,government_page,,direct,https://www.gov.il/he/departments/policies/26-8098
act-publications-transport-26-8107,transport,2026-05-11,הוראת רישום כללית מספר 26-8107,פרסום רשמי של משרד התחבורה והבטיחות בדרכים באתר gov.il (נהלים והנחיות). התוכן המלא בקישור המקור.,government_page,,direct,https://www.gov.il/he/departments/policies/26-8107
act-publications-transport-26-9031,transport,2026-05-11,הוראת רישום כללית מספר 26-9031,פרסום רשמי של משרד התחבורה והבטיחות בדרכים באתר gov.il (נהלים והנחיות). התוכן המלא בקישור המקור.,government_page,,direct,https://www.gov.il/he/departments/policies/26-9031
act-publications-transport-26-9033,transport,2026-05-11,הוראת רישום כללית מספר 26-9033,פרסום רשמי של משרד התחבורה והבטיחות בדרכים באתר gov.il (נהלים והנחיות). התוכן המלא בקישור המקור.,government_page,,direct,https://www.gov.il/he/departments/policies/26-9033
act-publications-transport-26-9035,transport,2026-05-11,הוראת רישום כללית מספר 26-9035,פרסום רשמי של משרד התחבורה והבטיחות בדרכים באתר gov.il (נהלים והנחיות). התוכן המלא בקישור המקור.,government_page,,direct,https://www.gov.il/he/departments/policies/26-9035
act-publications-transport-construction_equipment_procedure_18-98,transport,2026-05-11,"הוראת נוהל 18/98 - העברת בעלות ציוד מכני הנדסי לתושב הרשות הפלסטינאית, עדכון מספר2",פרסום רשמי של משרד התחבורה והבטיחות בדרכים באתר gov.il (נהלים והנחיות). התוכן המלא בקישור המקור.,government_page,regulation,direct,https://www.gov.il/he/departments/policies/construction_equipment_procedure_18-98
act-publications-economy-maanakim-submitting-and-reviewing-final-report,economy,2026-05-10,"נוהל הגשת דו""ח ביצוע סופי לתכנית מאושרת ובדיקתו",פרסום רשמי של משרד הכלכלה והתעשייה באתר gov.il (נהלים והנחיות). התוכן המלא בקישור המקור.,government_page,regulation,direct,https://www.gov.il/he/departments/policies/maanakim-submitting-and-reviewing-final-report
act-publications-sec-39-10052026,sec-39,2026-05-10,"תיקון רישיון הוט מובייל בע""מ (מספר 126)",פרסום רשמי של משרד התקשורת באתר gov.il (רישיונות). התוכן המלא בקישור המקור.,government_page,,direct,https://www.gov.il/he/departments/policies/10052026
act-publications-sec-39-10052026_1,sec-39,2026-05-10,"תיקון רישיון סלקום ישראל בע""מ (מספר 151)",פרסום רשמי של משרד התקשורת באתר gov.il (רישיונות). התוכן המלא בקישור המקור.,government_page,,direct,https://www.gov.il/he/departments/policies/10052026_1
act-publications-sec-39-10052026_2,sec-39,2026-05-10,"תיקון רישיון פרטנר תקשורת בע""מ (מספר 144)",פרסום רשמי של משרד התקשורת באתר gov.il (רישיונות). התוכן המלא בקישור המקור.,government_page,,direct,https://www.gov.il/he/departments/policies/10052026_2
act-publications-sec-39-10052026_3,sec-39,2026-05-10,"תיקון רישיון פלאפון תקשורת בע""מ (מספר 146)",פרסום רשמי של משרד התקשורת באתר gov.il (רישיונות). התוכן המלא בקישור המקור.,government_page,,direct,https://www.gov.il/he/departments/policies/10052026_3
act-publications-sec-4-dec-100526,sec-4,2026-05-10,החלטה של ועדת המנכלים בעניין עדכון המכסה לענף החקלאות 202520428,פרסום רשמי של משרד ראש הממשלה באתר gov.il (החלטות). התוכן המלא בקישור המקור.,government_page,,direct,https://www.gov.il/he/departments/policies/dec-100526
act-publications-sec-7-news10052026,sec-7,2026-05-10,הוראת שעה לפקודת נציבות 04.54.02 - מרכזי שיקום והוצאת אסירים לעבודות שיקום מחוץ לבית הסוהר - הארכה מס' 1,פרסום רשמי של שירות בתי הסוהר באתר gov.il (פקודות והוראות). התוכן המלא בקישור המקור.,government_page,,direct,https://www.gov.il/he/departments/policies/news10052026
act-publications-sec-4-tashpav8,sec-4,2026-05-07,"הודעה מס' פו/8 - הגדרת המונח 'גמלאי שירות המדינה' בתקשי""ר",פרסום רשמי של נציבות שירות המדינה באתר gov.il (הודעות נציבות שירות המדינה). התוכן המלא בקישור המקור.,government_page,,direct,https://www.gov.il/he/departments/policies/tashpav8
act-publications-sec-5-procedures-070526-1,sec-5,2026-05-07,"הנחיות לגבי הבטחת יכולתו של יזם שיקום לקבלת סיוע מהמדינה למימון חלופת יציאה בהתאם לסעיף 45 לחוק שיקום נזקי מלחמה בדרך של התחדשות עירונית, התשפ""ו - 2026",פרסום רשמי של רשות המסים בישראל באתר gov.il (נהלים והנחיות). התוכן המלא בקישור המקור.,government_page,emergency,direct,https://www.gov.il/he/departments/policies/procedures-070526-1
act-publications-transport-bike-box-summary-recommendations,transport,2026-05-07,"בחינת ניסוי ""תא אופן"" – סיכום והמלצות",פרסום רשמי של משרד התחבורה והבטיחות בדרכים באתר gov.il (נהלים והנחיות). התוכן המלא בקישור המקור.,government_page,regulation,direct,https://www.gov.il/he/departments/policies/bike-box-summary-recommendations
act-publications-sec-23-molsa-health-services-allergy-admission-procedure,sec-23,2026-05-06,נוהל קבלה למסגרת של מקבל שירות עם אלרגייה,פרסום רשמי של משרד הרווחה והביטחון החברתי באתר gov.il (נהלים כלליים). התוכן המלא בקישור המקור.,government_page,regulation,direct,https://www.gov.il/he/departments/policies/molsa-health-services-allergy-admission-procedure
act-publications-sec-23-molsa-health-services-briuton-pesach-2025,sec-23,2026-05-06,"בריאותן פסח תשפ""ה",פרסום רשמי של משרד הרווחה והביטחון החברתי באתר gov.il (נהלים והנחיות). התוכן המלא בקישור המקור.,government_page,,direct,https://www.gov.il/he/departments/policies/molsa-health-services-briuton-pesach-2025
act-publications-sec-23-molsa-health-services-cannabis-procedure,sec-23,2026-05-06,נוהל שימוש בקנאביס רפואי במסגרות המפוקחות על ידי המשרד,פרסום רשמי של משרד הרווחה והביטחון החברתי באתר gov.il (נהלים כלליים). התוכן המלא בקישור המקור.,government_page,regulation,direct,https://www.gov.il/he/departments/policies/molsa-health-services-cannabis-procedure
act-publications-sec-23-molsa-health-services-gi-outbreak-procedure,sec-23,2026-05-06,"נוהל זיהוי, טיפול ודיווח באירוע תחלואת מעיים ממקור זיהומי במסגרות המשרד",פרסום רשמי של משרד הרווחה והביטחון החברתי באתר gov.il (נהלים כלליים). התוכן המלא בקישור המקור.,government_page,regulation,direct,https://www.gov.il/he/departments/policies/molsa-health-services-gi-outbreak-procedure
act-publications-sec-23-molsa-health-services-healthcare-hiring-procedure,sec-23,2026-05-06,נוהל קבלת עובדי בריאות למסגרות רווחה,פרסום רשמי של משרד הרווחה והביטחון החברתי באתר gov.il (נהלים כלליים). התוכן המלא בקישור המקור.,government_page,regulation,direct,https://www.gov.il/he/departments/policies/molsa-health-services-healthcare-hiring-procedure
act-publications-sec-23-molsa-health-services-inventory-procedure,sec-23,2026-05-06,מלאי מזון בשגרה ובשעת חירום,פרסום רשמי של משרד הרווחה והביטחון החברתי באתר gov.il (נהלים והנחיות). התוכן המלא בקישור המקור.,government_page,emergency,direct,https://www.gov.il/he/departments/policies/molsa-health-services-inventory-procedure
act-publications-sec-23-molsa-health-services-pica-syndrome-procedure,sec-23,2026-05-06,אמות מידה לטיפול באנשים המאובחנים עם תסמונת פיקא כתסמונת נלוויית,פרסום רשמי של משרד הרווחה והביטחון החברתי באתר gov.il (נהלים והנחיות). התוכן המלא בקישור המקור.,government_page,,direct,https://www.gov.il/he/departments/policies/molsa-health-services-pica-syndrome-procedure
act-publications-sec-23-molsa-health-services-temporary-nursing-permit-procedure,sec-23,2026-05-06,נוהל קבלה לעבודה במסגרת רווחה של עובד עם היתר זמני לעסוק בסיעוד,פרסום רשמי של משרד הרווחה והביטחון החברתי באתר gov.il (נהלים כלליים). התוכן המלא בקישור המקור.,government_page,regulation,direct,https://www.gov.il/he/departments/policies/molsa-health-services-temporary-nursing-permit-procedure
act-publications-sec-4-dechotel-060526,sec-4,2026-05-06,החלטה של ועדת המנכלים לעובדים זרים בנושא עדכון המכסה לענף המלונאות 20250428,פרסום רשמי של משרד ראש הממשלה באתר gov.il (החלטות). התוכן המלא בקישור המקור.,government_page,,direct,https://www.gov.il/he/departments/policies/dechotel-060526
act-publications-sec-4-decinfrastructure-060526,sec-4,2026-05-06,החלטה של ועדת המנכלים  בעניין עדכון המכסה לענף תשתיות התחבורה 20250428,פרסום רשמי של משרד ראש הממשלה באתר gov.il (החלטות). התוכן המלא בקישור המקור.,government_page,,direct,https://www.gov.il/he/departments/policies/decinfrastructure-060526
act-publications-sec-4-decresturant-060526,sec-4,2026-05-06,החלטת וועדת המנכלים לעניין עובדים זרים בנושא איחוד ענף המסעדות וענף המסחר והשירותים 20250428,פרסום רשמי של משרד ראש הממשלה באתר gov.il (החלטות). התוכן המלא בקישור המקור.,government_page,,direct,https://www.gov.il/he/departments/policies/decresturant-060526
act-publications-transport-26-3088,transport,2026-05-06,הוראת רישום כללית מספר 26-3088,פרסום רשמי של משרד התחבורה והבטיחות בדרכים באתר gov.il (נהלים והנחיות). התוכן המלא בקישור המקור.,government_page,,direct,https://www.gov.il/he/departments/policies/26-3088
act-publications-transport-26-3106,transport,2026-05-06,הוראת רישום כללית מספר 26-3106,פרסום רשמי של משרד התחבורה והבטיחות בדרכים באתר gov.il (נהלים והנחיות). התוכן המלא בקישור המקור.,government_page,,direct,https://www.gov.il/he/departments/policies/26-3106
act-publications-transport-26-3135,transport,2026-05-06,הוראת רישום כללית מספר 26-3135,פרסום רשמי של משרד התחבורה והבטיחות בדרכים באתר gov.il (נהלים והנחיות). התוכן המלא בקישור המקור.,government_page,,direct,https://www.gov.il/he/departments/policies/26-3135
act-publications-transport-26-7165,transport,2026-05-06,הוראת רישום כללית מספר 26-7165,פרסום רשמי של משרד התחבורה והבטיחות בדרכים באתר gov.il (נהלים והנחיות). התוכן המלא בקישור המקור.,government_page,,direct,https://www.gov.il/he/departments/policies/26-7165
act-publications-health-fcs-219474426,health,2026-05-05,"הוראת מנהלת מערך רגולציה לבדיקות יזומות מיוחדות של מזון מיובא לפי סעיף 86(ב)(2)  לחוק הגנה על בריאות הציבור (מזון), התשע""ו-2015",פרסום רשמי של משרד הבריאות באתר gov.il (נהלים והנחיות). התוכן המלא בקישור המקור.,government_page,health; regulation,direct,https://www.gov.il/he/departments/policies/fcs-219474426
act-publications-transport-26-5088,transport,2026-05-05,הוראת רישום כללית מספר 26-5088,פרסום רשמי של משרד התחבורה והבטיחות בדרכים באתר gov.il (נהלים והנחיות). התוכן המלא בקישור המקור.,government_page,,direct,https://www.gov.il/he/departments/policies/26-5088
act-publications-transport-26-5089,transport,2026-05-05,הוראת רישום כללית מספר 26-5089,פרסום רשמי של משרד התחבורה והבטיחות בדרכים באתר gov.il (נהלים והנחיות). התוכן המלא בקישור המקור.,government_page,,direct,https://www.gov.il/he/departments/policies/26-5089
act-publications-transport-26-5090,transport,2026-05-05,הוראת רישום כללית מספר 26-5090,פרסום רשמי של משרד התחבורה והבטיחות בדרכים באתר gov.il (נהלים והנחיות). התוכן המלא בקישור המקור.,government_page,,direct,https://www.gov.il/he/departments/policies/26-5090
act-publications-transport-26-5109,transport,2026-05-05,הוראת רישום כללית מספר 26-5109,פרסום רשמי של משרד התחבורה והבטיחות בדרכים באתר gov.il (נהלים והנחיות). התוכן המלא בקישור המקור.,government_page,,direct,https://www.gov.il/he/departments/policies/26-5109
act-publications-transport-26-6060,transport,2026-05-05,הוראת רישום כללית מספר 26-6060,פרסום רשמי של משרד התחבורה והבטיחות בדרכים באתר gov.il (נהלים והנחיות). התוכן המלא בקישור המקור.,government_page,,direct,https://www.gov.il/he/departments/policies/26-6060
act-publications-transport-cameras_transferring_footage_procedure,transport,2026-05-05,נוהל העברת צילומים ממצלמות האוטובוס ומצלמות גוף מחברות התחבורה הציבורית למשרד התחבורה,פרסום רשמי של משרד התחבורה והבטיחות בדרכים באתר gov.il (נהלים והנחיות). התוכן המלא בקישור המקור.,government_page,public-transport; regulation,direct,https://www.gov.il/he/departments/policies/cameras_transferring_footage_procedure
act-publications-transport-cameras-transferring-footage-procedure,transport,2026-05-05,נוהל העברת צילומים ממצלמות האוטובוס ומצלמות גוף מחברות התחבורה הציבורית למשרד התחבורה,פרסום רשמי של הרשות הארצית לתחבורה ציבורית באתר gov.il (נהלים והנחיות). התוכן המלא בקישור המקור.,government_page,public-transport; regulation,direct,https://www.gov.il/he/departments/policies/cameras-transferring-footage-procedure
act-publications-transport-inspectors-certification-law,transport,2026-05-05,"הסמכת מפקחים לפי חוק הפרות תעבורה מינהליות, התשפ""ד-2024",פרסום רשמי של משרד התחבורה והבטיחות בדרכים באתר gov.il (נהלים והנחיות). התוכן המלא בקישור המקור.,government_page,,direct,https://www.gov.il/he/departments/policies/inspectors-certification-law
act-publications-sec-34-74009,sec-34,2026-05-04,החלטה מס' 74009 – נוהל חילוט ערבות,פרסום רשמי של רשות החשמל באתר gov.il (החלטות). התוכן המלא בקישור המקור.,government_page,regulation,direct,https://www.gov.il/he/departments/policies/74009
act-publications-transport-26-3134,transport,2026-05-04,הוראת רישום כללית מספר 26-3134,פרסום רשמי של משרד התחבורה והבטיחות בדרכים באתר gov.il (נהלים והנחיות). התוכן המלא בקישור המקור.,government_page,,direct,https://www.gov.il/he/departments/policies/26-3134
act-publications-transport-26-6053,transport,2026-05-04,הוראת רישום כללית מספר 26-6053,פרסום רשמי של משרד התחבורה והבטיחות בדרכים באתר gov.il (נהלים והנחיות). התוכן המלא בקישור המקור.,government_page,,direct,https://www.gov.il/he/departments/policies/26-6053
act-publications-transport-26-6054,transport,2026-05-04,הוראת רישום כללית מספר 26-6054,פרסום רשמי של משרד התחבורה והבטיחות בדרכים באתר gov.il (נהלים והנחיות). התוכן המלא בקישור המקור.,government_page,,direct,https://www.gov.il/he/departments/policies/26-6054
act-publications-transport-26-6055,transport,2026-05-04,הוראת רישום כללית מספר 26-6055,פרסום רשמי של משרד התחבורה והבטיחות בדרכים באתר gov.il (נהלים והנחיות). התוכן המלא בקישור המקור.,government_page,,direct,https://www.gov.il/he/departments/policies/26-6055
act-publications-transport-26-6056,transport,2026-05-04,הוראת רישום כללית מספר 26-6056,פרסום רשמי של משרד התחבורה והבטיחות בדרכים באתר gov.il (נהלים והנחיות). התוכן המלא בקישור המקור.,government_page,,direct,https://www.gov.il/he/departments/policies/26-6056
act-publications-transport-26-6057,transport,2026-05-04,הוראת רישום כללית מספר 26-6057,פרסום רשמי של משרד התחבורה והבטיחות בדרכים באתר gov.il (נהלים והנחיות). התוכן המלא בקישור המקור.,government_page,,direct,https://www.gov.il/he/departments/policies/26-6057
act-publications-transport-26-6058,transport,2026-05-04,הוראת רישום כללית מספר 26-6058,פרסום רשמי של משרד התחבורה והבטיחות בדרכים באתר gov.il (נהלים והנחיות). התוכן המלא בקישור המקור.,government_page,,direct,https://www.gov.il/he/departments/policies/26-6058
act-publications-transport-26-6059,transport,2026-05-04,הוראת רישום כללית מספר 26-6059,פרסום רשמי של משרד התחבורה והבטיחות בדרכים באתר gov.il (נהלים והנחיות). התוכן המלא בקישור המקור.,government_page,,direct,https://www.gov.il/he/departments/policies/26-6059
act-publications-transport-26-7160,transport,2026-05-04,הוראת רישום כללית מספר 26-7160,פרסום רשמי של משרד התחבורה והבטיחות בדרכים באתר gov.il (נהלים והנחיות). התוכן המלא בקישור המקור.,government_page,,direct,https://www.gov.il/he/departments/policies/26-7160
act-publications-transport-26-7161,transport,2026-05-04,הוראת רישום כללית מספר 26-7161,פרסום רשמי של משרד התחבורה והבטיחות בדרכים באתר gov.il (נהלים והנחיות). התוכן המלא בקישור המקור.,government_page,,direct,https://www.gov.il/he/departments/policies/26-7161
act-publications-transport-26-7162,transport,2026-05-04,הוראת רישום כללית מספר 26-7162,פרסום רשמי של משרד התחבורה והבטיחות בדרכים באתר gov.il (נהלים והנחיות). התוכן המלא בקישור המקור.,government_page,,direct,https://www.gov.il/he/departments/policies/26-7162
act-publications-transport-26-7164,transport,2026-05-04,הוראת רישום כללית מספר 26-7164,פרסום רשמי של משרד התחבורה והבטיחות בדרכים באתר gov.il (נהלים והנחיות). התוכן המלא בקישור המקור.,government_page,,direct,https://www.gov.il/he/departments/policies/26-7164
act-publications-transport-26-7166,transport,2026-05-04,הוראת רישום כללית מספר 26-7166,פרסום רשמי של משרד התחבורה והבטיחות בדרכים באתר gov.il (נהלים והנחיות). התוכן המלא בקישור המקור.,government_page,,direct,https://www.gov.il/he/departments/policies/26-7166
act-publications-transport-26-7167,transport,2026-05-04,הוראת רישום כללית מספר 26-7167,פרסום רשמי של משרד התחבורה והבטיחות בדרכים באתר gov.il (נהלים והנחיות). התוכן המלא בקישור המקור.,government_page,,direct,https://www.gov.il/he/departments/policies/26-7167
act-publications-transport-26-7168,transport,2026-05-04,הוראת רישום כללית מספר 26-7168,פרסום רשמי של משרד התחבורה והבטיחות בדרכים באתר gov.il (נהלים והנחיות). התוכן המלא בקישור המקור.,government_page,,direct,https://www.gov.il/he/departments/policies/26-7168
act-publications-transport-procedure-s-23-04,transport,2026-05-04,"נוהל מספר S-23-04- עדכון 02 יבוא, יצור, הטבעה, שיווק, הנפקה ורישום לוחיות זיהוי לכלי רכב",פרסום רשמי של משרד התחבורה והבטיחות בדרכים באתר gov.il (נהלים והנחיות). התוכן המלא בקישור המקור.,government_page,regulation,direct,https://www.gov.il/he/departments/policies/procedure-s-23-04
act-publications-sec-29-nohal_0804_moch,sec-29,2026-05-03,נוהל השתתפות בתשלום שכר דירה,פרסום רשמי של משרד הבינוי והשיכון באתר gov.il (נהלים והנחיות). התוכן המלא בקישור המקור.,government_page,regulation,direct,https://www.gov.il/he/departments/policies/nohal_0804_moch
act-publications-sec-34-74005,sec-34,2026-05-03,החלטה מס' 74005 - הארכת מועדים להקמת מתקנים לייצור חשמל בכל רחבי ישראל,פרסום רשמי של רשות החשמל באתר gov.il (החלטות). התוכן המלא בקישור המקור.,government_page,regulation,direct,https://www.gov.il/he/departments/policies/74005
act-publications-sec-4-directive-12-2026,sec-4,2026-05-03,תפקוד אגפי טכנולוגיות דיגיטליות במשרדי הממשלה ויחידות הסמך,"פרסום רשמי של נציבות שירות המדינה באתר gov.il (חוזרים והוראות מנכ""ל). התוכן המלא בקישור המקור.",government_page,digital,direct,https://www.gov.il/he/departments/policies/directive-12-2026
act-publications-sec-4-tashpav6,sec-4,2026-05-03,הודעה מס' פו/6 - עדכון ימי הבראה לרופאים,פרסום רשמי של נציבות שירות המדינה באתר gov.il (הודעות נציבות שירות המדינה). התוכן המלא בקישור המקור.,government_page,,direct,https://www.gov.il/he/departments/policies/tashpav6
act-publications-sec-4-tashpav7,sec-4,2026-05-03,הודעה מס' פו/7 - הכשרה לבדיקת עמידה בתנאי סף,פרסום רשמי של נציבות שירות המדינה באתר gov.il (הודעות נציבות שירות המדינה). התוכן המלא בקישור המקור.,government_page,,direct,https://www.gov.il/he/departments/policies/tashpav7
act-publications-transport-cyber-requirements-electronic,transport,2026-05-03,מפרט דרישות סייבר- הקשחה מערכת שילוט אלקטרוני,פרסום רשמי של משרד התחבורה והבטיחות בדרכים באתר gov.il (נהלים כלליים). התוכן המלא בקישור המקור.,government_page,,direct,https://www.gov.il/he/departments/policies/cyber-requirements-electronic
act-publications-health-mch-216277326,health,2026-04-30,המעבר מבית החולים לקהילה לאחר לידה,פרסום רשמי של משרד הבריאות באתר gov.il (נהלים והנחיות). התוכן המלא בקישור המקור.,government_page,,direct,https://www.gov.il/he/departments/policies/mch-216277326
act-publications-health-nd257-2026,health,2026-04-30,"אחריות משמרת במחלקות, מרפאות ויחידות טיפול באשפוז ובקהילה – עדכון 2026",פרסום רשמי של משרד הבריאות באתר gov.il (חוזרים ונהלים). התוכן המלא בקישור המקור.,government_page,,direct,https://www.gov.il/he/departments/policies/nd257-2026
act-publications-sec-34-74002,sec-34,2026-04-30,"החלטה מס' 74002- הפחתת ערבות ברישיון מותנה מס' 00850524 דליה אנרגיות הרחבה בע""מ",פרסום רשמי של רשות החשמל באתר gov.il (החלטות). התוכן המלא בקישור המקור.,government_page,,direct,https://www.gov.il/he/departments/policies/74002
act-publications-sec-34-74003,sec-34,2026-04-30,"החלטה מס' 74003- החלטה לביטול רישיון מותנה מס' 00554615 לחוות טורבינות גבע, שותפות מוגבלת",פרסום רשמי של רשות החשמל באתר gov.il (החלטות). התוכן המלא בקישור המקור.,government_page,,direct,https://www.gov.il/he/departments/policies/74003
act-publications-sec-34-74004,sec-34,2026-04-30,"החלטה מס' 74004- החלטה לביטול רישיון מותנה מס' 00713216 לאנלייט כסרא אנרגיית רוח, שותפות מוגבלת",פרסום רשמי של רשות החשמל באתר gov.il (החלטות). התוכן המלא בקישור המקור.,government_page,,direct,https://www.gov.il/he/departments/policies/74004
act-publications-sec-34-74006,sec-34,2026-04-30,"החלטה מס' 74006- אישור לשעבוד נכסים ברישיון מותנה מספר 01441625 של אשכול אבשל אנרגיות בע""מ",פרסום רשמי של רשות החשמל באתר gov.il (החלטות). התוכן המלא בקישור המקור.,government_page,,direct,https://www.gov.il/he/departments/policies/74006
act-publications-sec-34-74007,sec-34,2026-04-30,"החלטה מס' 74007 - אישור עבור חברת פארק סולארי דימונה 2 סאן בע""מ הזוכה במכרז חשכ""ל להקמת מתקן פוטו-וולטאי בשטח דימונה, לשעבד את נכסי רישיון הייצור אשר יוענק לה",פרסום רשמי של רשות החשמל באתר gov.il (החלטות). התוכן המלא בקישור המקור.,government_page,procurement; regulation; workforce,direct,https://www.gov.il/he/departments/policies/74007
act-publications-sec-34-74008,sec-34,2026-04-30,החלטה מס'  74008 -עדכון תעריף 2026 לצרכני חברת החשמל מזרח ירושלים,פרסום רשמי של רשות החשמל באתר gov.il (החלטות). התוכן המלא בקישור המקור.,government_page,,direct,https://www.gov.il/he/departments/policies/74008
act-publications-transport-lag-baomer-transporting-safety-guidelines,transport,2026-04-30,"הנחיות מיוחדות לבטיחות בהסעות ל""ג בעומר",פרסום רשמי של משרד התחבורה והבטיחות בדרכים באתר gov.il (נהלים והנחיות). התוכן המלא בקישור המקור.,government_page,,direct,https://www.gov.il/he/departments/policies/lag-baomer-transporting-safety-guidelines
act-publications-transport-periods-extensions-law,transport,2026-04-30,חוק הארכת תקופות ודחיית מועדים - הוראת שעה - שאגת הארי,פרסום רשמי של משרד התחבורה והבטיחות בדרכים באתר gov.il (נהלים והנחיות). התוכן המלא בקישור המקור.,government_page,,direct,https://www.gov.il/he/departments/policies/periods-extensions-law
act-publications-transport-26-3136,transport,2026-04-29,הוראת רישום כללית מספר 26-3136,פרסום רשמי של משרד התחבורה והבטיחות בדרכים באתר gov.il (נהלים והנחיות). התוכן המלא בקישור המקור.,government_page,,direct,https://www.gov.il/he/departments/policies/26-3136
act-publications-transport-26-5108,transport,2026-04-29,הוראת רישום כללית מספר 26-5108,פרסום רשמי של משרד התחבורה והבטיחות בדרכים באתר gov.il (נהלים והנחיות). התוכן המלא בקישור המקור.,government_page,,direct,https://www.gov.il/he/departments/policies/26-5108
act-publications-transport-26-7119,transport,2026-04-29,הוראת רישום כללית מספר 26-7119,פרסום רשמי של משרד התחבורה והבטיחות בדרכים באתר gov.il (נהלים והנחיות). התוכן המלא בקישור המקור.,government_page,,direct,https://www.gov.il/he/departments/policies/26-7119
act-publications-transport-26-7120,transport,2026-04-29,הוראת רישום כללית מספר 26-7120,פרסום רשמי של משרד התחבורה והבטיחות בדרכים באתר gov.il (נהלים והנחיות). התוכן המלא בקישור המקור.,government_page,,direct,https://www.gov.il/he/departments/policies/26-7120
act-publications-transport-26-7121,transport,2026-04-29,הוראת רישום כללית מספר 26-7121,פרסום רשמי של משרד התחבורה והבטיחות בדרכים באתר gov.il (נהלים והנחיות). התוכן המלא בקישור המקור.,government_page,,direct,https://www.gov.il/he/departments/policies/26-7121
act-publications-transport-26-7122,transport,2026-04-29,הוראת רישום כללית מספר 26-7122,פרסום רשמי של משרד התחבורה והבטיחות בדרכים באתר gov.il (נהלים והנחיות). התוכן המלא בקישור המקור.,government_page,,direct,https://www.gov.il/he/departments/policies/26-7122
act-publications-transport-26-7123,transport,2026-04-29,הוראת רישום כללית מספר 26-7123,פרסום רשמי של משרד התחבורה והבטיחות בדרכים באתר gov.il (נהלים והנחיות). התוכן המלא בקישור המקור.,government_page,,direct,https://www.gov.il/he/departments/policies/26-7123
act-publications-transport-26-7124,transport,2026-04-29,הוראת רישום כללית מספר 26-7124,פרסום רשמי של משרד התחבורה והבטיחות בדרכים באתר gov.il (נהלים והנחיות). התוכן המלא בקישור המקור.,government_page,,direct,https://www.gov.il/he/departments/policies/26-7124
act-publications-transport-26-7127,transport,2026-04-29,הוראת רישום כללית מספר 26-7127,פרסום רשמי של משרד התחבורה והבטיחות בדרכים באתר gov.il (נהלים והנחיות). התוכן המלא בקישור המקור.,government_page,,direct,https://www.gov.il/he/departments/policies/26-7127
act-publications-transport-26-7128,transport,2026-04-29,הוראת רישום כללית מספר 26-7128,פרסום רשמי של משרד התחבורה והבטיחות בדרכים באתר gov.il (נהלים והנחיות). התוכן המלא בקישור המקור.,government_page,,direct,https://www.gov.il/he/departments/policies/26-7128
act-publications-transport-26-7129,transport,2026-04-29,הוראת רישום כללית מספר 26-7129,פרסום רשמי של משרד התחבורה והבטיחות בדרכים באתר gov.il (נהלים והנחיות). התוכן המלא בקישור המקור.,government_page,,direct,https://www.gov.il/he/departments/policies/26-7129
act-publications-transport-26-7130,transport,2026-04-29,הוראת רישום כללית מספר 26-7130,פרסום רשמי של משרד התחבורה והבטיחות בדרכים באתר gov.il (נהלים והנחיות). התוכן המלא בקישור המקור.,government_page,,direct,https://www.gov.il/he/departments/policies/26-7130
act-publications-transport-26-7132,transport,2026-04-29,הוראת רישום כללית מספר 26-7132,פרסום רשמי של משרד התחבורה והבטיחות בדרכים באתר gov.il (נהלים והנחיות). התוכן המלא בקישור המקור.,government_page,,direct,https://www.gov.il/he/departments/policies/26-7132
act-publications-transport-26-7135,transport,2026-04-29,הוראת רישום כללית מספר 26-7135,פרסום רשמי של משרד התחבורה והבטיחות בדרכים באתר gov.il (נהלים והנחיות). התוכן המלא בקישור המקור.,government_page,,direct,https://www.gov.il/he/departments/policies/26-7135
act-publications-transport-26-7136,transport,2026-04-29,הוראת רישום כללית מספר 26-7136,פרסום רשמי של משרד התחבורה והבטיחות בדרכים באתר gov.il (נהלים והנחיות). התוכן המלא בקישור המקור.,government_page,,direct,https://www.gov.il/he/departments/policies/26-7136
act-publications-transport-26-7139,transport,2026-04-29,הוראת רישום כללית מספר 26-7139,פרסום רשמי של משרד התחבורה והבטיחות בדרכים באתר gov.il (נהלים והנחיות). התוכן המלא בקישור המקור.,government_page,,direct,https://www.gov.il/he/departments/policies/26-7139
act-publications-transport-26-7141,transport,2026-04-29,הוראת רישום כללית מספר 26-7141,פרסום רשמי של משרד התחבורה והבטיחות בדרכים באתר gov.il (נהלים והנחיות). התוכן המלא בקישור המקור.,government_page,,direct,https://www.gov.il/he/departments/policies/26-7141
act-publications-transport-26-7142,transport,2026-04-29,הוראת רישום כללית מספר 26-7142,פרסום רשמי של משרד התחבורה והבטיחות בדרכים באתר gov.il (נהלים והנחיות). התוכן המלא בקישור המקור.,government_page,,direct,https://www.gov.il/he/departments/policies/26-7142
act-publications-transport-26-7145,transport,2026-04-29,הוראת רישום כללית מספר 26-7145,פרסום רשמי של משרד התחבורה והבטיחות בדרכים באתר gov.il (נהלים והנחיות). התוכן המלא בקישור המקור.,government_page,,direct,https://www.gov.il/he/departments/policies/26-7145
act-publications-transport-26-7146,transport,2026-04-29,הוראת רישום כללית מספר 26-7146,פרסום רשמי של משרד התחבורה והבטיחות בדרכים באתר gov.il (נהלים והנחיות). התוכן המלא בקישור המקור.,government_page,,direct,https://www.gov.il/he/departments/policies/26-7146
act-publications-transport-26-7147,transport,2026-04-29,הוראת רישום כללית מספר 26-7147,פרסום רשמי של משרד התחבורה והבטיחות בדרכים באתר gov.il (נהלים והנחיות). התוכן המלא בקישור המקור.,government_page,,direct,https://www.gov.il/he/departments/policies/26-7147
act-publications-transport-26-7151,transport,2026-04-29,הוראת רישום כללית מספר 26-7151,פרסום רשמי של משרד התחבורה והבטיחות בדרכים באתר gov.il (נהלים והנחיות). התוכן המלא בקישור המקור.,government_page,,direct,https://www.gov.il/he/departments/policies/26-7151
act-publications-transport-26-7153,transport,2026-04-29,הוראת רישום כללית מספר 26-7153,פרסום רשמי של משרד התחבורה והבטיחות בדרכים באתר gov.il (נהלים והנחיות). התוכן המלא בקישור המקור.,government_page,,direct,https://www.gov.il/he/departments/policies/26-7153
act-publications-transport-26-7155,transport,2026-04-29,הוראת רישום כללית מספר 26-7155,פרסום רשמי של משרד התחבורה והבטיחות בדרכים באתר gov.il (נהלים והנחיות). התוכן המלא בקישור המקור.,government_page,,direct,https://www.gov.il/he/departments/policies/26-7155
act-publications-transport-26-7156,transport,2026-04-29,הוראת רישום כללית מספר 26-7156,פרסום רשמי של משרד התחבורה והבטיחות בדרכים באתר gov.il (נהלים והנחיות). התוכן המלא בקישור המקור.,government_page,,direct,https://www.gov.il/he/departments/policies/26-7156
act-publications-transport-26-7158,transport,2026-04-29,הוראת רישום כללית מספר 26-7158,פרסום רשמי של משרד התחבורה והבטיחות בדרכים באתר gov.il (נהלים והנחיות). התוכן המלא בקישור המקור.,government_page,,direct,https://www.gov.il/he/departments/policies/26-7158
act-publications-transport-26-7159,transport,2026-04-29,הוראת רישום כללית מספר 26-7159,פרסום רשמי של משרד התחבורה והבטיחות בדרכים באתר gov.il (נהלים והנחיות). התוכן המלא בקישור המקור.,government_page,,direct,https://www.gov.il/he/departments/policies/26-7159
act-publications-sec-19-electric_motorcycles_technical_rules,sec-19,2026-04-28,כללים טכניים אופנועים חשמליים,פרסום רשמי של משרד התרבות והספורט באתר gov.il (נהלים רגולטוריים). התוכן המלא בקישור המקור.,government_page,,direct,https://www.gov.il/he/departments/policies/electric_motorcycles_technical_rules
act-publications-sec-4-directive-10-2026,sec-4,2026-04-28,היום הבינלאומי ללא עישון - שנת 2026,"פרסום רשמי של נציבות שירות המדינה באתר gov.il (חוזרים והוראות מנכ""ל). התוכן המלא בקישור המקור.",government_page,,direct,https://www.gov.il/he/departments/policies/directive-10-2026
act-publications-sec-4-directive-11-2026,sec-4,2026-04-28,שבוע בטיחות הילד 2026,"פרסום רשמי של נציבות שירות המדינה באתר gov.il (חוזרים והוראות מנכ""ל). התוכן המלא בקישור המקור.",government_page,,direct,https://www.gov.il/he/departments/policies/directive-11-2026
act-publications-sec-4-tashpav4,sec-4,2026-04-28,"הודעה מס' פו/4 - אישור נציב שירות המדינה להטלת תפקיד או מינוי בפועל בדרגות 42-44 ומעלה בדירוג המח""ר או בדרגות המקבילות בדירוגים אחרים",פרסום רשמי של נציבות שירות המדינה באתר gov.il (הודעות נציבות שירות המדינה). התוכן המלא בקישור המקור.,government_page,,direct,https://www.gov.il/he/departments/policies/tashpav4
act-publications-sec-4-tashpav5,sec-4,2026-04-28,הודעה מס' פו/5 - הגשת הצהרות רכוש באופן מקוון וביטול המעטפה הכחולה בסעיף  14.24,פרסום רשמי של נציבות שירות המדינה באתר gov.il (הודעות נציבות שירות המדינה). התוכן המלא בקישור המקור.,government_page,,direct,https://www.gov.il/he/departments/policies/tashpav5
act-publications-transport-26-5052,transport,2026-04-28,הוראת רישום כללית מספר 26-5052,פרסום רשמי של משרד התחבורה והבטיחות בדרכים באתר gov.il (נהלים והנחיות). התוכן המלא בקישור המקור.,government_page,,direct,https://www.gov.il/he/departments/policies/26-5052
act-publications-transport-26-5084,transport,2026-04-28,הוראת רישום כללית מספר 26-5084,פרסום רשמי של משרד התחבורה והבטיחות בדרכים באתר gov.il (נהלים והנחיות). התוכן המלא בקישור המקור.,government_page,,direct,https://www.gov.il/he/departments/policies/26-5084
act-publications-transport-26-5091,transport,2026-04-28,הוראת רישום כללית מספר 26-5091,פרסום רשמי של משרד התחבורה והבטיחות בדרכים באתר gov.il (נהלים והנחיות). התוכן המלא בקישור המקור.,government_page,,direct,https://www.gov.il/he/departments/policies/26-5091
act-publications-transport-26-5092,transport,2026-04-28,הוראת רישום כללית מספר 26-5092,פרסום רשמי של משרד התחבורה והבטיחות בדרכים באתר gov.il (נהלים והנחיות). התוכן המלא בקישור המקור.,government_page,,direct,https://www.gov.il/he/departments/policies/26-5092
act-publications-transport-26-5096,transport,2026-04-28,הוראת רישום כללית מספר 26-5096,פרסום רשמי של משרד התחבורה והבטיחות בדרכים באתר gov.il (נהלים והנחיות). התוכן המלא בקישור המקור.,government_page,,direct,https://www.gov.il/he/departments/policies/26-5096
act-publications-transport-26-5097,transport,2026-04-28,הוראת רישום כללית מספר 26-5097,פרסום רשמי של משרד התחבורה והבטיחות בדרכים באתר gov.il (נהלים והנחיות). התוכן המלא בקישור המקור.,government_page,,direct,https://www.gov.il/he/departments/policies/26-5097
act-publications-transport-26-5098,transport,2026-04-28,הוראת רישום כללית מספר 26-5098,פרסום רשמי של משרד התחבורה והבטיחות בדרכים באתר gov.il (נהלים והנחיות). התוכן המלא בקישור המקור.,government_page,,direct,https://www.gov.il/he/departments/policies/26-5098
act-publications-transport-26-5099,transport,2026-04-28,הוראת רישום כללית מספר 26-5099,פרסום רשמי של משרד התחבורה והבטיחות בדרכים באתר gov.il (נהלים והנחיות). התוכן המלא בקישור המקור.,government_page,,direct,https://www.gov.il/he/departments/policies/26-5099
act-publications-transport-26-5100,transport,2026-04-28,הוראת רישום כללית מספר 26-5100,פרסום רשמי של משרד התחבורה והבטיחות בדרכים באתר gov.il (נהלים והנחיות). התוכן המלא בקישור המקור.,government_page,,direct,https://www.gov.il/he/departments/policies/26-5100
act-publications-transport-26-5101,transport,2026-04-28,הוראת רישום כללית מספר 26-5101,פרסום רשמי של משרד התחבורה והבטיחות בדרכים באתר gov.il (נהלים והנחיות). התוכן המלא בקישור המקור.,government_page,,direct,https://www.gov.il/he/departments/policies/26-5101
act-publications-transport-26-5102,transport,2026-04-28,הוראת רישום כללית מספר 26-5102,פרסום רשמי של משרד התחבורה והבטיחות בדרכים באתר gov.il (נהלים והנחיות). התוכן המלא בקישור המקור.,government_page,,direct,https://www.gov.il/he/departments/policies/26-5102
act-publications-transport-26-5103,transport,2026-04-28,הוראת רישום כללית מספר 26-5103,פרסום רשמי של משרד התחבורה והבטיחות בדרכים באתר gov.il (נהלים והנחיות). התוכן המלא בקישור המקור.,government_page,,direct,https://www.gov.il/he/departments/policies/26-5103
act-publications-transport-26-5104,transport,2026-04-28,הוראת רישום כללית מספר 26-5104,פרסום רשמי של משרד התחבורה והבטיחות בדרכים באתר gov.il (נהלים והנחיות). התוכן המלא בקישור המקור.,government_page,,direct,https://www.gov.il/he/departments/policies/26-5104
act-publications-transport-26-5105,transport,2026-04-28,הוראת רישום כללית מספר 26-5105,פרסום רשמי של משרד התחבורה והבטיחות בדרכים באתר gov.il (נהלים והנחיות). התוכן המלא בקישור המקור.,government_page,,direct,https://www.gov.il/he/departments/policies/26-5105
act-publications-transport-26-7131,transport,2026-04-28,הוראת רישום כללית מספר 26-7131,פרסום רשמי של משרד התחבורה והבטיחות בדרכים באתר gov.il (נהלים והנחיות). התוכן המלא בקישור המקור.,government_page,,direct,https://www.gov.il/he/departments/policies/26-7131
act-publications-transport-26-7134,transport,2026-04-28,הוראת רישום כללית מספר 26-7134,פרסום רשמי של משרד התחבורה והבטיחות בדרכים באתר gov.il (נהלים והנחיות). התוכן המלא בקישור המקור.,government_page,,direct,https://www.gov.il/he/departments/policies/26-7134
act-publications-transport-26-7138,transport,2026-04-28,הוראת רישום כללית מספר 26-7138,פרסום רשמי של משרד התחבורה והבטיחות בדרכים באתר gov.il (נהלים והנחיות). התוכן המלא בקישור המקור.,government_page,,direct,https://www.gov.il/he/departments/policies/26-7138
act-publications-transport-26-7140,transport,2026-04-28,הוראת רישום כללית מספר 26-7140,פרסום רשמי של משרד התחבורה והבטיחות בדרכים באתר gov.il (נהלים והנחיות). התוכן המלא בקישור המקור.,government_page,,direct,https://www.gov.il/he/departments/policies/26-7140
act-publications-transport-26-7143,transport,2026-04-28,הוראת רישום כללית מספר 26-7143,פרסום רשמי של משרד התחבורה והבטיחות בדרכים באתר gov.il (נהלים והנחיות). התוכן המלא בקישור המקור.,government_page,,direct,https://www.gov.il/he/departments/policies/26-7143
act-publications-transport-26-7144,transport,2026-04-28,הוראת רישום כללית מספר 26-7144,פרסום רשמי של משרד התחבורה והבטיחות בדרכים באתר gov.il (נהלים והנחיות). התוכן המלא בקישור המקור.,government_page,,direct,https://www.gov.il/he/departments/policies/26-7144
act-publications-transport-26-7148,transport,2026-04-28,הוראת רישום כללית מספר 26-7148,פרסום רשמי של משרד התחבורה והבטיחות בדרכים באתר gov.il (נהלים והנחיות). התוכן המלא בקישור המקור.,government_page,,direct,https://www.gov.il/he/departments/policies/26-7148
act-publications-transport-26-7149,transport,2026-04-28,הוראת רישום כללית מספר 26-7149,פרסום רשמי של משרד התחבורה והבטיחות בדרכים באתר gov.il (נהלים והנחיות). התוכן המלא בקישור המקור.,government_page,,direct,https://www.gov.il/he/departments/policies/26-7149
act-publications-transport-26-7150,transport,2026-04-28,הוראת רישום כללית מספר 26-7150,פרסום רשמי של משרד התחבורה והבטיחות בדרכים באתר gov.il (נהלים והנחיות). התוכן המלא בקישור המקור.,government_page,,direct,https://www.gov.il/he/departments/policies/26-7150
act-publications-transport-26-7154,transport,2026-04-28,הוראת רישום כללית מספר 26-7154,פרסום רשמי של משרד התחבורה והבטיחות בדרכים באתר gov.il (נהלים והנחיות). התוכן המלא בקישור המקור.,government_page,,direct,https://www.gov.il/he/departments/policies/26-7154
act-publications-health-nd254-2026,health,2026-04-26,לא בתוקף - סמכויות אחים ואחיות מומחים קליניים באונקולוגיה והמטולוגיה,פרסום רשמי של משרד הבריאות באתר gov.il (חוזרים ונהלים). התוכן המלא בקישור המקור.,government_page,,direct,https://www.gov.il/he/departments/policies/nd254-2026
act-publications-health-nd255-2026,health,2026-04-26,סמכויות אח/ות מומחים בטיפול נמרץ ילדים,פרסום רשמי של משרד הבריאות באתר gov.il (חוזרים ונהלים). התוכן המלא בקישור המקור.,government_page,,direct,https://www.gov.il/he/departments/policies/nd255-2026
act-publications-health-nd256-2026,health,2026-04-26,עדכון סמכויות אחיות ואחים מומחים בפגים,פרסום רשמי של משרד הבריאות באתר gov.il (חוזרים ונהלים). התוכן המלא בקישור המקור.,government_page,,direct,https://www.gov.il/he/departments/policies/nd256-2026
act-publications-transport-26-0195,transport,2026-04-26,הוראת רישום כללית מספר 26-0195,פרסום רשמי של משרד התחבורה והבטיחות בדרכים באתר gov.il (נהלים והנחיות). התוכן המלא בקישור המקור.,government_page,,direct,https://www.gov.il/he/departments/policies/26-0195
act-publications-transport-26-5075,transport,2026-04-26,הוראת רישום כללית מספר 26-5075,פרסום רשמי של משרד התחבורה והבטיחות בדרכים באתר gov.il (נהלים והנחיות). התוכן המלא בקישור המקור.,government_page,,direct,https://www.gov.il/he/departments/policies/26-5075
act-publications-transport-26-5076,transport,2026-04-26,הוראת רישום כללית מספר 26-5076,פרסום רשמי של משרד התחבורה והבטיחות בדרכים באתר gov.il (נהלים והנחיות). התוכן המלא בקישור המקור.,government_page,,direct,https://www.gov.il/he/departments/policies/26-5076
act-publications-transport-26-5077,transport,2026-04-26,הוראת רישום כללית מספר 26-5077,פרסום רשמי של משרד התחבורה והבטיחות בדרכים באתר gov.il (נהלים והנחיות). התוכן המלא בקישור המקור.,government_page,,direct,https://www.gov.il/he/departments/policies/26-5077
act-publications-transport-26-5078,transport,2026-04-26,הוראת רישום כללית מספר 26-5078,פרסום רשמי של משרד התחבורה והבטיחות בדרכים באתר gov.il (נהלים והנחיות). התוכן המלא בקישור המקור.,government_page,,direct,https://www.gov.il/he/departments/policies/26-5078
act-publications-transport-26-5079,transport,2026-04-26,הוראת רישום כללית מספר 26-5079,פרסום רשמי של משרד התחבורה והבטיחות בדרכים באתר gov.il (נהלים והנחיות). התוכן המלא בקישור המקור.,government_page,,direct,https://www.gov.il/he/departments/policies/26-5079
act-publications-transport-26-5080,transport,2026-04-26,הוראת רישום כללית מספר 26-5080,פרסום רשמי של משרד התחבורה והבטיחות בדרכים באתר gov.il (נהלים והנחיות). התוכן המלא בקישור המקור.,government_page,,direct,https://www.gov.il/he/departments/policies/26-5080
act-publications-transport-26-5081,transport,2026-04-26,הוראת רישום כללית מספר 26-5081,פרסום רשמי של משרד התחבורה והבטיחות בדרכים באתר gov.il (נהלים והנחיות). התוכן המלא בקישור המקור.,government_page,,direct,https://www.gov.il/he/departments/policies/26-5081
act-publications-transport-26-5082,transport,2026-04-26,הוראת רישום כללית מספר 26-5082,פרסום רשמי של משרד התחבורה והבטיחות בדרכים באתר gov.il (נהלים והנחיות). התוכן המלא בקישור המקור.,government_page,,direct,https://www.gov.il/he/departments/policies/26-5082
act-publications-transport-26-5083,transport,2026-04-26,הוראת רישום כללית מספר 26-5083,פרסום רשמי של משרד התחבורה והבטיחות בדרכים באתר gov.il (נהלים והנחיות). התוכן המלא בקישור המקור.,government_page,,direct,https://www.gov.il/he/departments/policies/26-5083
act-publications-transport-26-5085,transport,2026-04-26,הוראת רישום כללית מספר 26-5085,פרסום רשמי של משרד התחבורה והבטיחות בדרכים באתר gov.il (נהלים והנחיות). התוכן המלא בקישור המקור.,government_page,,direct,https://www.gov.il/he/departments/policies/26-5085
act-publications-transport-26-5086,transport,2026-04-26,הוראת רישום כללית מספר 26-5086,פרסום רשמי של משרד התחבורה והבטיחות בדרכים באתר gov.il (נהלים והנחיות). התוכן המלא בקישור המקור.,government_page,,direct,https://www.gov.il/he/departments/policies/26-5086
act-publications-transport-26-5087,transport,2026-04-26,הוראת רישום כללית מספר 26-5087,פרסום רשמי של משרד התחבורה והבטיחות בדרכים באתר gov.il (נהלים והנחיות). התוכן המלא בקישור המקור.,government_page,,direct,https://www.gov.il/he/departments/policies/26-5087
act-publications-transport-26-5093,transport,2026-04-26,הוראת רישום כללית מספר 26-5093,פרסום רשמי של משרד התחבורה והבטיחות בדרכים באתר gov.il (נהלים והנחיות). התוכן המלא בקישור המקור.,government_page,,direct,https://www.gov.il/he/departments/policies/26-5093
act-publications-transport-26-5095,transport,2026-04-26,הוראת רישום כללית מספר 26-5095,פרסום רשמי של משרד התחבורה והבטיחות בדרכים באתר gov.il (נהלים והנחיות). התוכן המלא בקישור המקור.,government_page,,direct,https://www.gov.il/he/departments/policies/26-5095
act-publications-economy-economy-dgi-instructions-04-86,economy,2026-04-23,"הוראת מנכ""ל 4.86 -התכנית לשילוב מתמחים שזו עבודתם הראשונה בענפי ההייטק והתעשייה המתקדמת ביישובים צמודי הגדר","פרסום רשמי של משרד הכלכלה והתעשייה באתר gov.il (חוזרים והוראות מנכ""ל). התוכן המלא בקישור המקור.",government_page,,direct,https://www.gov.il/he/departments/policies/economy-dgi-instructions-04-86
act-publications-sec-36-managers-appointment,sec-36,2026-04-21,נוהל מינוי מנהלים,פרסום רשמי של משרד העבודה באתר gov.il (נהלים והנחיות). התוכן המלא בקישור המקור.,government_page,regulation,direct,https://www.gov.il/he/departments/policies/managers-appointment
act-publications-health-epi-189202026,health,2026-04-20,"המלצות לחיסונים ולהתנהגות בריאות לעולי הרגל למכה (החאג'), ערב הסעודית מאי 2026",פרסום רשמי של משרד הבריאות באתר gov.il (נהלים והנחיות). התוכן המלא בקישור המקור.,government_page,regulation,direct,https://www.gov.il/he/departments/policies/epi-189202026
act-publications-transport-26-4267,transport,2026-04-20,הוראת רישום כללית מספר 26-4267,פרסום רשמי של משרד התחבורה והבטיחות בדרכים באתר gov.il (נהלים והנחיות). התוכן המלא בקישור המקור.,government_page,,direct,https://www.gov.il/he/departments/policies/26-4267
act-publications-transport-26-6050,transport,2026-04-20,הוראת רישום כללית מספר 26-6050,פרסום רשמי של משרד התחבורה והבטיחות בדרכים באתר gov.il (נהלים והנחיות). התוכן המלא בקישור המקור.,government_page,,direct,https://www.gov.il/he/departments/policies/26-6050
act-publications-transport-26-6051,transport,2026-04-20,הוראת רישום כללית מספר 26-6051,פרסום רשמי של משרד התחבורה והבטיחות בדרכים באתר gov.il (נהלים והנחיות). התוכן המלא בקישור המקור.,government_page,,direct,https://www.gov.il/he/departments/policies/26-6051
act-publications-transport-26-6052,transport,2026-04-20,הוראת רישום כללית מספר 26-6052,פרסום רשמי של משרד התחבורה והבטיחות בדרכים באתר gov.il (נהלים והנחיות). התוכן המלא בקישור המקור.,government_page,,direct,https://www.gov.il/he/departments/policies/26-6052
act-publications-transport-26-7089,transport,2026-04-20,הוראת רישום כללית מספר 26-7089,פרסום רשמי של משרד התחבורה והבטיחות בדרכים באתר gov.il (נהלים והנחיות). התוכן המלא בקישור המקור.,government_page,,direct,https://www.gov.il/he/departments/policies/26-7089
act-publications-transport-26-7094,transport,2026-04-20,הוראת רישום כללית מספר 26-7094,פרסום רשמי של משרד התחבורה והבטיחות בדרכים באתר gov.il (נהלים והנחיות). התוכן המלא בקישור המקור.,government_page,,direct,https://www.gov.il/he/departments/policies/26-7094
act-publications-transport-26-7111,transport,2026-04-20,הוראת רישום כללית מספר 26-7111,פרסום רשמי של משרד התחבורה והבטיחות בדרכים באתר gov.il (נהלים והנחיות). התוכן המלא בקישור המקור.,government_page,,direct,https://www.gov.il/he/departments/policies/26-7111
act-publications-transport-26-7112,transport,2026-04-20,הוראת רישום כללית מספר 26-7112,פרסום רשמי של משרד התחבורה והבטיחות בדרכים באתר gov.il (נהלים והנחיות). התוכן המלא בקישור המקור.,government_page,,direct,https://www.gov.il/he/departments/policies/26-7112
act-publications-transport-26-7113,transport,2026-04-20,הוראת רישום כללית מספר 26-7113,פרסום רשמי של משרד התחבורה והבטיחות בדרכים באתר gov.il (נהלים והנחיות). התוכן המלא בקישור המקור.,government_page,,direct,https://www.gov.il/he/departments/policies/26-7113
act-publications-transport-26-7114,transport,2026-04-20,הוראת רישום כללית מספר 26-7114,פרסום רשמי של משרד התחבורה והבטיחות בדרכים באתר gov.il (נהלים והנחיות). התוכן המלא בקישור המקור.,government_page,,direct,https://www.gov.il/he/departments/policies/26-7114
act-publications-transport-26-7115,transport,2026-04-20,הוראת רישום כללית מספר 26-7115,פרסום רשמי של משרד התחבורה והבטיחות בדרכים באתר gov.il (נהלים והנחיות). התוכן המלא בקישור המקור.,government_page,,direct,https://www.gov.il/he/departments/policies/26-7115
act-publications-transport-26-7116,transport,2026-04-20,הוראת רישום כללית מספר 26-7116,פרסום רשמי של משרד התחבורה והבטיחות בדרכים באתר gov.il (נהלים והנחיות). התוכן המלא בקישור המקור.,government_page,,direct,https://www.gov.il/he/departments/policies/26-7116
act-publications-transport-26-7117,transport,2026-04-20,הוראת רישום כללית מספר 26-7117,פרסום רשמי של משרד התחבורה והבטיחות בדרכים באתר gov.il (נהלים והנחיות). התוכן המלא בקישור המקור.,government_page,,direct,https://www.gov.il/he/departments/policies/26-7117
act-publications-transport-26-7118,transport,2026-04-20,הוראת רישום כללית מספר 26-7118,פרסום רשמי של משרד התחבורה והבטיחות בדרכים באתר gov.il (נהלים והנחיות). התוכן המלא בקישור המקור.,government_page,,direct,https://www.gov.il/he/departments/policies/26-7118
act-publications-transport-26-7157,transport,2026-04-20,הוראת רישום כללית מספר 26-7157,פרסום רשמי של משרד התחבורה והבטיחות בדרכים באתר gov.il (נהלים והנחיות). התוכן המלא בקישור המקור.,government_page,,direct,https://www.gov.il/he/departments/policies/26-7157
act-publications-environment-radioactive-materials-back-to-normal,environment,2026-04-19,הנחיות הממונה על הקרינה הסביבתית לעוסקים בחומרים רדיואקטיביים,פרסום רשמי של המשרד להגנת הסביבה באתר gov.il (נהלים כלליים). התוכן המלא בקישור המקור.,government_page,,direct,https://www.gov.il/he/departments/policies/radioactive-materials-back-to-normal
act-publications-sec-4-directive-9-2026,sec-4,2026-04-19,הנחיה בדבר שעות העבודה ביום הזיכרון לחללי מערכות ישראל ונפגעי פעולות האיבה 2026,"פרסום רשמי של נציבות שירות המדינה באתר gov.il (חוזרים והוראות מנכ""ל). התוכן המלא בקישור המקור.",government_page,,direct,https://www.gov.il/he/departments/policies/directive-9-2026
act-publications-sec-6-guidelines_preparing_conservation_lists_local_authorities,sec-6,2026-04-16,קווים מנחים להכנת רשימות שימור ברשויות המקומיות,פרסום רשמי של מינהל התכנון באתר gov.il (נהלים והנחיות). התוכן המלא בקישור המקור.,government_page,,direct,https://www.gov.il/he/departments/policies/guidelines_preparing_conservation_lists_local_authorities
act-publications-sec-4-dec-3846-150426,sec-4,2026-04-15,תוכנית לחיזוק העיר בית שמש – תיקון החלטת ממשלה,פרסום רשמי של משרד ראש הממשלה באתר gov.il (החלטות). התוכן המלא בקישור המקור.,government_page,,direct,https://www.gov.il/he/departments/policies/dec-3846-150426
act-publications-sec-4-dec-3940-150426,sec-4,2026-04-15,מתן מענה מיידי לתושבים שביתם ניזוק ואינו ראוי למגורים,פרסום רשמי של משרד ראש הממשלה באתר gov.il (החלטות). התוכן המלא בקישור המקור.,government_page,,direct,https://www.gov.il/he/departments/policies/dec-3940-150426
act-publications-health-fcs-18824052,health,2026-04-14,"מידע והנחיות למניעת סיכון לאלרגיים לחלב, עקב שימוש ברכיבים ומוצרים המכילים חלבון חלב (BLG)",פרסום רשמי של משרד הבריאות באתר gov.il (נהלים והנחיות). התוכן המלא בקישור המקור.,government_page,,direct,https://www.gov.il/he/departments/policies/fcs-18824052
act-publications-sec-4-dec-ind140426,sec-4,2026-04-14,עדכון החלטה של ועדת המנכלים בעניין הבאה פרטית בענף התעשייה,פרסום רשמי של משרד ראש הממשלה באתר gov.il (החלטות). התוכן המלא בקישור המקור.,government_page,,direct,https://www.gov.il/he/departments/policies/dec-ind140426
act-publications-sec-4-dec-ser140426,sec-4,2026-04-14,עדכון החלטה של ועדת המנכלים בעניין הבאה פרטית בענף המסחר והשירותים,פרסום רשמי של משרד ראש הממשלה באתר gov.il (החלטות). התוכן המלא בקישור המקור.,government_page,,direct,https://www.gov.il/he/departments/policies/dec-ser140426
act-publications-sec-5-procedures-140426-1,sec-5,2026-04-14,נייר עמדה מיסוי מקרקעין מספר 02/2026 – רשות המסים בנושא: תחולת סעיף 49ז לחוק מיסוי מקרקעין במכירת זכות ביחידת מגורים חלופית בעסקאות התחדשות עירונית לאחר תיקון 96 לחוק,פרסום רשמי של רשות המסים בישראל באתר gov.il (ניירות עמדה). התוכן המלא בקישור המקור.,government_page,,direct,https://www.gov.il/he/departments/policies/procedures-140426-1
act-publications-sec-7-news14042026,sec-7,2026-04-14,הוראת שעה: צמצום פעילויות שגרה בעת מלחמה - הארכה מס' 40,פרסום רשמי של שירות בתי הסוהר באתר gov.il (פקודות והוראות). התוכן המלא בקישור המקור.,government_page,emergency; regulation,direct,https://www.gov.il/he/departments/policies/news14042026
act-publications-sec-4-directive-8-2026,sec-4,2026-04-13,"הכללת משרות במתח דרגות 45-43 מח""ר ומקביליהם בדרוגים האחרים הקצובות לפי החלטת ממשלה 2464 במנגנון העברה רוחבי לתפקידי ליבה","פרסום רשמי של נציבות שירות המדינה באתר gov.il (חוזרים והוראות מנכ""ל). התוכן המלא בקישור המקור.",government_page,regulation,direct,https://www.gov.il/he/departments/policies/directive-8-2026
act-publications-health-rehab-645405624,health,2026-04-12,נוהל הפעלת מערך השיקום בבריאות הנפש בשעת חירום,פרסום רשמי של משרד הבריאות באתר gov.il (נהלים והנחיות). התוכן המלא בקישור המקור.,government_page,emergency; regulation,direct,https://www.gov.il/he/departments/policies/rehab-645405624
act-publications-environment-radioactive_materials,environment,2026-04-09,הנחיות הממונה על הקרינה הסביבתית לעוסקים בחומרים רדיואקטיביים,פרסום רשמי של המשרד להגנת הסביבה באתר gov.il (נהלים כלליים). התוכן המלא בקישור המקור.,government_page,,direct,https://www.gov.il/he/departments/policies/radioactive_materials
act-publications-sec-33-procedure_submitting_applications_fishing_license_vessel,sec-33,2026-04-09,"נוהל הגשת בקשות לבחינה מקדימה לקבלת רישיון ""עוסק בדיג"" לספינה",פרסום רשמי של משרד החקלאות וביטחון המזון באתר gov.il (נהלים רגולטוריים). התוכן המלא בקישור המקור.,government_page,regulation,direct,https://www.gov.il/he/departments/policies/procedure_submitting_applications_fishing_license_vessel
act-publications-sec-5-procedures-090426-1,sec-5,2026-04-09,"נייר עמדה מקצועי מספר 05/2026-רשות המיסים בתחום: חוק עידוד השקעות הון ופרק שני 1:קרן להשקעות במקרקעין בפקודת מס הכנסה בנושא: תחולת הטבות מס מכוח חוק לעידוד השקעות הון, התשי""ט 1959-(להלן: ""החוק"") עקב מכירת ""בניין להשכרה"" ורכישתו על ידי קרן להשקעות במקרקעין",פרסום רשמי של רשות המסים בישראל באתר gov.il (ניירות עמדה). התוכן המלא בקישור המקור.,government_page,regulation,direct,https://www.gov.il/he/departments/policies/procedures-090426-1
act-publications-sec-39-31032026,sec-39,2026-03-31,"תיקון רישיון הוט מובייל בע""מ (מספר 125)",פרסום רשמי של משרד התקשורת באתר gov.il (רישיונות). התוכן המלא בקישור המקור.,government_page,,direct,https://www.gov.il/he/departments/policies/31032026
act-publications-sec-39-31032026_1,sec-39,2026-03-31,"תיקון רישיון סלקום ישראל בע""מ (מספר 150)",פרסום רשמי של משרד התקשורת באתר gov.il (רישיונות). התוכן המלא בקישור המקור.,government_page,,direct,https://www.gov.il/he/departments/policies/31032026_1
act-publications-sec-39-31032026_2,sec-39,2026-03-31,"תיקון רישיון פלאפון תקשורת בע""מ (מספר 145)",פרסום רשמי של משרד התקשורת באתר gov.il (רישיונות). התוכן המלא בקישור המקור.,government_page,,direct,https://www.gov.il/he/departments/policies/31032026_2
act-publications-sec-39-31032026_3,sec-39,2026-03-31,"תיקון רישיון פרטנר תקשורת בע""מ (מספר 143)",פרסום רשמי של משרד התקשורת באתר gov.il (רישיונות). התוכן המלא בקישור המקור.,government_page,,direct,https://www.gov.il/he/departments/policies/31032026_3
act-publications-sec-5-inst-02-2026-1,sec-5,2026-03-30,"הוראת ביצוע מיסוי מקרקעין מספר 2/2026 - הארכת מועדים בעקבות מלחמת ""שאגת הארי""",פרסום רשמי של רשות המסים בישראל באתר gov.il (הוראות ביצוע). התוכן המלא בקישור המקור.,government_page,regulation,direct,https://www.gov.il/he/departments/policies/inst-02-2026-1
act-publications-sec-39-29032026,sec-39,2026-03-29,תשלום בעבור שירות משלוח דבר דואר למרכז חלוקה בעבור לקוח עסקי,פרסום רשמי של משרד התקשורת באתר gov.il (החלטות). התוכן המלא בקישור המקור.,government_page,,direct,https://www.gov.il/he/departments/policies/29032026
act-publications-health-iscp-26032026,health,2026-03-26,דרישות קיימות לפעילות מילוי גזים רפואיים,פרסום רשמי של משרד הבריאות באתר gov.il (נהלים והנחיות). התוכן המלא בקישור המקור.,government_page,,direct,https://www.gov.il/he/departments/policies/iscp-26032026
act-publications-sec-34-73701,sec-34,2026-03-26,"החלטה מס' 73701 - עדכון רישיון ייצור לחברת רותם אמפרט נגב בע""מ",פרסום רשמי של רשות החשמל באתר gov.il (החלטות). התוכן המלא בקישור המקור.,government_page,regulation,direct,https://www.gov.il/he/departments/policies/73701
act-publications-sec-34-73704,sec-34,2026-03-26,החלטה מס' 73704- תיקון לאמת מידה 35כו3(ב)(11) - דרישה לאישור הרשות על עמידה בריכוזיות כתנאי להתחייבות לחיבור,פרסום רשמי של רשות החשמל באתר gov.il (החלטות). התוכן המלא בקישור המקור.,government_page,,direct,https://www.gov.il/he/departments/policies/73704
act-publications-sec-34-73801,sec-34,2026-03-26,החלטה מס' 73801- אישור לשעבוד נכסים ברישיון מותנה מספר 00315925 של סינרג'י רמת הגליל שותפות מוגבלת,פרסום רשמי של רשות החשמל באתר gov.il (החלטות). התוכן המלא בקישור המקור.,government_page,,direct,https://www.gov.il/he/departments/policies/73801
act-publications-sec-36-employers_expectations,sec-36,2026-03-26,פרמטרים וסדירויות בחניכות ותיאום ציפיות ממעסיקים,פרסום רשמי של משרד העבודה באתר gov.il (נהלים והנחיות). התוכן המלא בקישור המקור.,government_page,,direct,https://www.gov.il/he/departments/policies/employers_expectations
act-publications-sec-36-poland-2026,sec-36,2026-03-26,"נוהל מלגות עבור מסעות בני הנוער לפולין לשנה""ל תשפ""ו",פרסום רשמי של משרד העבודה באתר gov.il (נהלים והנחיות). התוכן המלא בקישור המקור.,government_page,regulation,direct,https://www.gov.il/he/departments/policies/poland-2026
act-publications-sec-4-decision2269,sec-4,2026-03-26,החלטה מס' 2269 - פטור ממכרז למשרת מנהל רשות המטרו במשרד התחבורה והבטיחות בדרכים,פרסום רשמי של נציבות שירות המדינה באתר gov.il (החלטות ועדת שירות המדינה). התוכן המלא בקישור המקור.,government_page,procurement; public-transport,direct,https://www.gov.il/he/departments/policies/decision2269
act-publications-sec-4-decision2270,sec-4,2026-03-26,החלטה מס' 2270 - שינוי זמני של הרכב ועדת איתור למשרות חברי בית הדין המיוחדים לגיור,פרסום רשמי של נציבות שירות המדינה באתר gov.il (החלטות ועדת שירות המדינה). התוכן המלא בקישור המקור.,government_page,,direct,https://www.gov.il/he/departments/policies/decision2270
act-publications-sec-4-decision2271,sec-4,2026-03-26,החלטה מס' 2271 - פטור ממכרז למשרה זמנית של מנהל/ת פרויקטים במשרד האנרגיה והתשתיות,פרסום רשמי של נציבות שירות המדינה באתר gov.il (החלטות ועדת שירות המדינה). התוכן המלא בקישור המקור.,government_page,procurement,direct,https://www.gov.il/he/departments/policies/decision2271
act-publications-sec-5-customs-procedures-260326-1,sec-5,2026-03-26,"נוהל תביעות, פיקדונות, ערובות וגירעונות (פרק 22)",פרסום רשמי של רשות המסים בישראל באתר gov.il (נהלים והנחיות). התוכן המלא בקישור המקור.,government_page,regulation,direct,https://www.gov.il/he/departments/policies/customs-procedures-260326-1
act-publications-sec-5-procedures-260326-1,sec-5,2026-03-26,"הקלות לציבור במערך מיסוי מקרקעין בשל המצב הבטחוני – ""שאגת הארי""",פרסום רשמי של רשות המסים בישראל באתר gov.il (נהלים והנחיות). התוכן המלא בקישור המקור.,government_page,,direct,https://www.gov.il/he/departments/policies/procedures-260326-1
act-publications-sec-4-directive-6-2026,sec-4,2026-03-25,"עקרונות-מסמך הבנות מתווה ""שאגת הארי""","פרסום רשמי של נציבות שירות המדינה באתר gov.il (חוזרים והוראות מנכ""ל). התוכן המלא בקישור המקור.",government_page,,direct,https://www.gov.il/he/departments/policies/directive-6-2026
act-publications-sec-4-directive-7-2026,sec-4,2026-03-25,"הוראת שעה -תוספת שעות עבודה במילואים לפי הנחיית נציב שירות המדינה 3.8 ""עבודה בעת שירות מילואים פעיל ""","פרסום רשמי של נציבות שירות המדינה באתר gov.il (חוזרים והוראות מנכ""ל). התוכן המלא בקישור המקור.",government_page,,direct,https://www.gov.il/he/departments/policies/directive-7-2026
act-publications-sec-5-1-professional-directives-250326,sec-5,2026-03-25,חוזר מס הכנסה מספר 05/2026 - רשות המסים בנושא: קיזוז הפסדים בהתאם להוראות חלק ה2 לפקודת מס הכנסה,פרסום רשמי של רשות המסים בישראל באתר gov.il (חוזרים ונהלים). התוכן המלא בקישור המקור.,government_page,,direct,https://www.gov.il/he/departments/policies/1-professional-directives-250326
act-publications-health-medical-gaz-suppliers-list,health,2026-03-24,רשימת בתי מסחר מאושרים לגזים רפואיים,פרסום רשמי של משרד הבריאות באתר gov.il (חוזרים ונהלים). התוכן המלא בקישור המקור.,government_page,,direct,https://www.gov.il/he/departments/policies/medical-gaz-suppliers-list
act-publications-health-nd251-2026,health,2026-03-24,"הוראת שעה למשך שנתיים להסדרת הליך הכרה במעמד מקצועי ותוקף הזכאות להיבחן בבחינת רישוי ממשלתית לאחים ואחיות מוסמכים ומעשיים עולים חדשים בוגרי לימודי אחיוּת בחו""ל",פרסום רשמי של משרד הבריאות באתר gov.il (חוזרים ונהלים). התוכן המלא בקישור המקור.,government_page,regulation,direct,https://www.gov.il/he/departments/policies/nd251-2026
act-publications-health-nd252-2026,health,2026-03-24,"הוראת שעה למשך שנתיים להסדרת הליך הכרה במעמד מקצועי ותוקף הזכאות להיבחן בבחינת רישוי ממשלתית לאחים ואחיות מוסמכים ומעשיים בוגרי לימודי אחיוּת בחו""ל שאינם עולים חדשים",פרסום רשמי של משרד הבריאות באתר gov.il (חוזרים ונהלים). התוכן המלא בקישור המקור.,government_page,regulation,direct,https://www.gov.il/he/departments/policies/nd252-2026
act-publications-health-nd253-2026,health,2026-03-24,"קליטת אחים ואחיות בוגרי תוכניות לימודים בחו""ל ועולים חדשים למתאר עבודה במערך האשפוז, הקהילה וההכשרה",פרסום רשמי של משרד הבריאות באתר gov.il (חוזרים ונהלים). התוכן המלא בקישור המקור.,government_page,,direct,https://www.gov.il/he/departments/policies/nd253-2026
act-publications-sec-34-73703_1,sec-34,2026-03-24,החלטה מס' 73703 - הארכת תוקף אסדרה ליצרנים המחוברים לרשת מתח עליון הקמים ללא הליך תחרותי,פרסום רשמי של רשות החשמל באתר gov.il (החלטות). התוכן המלא בקישור המקור.,government_page,,direct,https://www.gov.il/he/departments/policies/73703_1
act-publications-sec-4-directive-5-2026,sec-4,2026-03-24,"הנחיה בדבר חופשה מרוכזת חג הפסח 2026 תשפ""ו בעת מצב חירום מבצע ""שאגת הארי""","פרסום רשמי של נציבות שירות המדינה באתר gov.il (חוזרים והוראות מנכ""ל). התוכן המלא בקישור המקור.",government_page,emergency,direct,https://www.gov.il/he/departments/policies/directive-5-2026
act-publications-health-rehab-128414626,health,2026-03-23,נוהל מתן תותבת הליכה בסיסית לקטועי גפיים שברשותם תותבת שאינה שמישה או אבדה בעת חירום,פרסום רשמי של משרד הבריאות באתר gov.il (נהלים והנחיות). התוכן המלא בקישור המקור.,government_page,emergency; regulation,direct,https://www.gov.il/he/departments/policies/rehab-128414626
act-publications-sec-34-73702,sec-34,2026-03-23,החלטה מס' 73702 – אספקת שירותי תגובה מהירה לשינויי תדר עבור מנהל המערכת,פרסום רשמי של רשות החשמל באתר gov.il (החלטות). התוכן המלא בקישור המקור.,government_page,procurement,direct,https://www.gov.il/he/departments/policies/73702
act-publications-sec-5-inst-6-2026,sec-5,2026-03-23,הוראת ביצוע רשות המסים מספר 2026/ 06  - בנושא: טיפול בבקשות לתיקוני שומה בידי מחזיקי יחידות השתתפות של שותפויות לחיפושי נפט,פרסום רשמי של רשות המסים בישראל באתר gov.il (הוראות ביצוע). התוכן המלא בקישור המקור.,government_page,regulation,direct,https://www.gov.il/he/departments/policies/inst-6-2026
act-publications-sec-4-studentagreement-08032026,sec-4,2026-03-22,"הסכם קיבוצי סטודנטים מיום 19.6.2025 - מבצע ""שאגת הארי""",פרסום רשמי של נציבות שירות המדינה באתר gov.il (הסכמים). התוכן המלא בקישור המקור.,government_page,,direct,https://www.gov.il/he/departments/policies/studentagreement-08032026
act-publications-sec-5-procedures-220326-1,sec-5,2026-03-22,נייר עמדה מיסוי מקרקעין מספר 03/2026 - רשות המסים הנדון: מכירת דירה שהתקבלה בירושה לפי סעיף 49ב(5) לחוק מיסוי מקרקעין לגביה נחתם הסכם בעסקת התחדשות עירונית,פרסום רשמי של רשות המסים בישראל באתר gov.il (ניירות עמדה). התוכן המלא בקישור המקור.,government_page,,direct,https://www.gov.il/he/departments/policies/procedures-220326-1
act-publications-sec-4-decision-2267,sec-4,2026-03-18,החלטה מס' 2267 - פטור ממכרז למשרות זמניות במנהלת תנופה,פרסום רשמי של נציבות שירות המדינה באתר gov.il (החלטות ועדת שירות המדינה). התוכן המלא בקישור המקור.,government_page,procurement,direct,https://www.gov.il/he/departments/policies/decision-2267
act-publications-sec-4-decision2268,sec-4,2026-03-18,החלטה מס' 2268 - בקשה לאישור משרת אמון נוספת לתפקיד יועץ/ת במטה ראש הממשלה,פרסום רשמי של נציבות שירות המדינה באתר gov.il (החלטות ועדת שירות המדינה). התוכן המלא בקישור המקור.,government_page,,direct,https://www.gov.il/he/departments/policies/decision2268
act-publications-environment-infrastructure-integrity,environment,2026-03-16,הנחיות לביצוע בדיקות תקינות לתשתיות לאחר נפילת טילים או פיצוץ בקרבת תחנת דלק,פרסום רשמי של המשרד להגנת הסביבה באתר gov.il (נהלים והנחיות). התוכן המלא בקישור המקור.,government_page,regulation,direct,https://www.gov.il/he/departments/policies/infrastructure-integrity
act-publications-sec-39-15032026_1,sec-39,2026-03-15,האזורים הסטטיסטיים לפי פרק ד'1 לחוק התקשורת – הוראות שר התקשורת,פרסום רשמי של משרד התקשורת באתר gov.il (החלטות). התוכן המלא בקישור המקור.,government_page,,direct,https://www.gov.il/he/departments/policies/15032026_1
act-publications-sec-33-guidelines_river_area,sec-33,2026-03-11,הנחיות לתכנון והקמת תשתיות בתחומי הנחל,פרסום רשמי של משרד החקלאות וביטחון המזון באתר gov.il (נהלים והנחיות). התוכן המלא בקישור המקור.,government_page,,direct,https://www.gov.il/he/departments/policies/guidelines_river_area
act-publications-sec-34-73502,sec-34,2026-03-11,החלטה מס'  73502-  הוספת כלי גביה למספק ברירת מחדל לגביית חובות,פרסום רשמי של רשות החשמל באתר gov.il (החלטות). התוכן המלא בקישור המקור.,government_page,procurement,direct,https://www.gov.il/he/departments/policies/73502
act-publications-sec-34-73503,sec-34,2026-03-11,החלטה מס'  73503-  קיצור תקופת שיוך צרכנים למספקים פרטיים,פרסום רשמי של רשות החשמל באתר gov.il (החלטות). התוכן המלא בקישור המקור.,government_page,procurement; regulation,direct,https://www.gov.il/he/departments/policies/73503
act-publications-sec-7-news11326,sec-7,2026-03-11,הוראת שעה: צמצום פעילויות שגרה בעת מלחמה - הארכה מס' 39,פרסום רשמי של שירות בתי הסוהר באתר gov.il (פקודות והוראות). התוכן המלא בקישור המקור.,government_page,emergency; regulation,direct,https://www.gov.il/he/departments/policies/news11326
act-publications-health-project-committee-work-activity-procedures,health,2026-03-10,נוהלי עבודה ופעילות ועדת פרויקטים,פרסום רשמי של משרד הבריאות באתר gov.il (חוזרים ונהלים). התוכן המלא בקישור המקור.,government_page,regulation,direct,https://www.gov.il/he/departments/policies/project-committee-work-activity-procedures
act-publications-sec-39-10032026,sec-39,2026-03-10,מודל התמחור של חברת אקסון לקביעת תשלומים מרביים בשוק הסיטונאי,פרסום רשמי של משרד התקשורת באתר gov.il (החלטות). התוכן המלא בקישור המקור.,government_page,,direct,https://www.gov.il/he/departments/policies/10032026
act-publications-sec-34-73504,sec-34,2026-03-09,החלטה מס' 73504 - עדכון אמת מידה 120ז – קביעת חובת העמדת בטוחה לתשובות מחלק באסדרת השוק ברשת החלוקה,פרסום רשמי של רשות החשמל באתר gov.il (החלטות). התוכן המלא בקישור המקור.,government_page,,direct,https://www.gov.il/he/departments/policies/73504
act-publications-sec-39-09032026,sec-39,2026-03-09,החלטת המועצה לשידורי כבלים ולשידורי לוויין מספר 1-1/2026 מיום 25.1.2026,פרסום רשמי של משרד התקשורת באתר gov.il (החלטות). התוכן המלא בקישור המקור.,government_page,,direct,https://www.gov.il/he/departments/policies/09032026
act-publications-health-mk02-2026,health,2026-03-08,הרחבת סל שירותי הבריאות לשנת 2026,פרסום רשמי של משרד הבריאות באתר gov.il (חוזרים ונהלים). התוכן המלא בקישור המקור.,government_page,,direct,https://www.gov.il/he/departments/policies/mk02-2026
act-publications-health-mtr01-2026,health,2026-03-08,הרחבת סל שירותי הבריאות לשנת 2026,פרסום רשמי של משרד הבריאות באתר gov.il (חוזרים ונהלים). התוכן המלא בקישור המקור.,government_page,,direct,https://www.gov.il/he/departments/policies/mtr01-2026
act-publications-sec-4-dec3947-2026,sec-4,2026-03-08,"הסמכת ראש הממשלה להפיץ את תזכיר חוק הכניסה לישראל (הוראת שעה - הרחקת שוהה שלא כדין שהשתתף במשט לרצועת עזה), התשפ""ו-2026",פרסום רשמי של משרד ראש הממשלה באתר gov.il (החלטות ממשלה). התוכן המלא בקישור המקור.,government_page,regulation,direct,https://www.gov.il/he/departments/policies/dec3947-2026
act-publications-environment-radioactive-materials,environment,2026-03-05,הנחיות הממונה על הקרינה הסביבתית לעוסקים בחומרים רדיואקטיביים,פרסום רשמי של המשרד להגנת הסביבה באתר gov.il (נהלים כלליים). התוכן המלא בקישור המקור.,government_page,,direct,https://www.gov.il/he/departments/policies/radioactive-materials
act-publications-health-fcs-123875726,health,2026-03-05,הנחיה בנושא מזון חדש: 3-Fucosyllactose (strain: E. coli K-12 DH1 MDO MAP1834),פרסום רשמי של משרד הבריאות באתר gov.il (נהלים והנחיות). התוכן המלא בקישור המקור.,government_page,,direct,https://www.gov.il/he/departments/policies/fcs-123875726
act-publications-sec-39-05032026,sec-39,2026-03-05,החלטת המועצה לשידורי כבלים ולשידורי לוויין מספר 1-9/2025 מיום 28.12.2025,פרסום רשמי של משרד התקשורת באתר gov.il (החלטות). התוכן המלא בקישור המקור.,government_page,,direct,https://www.gov.il/he/departments/policies/05032026
act-publications-sec-39-1_05032026,sec-39,2026-03-05,החלטת המועצה לשידורי כבלים ולשידורי לוויין מספר 2-9/2025 מיום 28.12.2025,פרסום רשמי של משרד התקשורת באתר gov.il (החלטות). התוכן המלא בקישור המקור.,government_page,,direct,https://www.gov.il/he/departments/policies/1_05032026
act-publications-sec-39-2_05032026,sec-39,2026-03-05,החלטת המועצה לשידורי כבלים ולשידורי לוויין מספר 3-9/2025 מיום 28.12.2025,פרסום רשמי של משרד התקשורת באתר gov.il (החלטות). התוכן המלא בקישור המקור.,government_page,,direct,https://www.gov.il/he/departments/policies/2_05032026
act-publications-sec-4-directive-4-2026,sec-4,2026-03-05,"מבצע ""שאגת הארי"" – הנחיות לפעילות משרדי הממשלה- עדכון מס' 2","פרסום רשמי של נציבות שירות המדינה באתר gov.il (חוזרים והוראות מנכ""ל). התוכן המלא בקישור המקור.",government_page,,direct,https://www.gov.il/he/departments/policies/directive-4-2026
act-publications-health-reg-122503626,health,2026-03-04,"עדכון הנחיה מתאריך 22 בדצמבר 2020 (סימוכין 493789520) בנושא מזון חדש: אוליגוסכריד  2'-O-Fucosyllactose מיום ט""ו באדר תשפ""ו, 4 במרץ 2026",פרסום רשמי של משרד הבריאות באתר gov.il (נהלים והנחיות). התוכן המלא בקישור המקור.,government_page,,direct,https://www.gov.il/he/departments/policies/reg-122503626
act-publications-sec-39-04032026_2,sec-39,2026-03-04,הוראת מינהל - חיבור ציוד קצה לרשת לוויינית,פרסום רשמי של משרד התקשורת באתר gov.il (רישיונות). התוכן המלא בקישור המקור.,government_page,,direct,https://www.gov.il/he/departments/policies/04032026_2
act-publications-sec-39-04032026_3,sec-39,2026-03-04,תיקון רישיון בזק החברה הישראלית לתקשורת (מספר 102),פרסום רשמי של משרד התקשורת באתר gov.il (רישיונות). התוכן המלא בקישור המקור.,government_page,,direct,https://www.gov.il/he/departments/policies/04032026_3
act-publications-sec-4-decision2264,sec-4,2026-03-04,"החלטה מס' 2264 - פטור ממכרז פומבי למשרות זמניות - מנהל/ת תחום (גיור) ומרכז/ת בכיר/ה (ליווי מתגיירים), משרד ראש הממשלה",פרסום רשמי של נציבות שירות המדינה באתר gov.il (החלטות ועדת שירות המדינה). התוכן המלא בקישור המקור.,government_page,procurement,direct,https://www.gov.il/he/departments/policies/decision2264
act-publications-sec-4-decision2265,sec-4,2026-03-04,"החלטה מס' 2265 - פטור ממכרז פומבי למשרות זמניות - מנהל/ת תחום (גיור) ומרכז/ת בכיר/ה (ליווי מתגיירים), משרד ראש הממשלה",פרסום רשמי של נציבות שירות המדינה באתר gov.il (החלטות ועדת שירות המדינה). התוכן המלא בקישור המקור.,government_page,procurement,direct,https://www.gov.il/he/departments/policies/decision2265
act-publications-sec-4-decision2266,sec-4,2026-03-04,החלטה מס' 2266 - תיקון צו שירות המדינה (גמלאות) (עדכון המשכורת הקובעת) (דירוג הרוקחים),פרסום רשמי של נציבות שירות המדינה באתר gov.il (החלטות ועדת שירות המדינה). התוכן המלא בקישור המקור.,government_page,regulation,direct,https://www.gov.il/he/departments/policies/decision2266
act-publications-health-mch-118476626,health,2026-03-01,קווים מנחים להדרכה בהנקה בילודים באשפוז לאחר לידה,פרסום רשמי של משרד הבריאות באתר gov.il (נהלים והנחיות). התוכן המלא בקישור המקור.,government_page,,direct,https://www.gov.il/he/departments/policies/mch-118476626
act-publications-sec-34-73501,sec-34,2026-03-01,החלטה מס' 73501- תיקונים עדכונים ושינויים אמות מידה צרכנות,פרסום רשמי של רשות החשמל באתר gov.il (החלטות). התוכן המלא בקישור המקור.,government_page,,direct,https://www.gov.il/he/departments/policies/73501
act-publications-sec-34-ng-010326,sec-34,2026-03-01,"הכרזה על שעת חירום במשק הגז הטבעי, לפי חוק משק הגז הטבעי והוראות שר האנרגיה והתשתיות לפי תקנה 8 לתקנות הגז הטבעי (ניהול משק גז טבעי בעת שעת חירום)",פרסום רשמי של משרד האנרגיה והתשתיות באתר gov.il (מסמכי מדיניות). התוכן המלא בקישור המקור.,government_page,emergency; regulation,direct,https://www.gov.il/he/departments/policies/ng-010326
act-publications-sec-4-directive-3-2026,sec-4,2026-03-01,"מבצע ""שאגת הארי"" – הנחיות לפעילות משרדי הממשלה- עדכון מס' 1","פרסום רשמי של נציבות שירות המדינה באתר gov.il (חוזרים והוראות מנכ""ל). התוכן המלא בקישור המקור.",government_page,,direct,https://www.gov.il/he/departments/policies/directive-3-2026
act-publications-health-fcs-28280616-old,health,2026-02-25,קווים מנחים לרמה מירבית של דיוקסינים ותרכובות PCBs במזון בישראל מיום 22/3/2016 - לא בתוקף,פרסום רשמי של משרד הבריאות באתר gov.il (נהלים והנחיות). התוכן המלא בקישור המקור.,government_page,,direct,https://www.gov.il/he/departments/policies/fcs-28280616-old
act-publications-sec-19-takam2026,sec-19,2026-02-25,"פרסומים בהתאם להוראות סעיף 49(ב) לחוק יסודות התקציב, תשמ""ה-1985",פרסום רשמי של משרד התרבות והספורט באתר gov.il (נהלים והנחיות). התוכן המלא בקישור המקור.,government_page,,direct,https://www.gov.il/he/departments/policies/takam2026
act-publications-health-109086826-pdfua,health,2026-02-24,הסדרת בתי מסחר לתרופות - גזים רפואיים אחסון והפצה בלבד,פרסום רשמי של משרד הבריאות באתר gov.il (חוזרים ונהלים). התוכן המלא בקישור המקור.,government_page,,direct,https://www.gov.il/he/departments/policies/109086826-pdfua
act-publications-sec-7-news23226,sec-7,2026-02-23,"הוראת שעה: פיילוט ""רכש מקוון"" ואיסור הכנסת ציוד מן החוץ - הארכה מס' 1",פרסום רשמי של שירות בתי הסוהר באתר gov.il (פקודות והוראות). התוכן המלא בקישור המקור.,government_page,procurement,direct,https://www.gov.il/he/departments/policies/news23226
act-publications-environment-aircraft_noise,environment,2026-02-22,עמדת המשרד להגנת הסביבה בנוגע למתווה התחדשות עירונית בתחום רעש מטוסים,פרסום רשמי של המשרד להגנת הסביבה באתר gov.il (מסמכי מדיניות). התוכן המלא בקישור המקור.,government_page,,direct,https://www.gov.il/he/departments/policies/aircraft_noise
act-publications-environment-annual-report-format,environment,2026-02-22,"פורמט דיווח שנתי למתקני טיפול בשפכים (מט""שים)",פרסום רשמי של המשרד להגנת הסביבה באתר gov.il (נהלים והנחיות). התוכן המלא בקישור המקור.,government_page,environment,direct,https://www.gov.il/he/departments/policies/annual-report-format
act-publications-environment-plots,environment,2026-02-22,דרישות המשרד להגנת הסביבה לעבודות ולמבנים הפטורים מהיתר במגרשים לתעשייה,פרסום רשמי של המשרד להגנת הסביבה באתר gov.il (מסמכי מדיניות). התוכן המלא בקישור המקור.,government_page,,direct,https://www.gov.il/he/departments/policies/plots
act-publications-sec-37-hozer-mankal-012026,sec-37,2026-02-22,"חוזר מנכ""ל 01/2026: פיתוח תשתיות תיירותיות ציבוריות. תוספת מס' 1 לחוזר מנכ""ל 1/2026","פרסום רשמי של משרד התיירות באתר gov.il (חוזרים והוראות מנכ""ל). התוכן המלא בקישור המקור.",government_page,regulation,direct,https://www.gov.il/he/departments/policies/hozer-mankal-012026
act-publications-sec-4-tashpav3,sec-4,2026-02-19,הודעה מס' פו/3 - הכרה בניסיון משפטי לצורך עמידה בתנאי סף למשרות הנכללות במערך המשפטי בשירות המדינה,פרסום רשמי של נציבות שירות המדינה באתר gov.il (הודעות נציבות שירות המדינה). התוכן המלא בקישור המקור.,government_page,regulation,direct,https://www.gov.il/he/departments/policies/tashpav3
act-publications-health-100329926-pdfua,health,2026-02-18,שימוש בגזים רפואיים - חוזר מעודכן,פרסום רשמי של משרד הבריאות באתר gov.il (חוזרים ונהלים). התוכן המלא בקישור המקור.,government_page,,direct,https://www.gov.il/he/departments/policies/100329926-pdfua
act-publications-sec-5-professional-directives-180226-1,sec-5,2026-02-18,חוזר מס הכנסה מספר 04/2026 - רשות המסים בנושא: אופן הצהרה על החזקה בחבר בני אדם תושב חוץ - הנחיות למילוי טופס 150,פרסום רשמי של רשות המסים בישראל באתר gov.il (חוזרים ונהלים). התוכן המלא בקישור המקור.,government_page,,direct,https://www.gov.il/he/departments/policies/professional-directives-180226-1
act-publications-environment-stack_sampling_procedure,environment,2026-02-17,הנחיות לדיווח מקוון של בדיקות מזהמי אוויר בארובה,פרסום רשמי של המשרד להגנת הסביבה באתר gov.il (נהלים רגולטוריים). התוכן המלא בקישור המקור.,government_page,,direct,https://www.gov.il/he/departments/policies/stack_sampling_procedure
act-publications-health-mk01-2026,health,2026-02-17,הגשת הצעות להרחבת סל שירותי הבריאות לשנת 2027 - קול קורא,פרסום רשמי של משרד הבריאות באתר gov.il (חוזרים ונהלים). התוכן המלא בקישור המקור.,government_page,grants,direct,https://www.gov.il/he/departments/policies/mk01-2026
act-publications-sec-34-73203,sec-34,2026-02-17,החלטה מס' 73203- עדכון רישיון מותנה מס' 00315925 להקמת מתקן לייצור חשמל בטכנולוגיה פוטוולטאית בשילוב מתקן אגירה לסינרג'י רמת הגליל שותפות מוגבלת,פרסום רשמי של רשות החשמל באתר gov.il (החלטות). התוכן המלא בקישור המקור.,government_page,regulation; workforce,direct,https://www.gov.il/he/departments/policies/73203
act-publications-sec-34-73301,sec-34,2026-02-17,החלטה מס' 73301- מתן רישיון הספקה למספקים שאין ברשותם אמצעי ייצור,פרסום רשמי של רשות החשמל באתר gov.il (החלטות). התוכן המלא בקישור המקור.,government_page,procurement; regulation,direct,https://www.gov.il/he/departments/policies/73301
act-publications-sec-4-dec-3846-160226,sec-4,2026-02-16,תוכנית לחיזוק העיר בית שמש – תיקון החלטת ממשלה,פרסום רשמי של משרד ראש הממשלה באתר gov.il (החלטות). התוכן המלא בקישור המקור.,government_page,,direct,https://www.gov.il/he/departments/policies/dec-3846-160226
act-publications-sec-4-dec-3858-160226,sec-4,2026-02-16,הפעלת מרכזי החוסן בשנת 2026,פרסום רשמי של משרד ראש הממשלה באתר gov.il (החלטות). התוכן המלא בקישור המקור.,government_page,emergency,direct,https://www.gov.il/he/departments/policies/dec-3858-160226
act-publications-environment-guidelines-regarding-sde-dov,environment,2026-02-15,הנחיות עדכניות לבעלי המגרשים ולעיריית תל אביב בעניין שדה דוב,פרסום רשמי של המשרד להגנת הסביבה באתר gov.il (נהלים והנחיות). התוכן המלא בקישור המקור.,government_page,,direct,https://www.gov.il/he/departments/policies/guidelines-regarding-sde-dov
act-publications-sec-39-15022026,sec-39,2026-02-15,תיקון רישיון בזק החברה הישראלית לתקשורת (מספר 101),פרסום רשמי של משרד התקשורת באתר gov.il (רישיונות). התוכן המלא בקישור המקור.,government_page,,direct,https://www.gov.il/he/departments/policies/15022026
act-publications-sec-34-73401,sec-34,2026-02-12,"החלטה מס' 73401- אישור העברת שליטה ברישיון אלומי אגירה שאובה (2014) בע""מ",פרסום רשמי של רשות החשמל באתר gov.il (החלטות). התוכן המלא בקישור המקור.,government_page,,direct,https://www.gov.il/he/departments/policies/73401
act-publications-sec-34-73402,sec-34,2026-02-12,"החלטה מס' 73402- אישור לשעבוד נכסים ברישיון מותנה מספר 02575623 של תענך אנרגיה ירוקה 2 בע""מ",פרסום רשמי של רשות החשמל באתר gov.il (החלטות). התוכן המלא בקישור המקור.,government_page,,direct,https://www.gov.il/he/departments/policies/73402
act-publications-sec-34-73403,sec-34,2026-02-12,"החלטה מס' 73403- אישור לשעבוד נכסים ברישיון להספקת חשמל ללא אמצעי ייצור מספר 00926125 של רמת נגב אנרגיה בע""מ",פרסום רשמי של רשות החשמל באתר gov.il (החלטות). התוכן המלא בקישור המקור.,government_page,procurement; regulation,direct,https://www.gov.il/he/departments/policies/73403
act-publications-sec-34-73404,sec-34,2026-02-12,"החלטה מס' 73404 - אישור לשעבוד נכסים ברישיון מותנה מספר 00850524 של דליה אנרגיות הרחבה בע""מ",פרסום רשמי של רשות החשמל באתר gov.il (החלטות). התוכן המלא בקישור המקור.,government_page,,direct,https://www.gov.il/he/departments/policies/73404
act-publications-sec-34-tamar-south-mining,sec-34,2026-02-12,"אוליצקי - תשתיות בע""מ - מחצבת תמר דרום",פרסום רשמי של משרד האנרגיה והתשתיות באתר gov.il (רישיונות). התוכן המלא בקישור המקור.,government_page,,direct,https://www.gov.il/he/departments/policies/tamar-south-mining
act-publications-sec-39-12022026,sec-39,2026-02-12,החלטת המועצה לשידורי כבלים ולשידורי לוויין מספר 1-7/2025 מיום 10.11.2025,פרסום רשמי של משרד התקשורת באתר gov.il (החלטות). התוכן המלא בקישור המקור.,government_page,,direct,https://www.gov.il/he/departments/policies/12022026
act-publications-sec-4-recruitmentverification,sec-4,2026-02-11,נוהל אמות מידה לקביעת תנאי סף במשרות בסגל הבכיר בשירות המדינה,"פרסום רשמי של נציבות שירות המדינה באתר gov.il (חוזרים והוראות מנכ""ל). התוכן המלא בקישור המקור.",government_page,regulation,direct,https://www.gov.il/he/departments/policies/recruitmentverification
act-publications-sec-4-tashpav2,sec-4,2026-02-11,הודעה מס' פו/2 - תקופת ניסיון לעובד מתוך שירות המדינה העובר לשירותי הביטחון או שירות החוץ,פרסום רשמי של נציבות שירות המדינה באתר gov.il (הודעות נציבות שירות המדינה). התוכן המלא בקישור המקור.,government_page,,direct,https://www.gov.il/he/departments/policies/tashpav2
act-publications-sec-7-news11226,sec-7,2026-02-11,הוראת שעה: צמצום פעילויות שגרה בעת מלחמה - הארכה מס' 38,פרסום רשמי של שירות בתי הסוהר באתר gov.il (פקודות והוראות). התוכן המלא בקישור המקור.,government_page,emergency; regulation,direct,https://www.gov.il/he/departments/policies/news11226
act-publications-sec-33-procedure_for_paying_compensation_for_animals_outside_the_law,sec-33,2026-02-10,נוהל לתשלום פיצויים בעבור בעלי חיים לפנים משורת הדין - 2026,פרסום רשמי של משרד החקלאות וביטחון המזון באתר gov.il (נהלים כלליים). התוכן המלא בקישור המקור.,government_page,regulation,direct,https://www.gov.il/he/departments/policies/procedure_for_paying_compensation_for_animals_outside_the_law
act-publications-sec-4-decision2263,sec-4,2026-02-10,החלטה מס' 2263 - תיקון לצו שירות המדינה (גמלאות) (עדכון המשכורת הקובעת),פרסום רשמי של נציבות שירות המדינה באתר gov.il (החלטות ועדת שירות המדינה). התוכן המלא בקישור המקור.,government_page,regulation,direct,https://www.gov.il/he/departments/policies/decision2263
act-publications-sec-4-directive-1-2026,sec-4,2026-02-10,תשלום השלמת פיצויי פיטורים בשירות המדינה,"פרסום רשמי של נציבות שירות המדינה באתר gov.il (חוזרים והוראות מנכ""ל). התוכן המלא בקישור המקור.",government_page,regulation,direct,https://www.gov.il/he/departments/policies/directive-1-2026
act-publications-health-physio-012026,health,2026-02-09,"שרות פיזיותרפיה לאנשים עם מחלות כרוניות שאינן מדבקות (Noncommunicable Diseases, NCDs)",פרסום רשמי של משרד הבריאות באתר gov.il (חוזרים ונהלים). התוכן המלא בקישור המקור.,government_page,,direct,https://www.gov.il/he/departments/policies/physio-012026
act-publications-sec-5-professional-directives-090226-1,sec-5,2026-02-09,חוזר מס הכנסה מספר 03/2026 - רשות המיסים בנושא: תיקוני חקיקה לצמצום תופעת ההון השחור - עדכון בעקבות תיקוני חקיקה במסגרת חוק התוכנית הכלכלית לשנת 2025,פרסום רשמי של רשות המסים בישראל באתר gov.il (חוזרים ונהלים). התוכן המלא בקישור המקור.,government_page,regulation,direct,https://www.gov.il/he/departments/policies/professional-directives-090226-1
act-publications-sec-7-news9226,sec-7,2026-02-09,הוראת שעה לפקודת נציבות 04.54.02 - מרכזי שיקום והוצאת אסירים לעבודות שיקום מחוץ לבית הסוהר,פרסום רשמי של שירות בתי הסוהר באתר gov.il (פקודות והוראות). התוכן המלא בקישור המקור.,government_page,,direct,https://www.gov.il/he/departments/policies/news9226
act-publications-sec-34-73202,sec-34,2026-02-08,"החלטה מס' 73202 - מתן רישיון מותנה להקמת תחנת כוח בטכנולוגיה קונבנציונלית לחברת אשכול אבשל אנרגיות בע""מ",פרסום רשמי של רשות החשמל באתר gov.il (החלטות). התוכן המלא בקישור המקור.,government_page,,direct,https://www.gov.il/he/departments/policies/73202
act-publications-sec-7-news8226,sec-7,2026-02-08,"הוראת שעה לפקודת נציבות 03.06.00 - ""עריכת חיפושים וסמכויות נלוות""",פרסום רשמי של שירות בתי הסוהר באתר gov.il (פקודות והוראות). התוכן המלא בקישור המקור.,government_page,,direct,https://www.gov.il/he/departments/policies/news8226
act-publications-economy-costa-rica-il-fta,economy,2026-02-04,הסכם אזור סחר חופשי בין ישראל לרפובליקה של קוסטה ריקה,פרסום רשמי של משרד הכלכלה והתעשייה באתר gov.il (הסכמים). התוכן המלא בקישור המקור.,government_page,,direct,https://www.gov.il/he/departments/policies/costa-rica-il-fta
act-publications-sec-34-73305,sec-34,2026-02-04,"החלטה מס' 73305- תיקוני אמות מידה בעניין סקרי היתכנות, תכנון וחיבור לרשת",פרסום רשמי של רשות החשמל באתר gov.il (החלטות). התוכן המלא בקישור המקור.,government_page,,direct,https://www.gov.il/he/departments/policies/73305
act-publications-sec-5-hozer-doctors,sec-5,2026-02-04,"חוזר תכנית מענקים לגיוס ולשימור רופאים מומחים ב-""חבל תקומה""",פרסום רשמי של משרד האוצר באתר gov.il (חוזרים ונהלים). התוכן המלא בקישור המקור.,government_page,grants,direct,https://www.gov.il/he/departments/policies/hozer-doctors
act-publications-economy-admissions-committee-directive030226,economy,2026-02-03,הנחייה בנושא קבלת חברים לאגודה שיתופית,פרסום רשמי של משרד הכלכלה והתעשייה באתר gov.il (נהלים והנחיות). התוכן המלא בקישור המקור.,government_page,,direct,https://www.gov.il/he/departments/policies/admissions-committee-directive030226
act-publications-sec-34-73303,sec-34,2026-02-03,החלטה מס' 73303 – מנגנון הגנה ותקרת תשלומים למתקני אגירה המחוברים או המשולבים ברשת ההולכה הפועלים במסגרת אסדרת שוק בילטרלית,פרסום רשמי של רשות החשמל באתר gov.il (החלטות). התוכן המלא בקישור המקור.,government_page,,direct,https://www.gov.il/he/departments/policies/73303
act-publications-sec-5-inst-3-2026,sec-5,2026-02-03,הוראת ביצוע מס הכנסה מספר 3/2026 - רשות המסים בנושא: קבלת דוחות הנישומים לשנת מס 2024 והטיפול במשרדים,פרסום רשמי של רשות המסים בישראל באתר gov.il (הוראות ביצוע). התוכן המלא בקישור המקור.,government_page,regulation,direct,https://www.gov.il/he/departments/policies/inst-3-2026
act-publications-sec-5-inst-4-2026,sec-5,2026-02-03,הוראת ביצוע מס הכנסה מספר 4/2026 - רשות המסים בנושא: פתיחת תיק לקטין  במשרד השומה,פרסום רשמי של רשות המסים בישראל באתר gov.il (הוראות ביצוע). התוכן המלא בקישור המקור.,government_page,regulation,direct,https://www.gov.il/he/departments/policies/inst-4-2026
act-publications-sec-5-inst-5-2026,sec-5,2026-02-03,הוראת ביצוע מס הכנסה מספר 5/2026 - רשות המסים בנושא: מערכת מקוונת לדיווח ותשלום מס על הכנסות מהשכרת נכסים בישראל,פרסום רשמי של רשות המסים בישראל באתר gov.il (הוראות ביצוע). התוכן המלא בקישור המקור.,government_page,regulation,direct,https://www.gov.il/he/departments/policies/inst-5-2026
act-publications-sec-4-nurse-agreement-02022026,sec-4,2026-02-02,הסכם קיבוצי במטה משרד הבריאות ומשרד הרווחה מיום 2.2.2026,פרסום רשמי של נציבות שירות המדינה באתר gov.il (הסכמים). התוכן המלא בקישור המקור.,government_page,,direct,https://www.gov.il/he/departments/policies/nurse-agreement-02022026
act-publications-sec-5-procedures-020226-1,sec-5,2026-02-02,"נייר עמדה מקצועי מספר 01/2026 – רשות המיסים בתחום – מס ערך מוסף. בנושא: מחיר העסקה בעסקאות עליהן חל סעיף 5(א) לחוק מע""מ",פרסום רשמי של רשות המסים בישראל באתר gov.il (ניירות עמדה). התוכן המלא בקישור המקור.,government_page,regulation,direct,https://www.gov.il/he/departments/policies/procedures-020226-1
act-publications-sec-68-notice-foreign-workers-employers-trade-020226,sec-68,2026-02-02,הודעה למעסיקים בענף המסחר והשירותים- הארכה עד ליום 8.2.26,פרסום רשמי של רשות האוכלוסין וההגירה באתר gov.il (מידע למעסיקים). התוכן המלא בקישור המקור.,government_page,,direct,https://www.gov.il/he/departments/policies/notice-foreign-workers-employers-trade-020226
act-publications-health-bz01-2026,health,2026-02-01,בדיקות סקר באוכלוסייה לשם גילוי זוגות בסיכון ללידת ילדים עם מחלות תורשתיות חמורות,פרסום רשמי של משרד הבריאות באתר gov.il (חוזרים ונהלים). התוכן המלא בקישור המקור.,government_page,,direct,https://www.gov.il/he/departments/policies/bz01-2026
act-publications-health-fcs-59331226,health,2026-02-01,הנחיה בנושא מזון חדש: L-5-methyltetrahydrofolic acid (5-MTHF),פרסום רשמי של משרד הבריאות באתר gov.il (נהלים והנחיות). התוכן המלא בקישור המקור.,government_page,,direct,https://www.gov.il/he/departments/policies/fcs-59331226
act-publications-health-fcs-59755426,health,2026-02-01,"עדכון הנחיה מתאריך 14 במאי 2025 (סימוכין 183236925)  בנושא מזון חדש: Vitamin K2 (menaquinone) מיום י""ד בשבט התשפ""ו, 1 בפברואר 2026",פרסום רשמי של משרד הבריאות באתר gov.il (נהלים והנחיות). התוכן המלא בקישור המקור.,government_page,,direct,https://www.gov.il/he/departments/policies/fcs-59755426
act-publications-sec-34-73302,sec-34,2026-02-01,"החלטה מס' 73302- אישור העברת שליטה ברישיונות שבשליטת אסקו ישראל – שירותי חשמל ואנרגיה בע""מ",פרסום רשמי של רשות החשמל באתר gov.il (החלטות). התוכן המלא בקישור המקור.,government_page,,direct,https://www.gov.il/he/departments/policies/73302
act-publications-sec-36-pro-training-policy,sec-36,2026-02-01,מדיניות מינהל הכשרות מקצועיות,פרסום רשמי של משרד העבודה באתר gov.il (נהלים והנחיות). התוכן המלא בקישור המקור.,government_page,regulation,direct,https://www.gov.il/he/departments/policies/pro-training-policy
act-publications-sec-4-building010226,sec-4,2026-02-01,החלטה של ועדת המנכלים בעניין הקצאת מכסה לענף הבניין ותת-ענף שיפוצים 20250119,פרסום רשמי של משרד ראש הממשלה באתר gov.il (החלטות). התוכן המלא בקישור המקור.,government_page,,direct,https://www.gov.il/he/departments/policies/building010226
act-publications-sec-4-dec-manager010226,sec-4,2026-02-01,החלטה של ועדת המנכלים בעניין המכסה הכוללת לשנת 2026,פרסום רשמי של משרד ראש הממשלה באתר gov.il (החלטות). התוכן המלא בקישור המקור.,government_page,,direct,https://www.gov.il/he/departments/policies/dec-manager010226
act-publications-sec-4-private010226,sec-4,2026-02-01,עדכון החלטה של ועדת המנכלים בעניין הבאה פרטית בענף הבניין ובתת-ענף שיפוצים 20250119,פרסום רשמי של משרד ראש הממשלה באתר gov.il (החלטות). התוכן המלא בקישור המקור.,government_page,,direct,https://www.gov.il/he/departments/policies/private010226
act-publications-sec-68-bileteral-forms-trade-and-services,sec-68,2026-02-01,נספחים לנהלי הרשות - אגף הסכמים בילטרליים - מסחר ושירותים,פרסום רשמי של רשות האוכלוסין וההגירה באתר gov.il (מסמכי מדיניות). התוכן המלא בקישור המקור.,government_page,,direct,https://www.gov.il/he/departments/policies/bileteral-forms-trade-and-services
act-publications-sec-39-29012026_1,sec-39,2026-01-29,"מתן אפשרות למפעילי הרט""ן (רדיו טלפון נייד) להאריך את תקופת השירות של רשתות דור 2",פרסום רשמי של משרד התקשורת באתר gov.il (החלטות). התוכן המלא בקישור המקור.,government_page,,direct,https://www.gov.il/he/departments/policies/29012026_1
act-publications-sec-4-guide_line_38,sec-4,2026-01-29,הנחיית נציב מס' 3.8 - עבודה בעת שירות מילואים פעיל,פרסום רשמי של נציבות שירות המדינה באתר gov.il (הנחיות נציב שירות המדינה). התוכן המלא בקישור המקור.,government_page,,direct,https://www.gov.il/he/departments/policies/guide_line_38
act-publications-health-fcs-05-009,health,2026-01-28,נוהל הפעלת סמכויות פיקוח להבאה של פירות וירקות על ידי מפקחי הפיצוח לפי סעיף 250 לחוק המזון,פרסום רשמי של משרד הבריאות באתר gov.il (נהלים והנחיות). התוכן המלא בקישור המקור.,government_page,regulation,direct,https://www.gov.il/he/departments/policies/fcs-05-009
act-publications-sec-34-73304,sec-34,2026-01-28,החלטה מס' 73304- כשירות דליה 2 וחדרה 2 לקבלת רישיון ייצור בהיבטי תחרותיות ענפית וריכוזיות כלל משקית,פרסום רשמי של רשות החשמל באתר gov.il (החלטות). התוכן המלא בקישור המקור.,government_page,regulation,direct,https://www.gov.il/he/departments/policies/73304
act-publications-sec-5-policy-paper-2026-01,sec-5,2026-01-25,דיווח שנתי בגין עמלות ופרטי תאגיד 2025,"פרסום רשמי של רשות שוק ההון, ביטוח וחיסכון באתר gov.il (מסמכי מדיניות). התוכן המלא בקישור המקור.",government_page,,direct,https://www.gov.il/he/departments/policies/policy-paper-2026-01
act-publications-sec-5-professional-directives-250126-1,sec-5,2026-01-25,"חוזר מס הכנסה מספר 02/2026 - רשות המסים בנושא: תקנות מס הכנסה (דיבידנדים ששולם מס בשל חלוקתם), התשפ""ה - 2025",פרסום רשמי של רשות המסים בישראל באתר gov.il (חוזרים ונהלים). התוכן המלא בקישור המקור.,government_page,regulation,direct,https://www.gov.il/he/departments/policies/professional-directives-250126-1
act-publications-sec-68-650001,sec-68,2026-01-25,נוהל הפעלת כח סביר ושימוש באזיקים בביקורת גבולות,פרסום רשמי של רשות האוכלוסין וההגירה באתר gov.il (נהלים והנחיות). התוכן המלא בקישור המקור.,government_page,regulation,direct,https://www.gov.il/he/departments/policies/650001
act-publications-sec-68-ceo-affidavit-business-sector-tec,sec-68,2026-01-25,"תצהיר מנכ""ל",פרסום רשמי של רשות האוכלוסין וההגירה באתר gov.il (נהלים והנחיות). התוכן המלא בקישור המקור.,government_page,,direct,https://www.gov.il/he/departments/policies/ceo-affidavit-business-sector-tec
act-publications-health-mhb-45750926,health,2026-01-21,הנחיות למעבדות רפואיות בנושא ערכות בדיקה המוגדרות לשימוש מחקרי בלבד (Research use Only -RUO),פרסום רשמי של משרד הבריאות באתר gov.il (נהלים והנחיות). התוכן המלא בקישור המקור.,government_page,,direct,https://www.gov.il/he/departments/policies/mhb-45750926
act-publications-sec-4-decision2260,sec-4,2026-01-21,החלטה מס' 2260 - הכרה בתוספת גננת עמיתה כתוספת שכר קבועה לפי חוק שירות המדינה (גמלאות),פרסום רשמי של נציבות שירות המדינה באתר gov.il (החלטות ועדת שירות המדינה). התוכן המלא בקישור המקור.,government_page,,direct,https://www.gov.il/he/departments/policies/decision2260
act-publications-sec-4-decision2261,sec-4,2026-01-21,"החלטה מס' 2261 - פטור חד פעמי ממכרז למשרת ראש אגף בכיר תכנון ניהול משברים, משרד ראש הממשלה",פרסום רשמי של נציבות שירות המדינה באתר gov.il (החלטות ועדת שירות המדינה). התוכן המלא בקישור המקור.,government_page,procurement,direct,https://www.gov.il/he/departments/policies/decision2261
act-publications-sec-4-decision2262,sec-4,2026-01-21,"החלטה מס' 2262 - פטור ממכרז פומבי למשרות זמניות - מנהל/ת תחום (גיור) ומרכז/ת בכיר/ה (ליווי מתגיירים), משרד ראש הממשלה",פרסום רשמי של נציבות שירות המדינה באתר gov.il (החלטות ועדת שירות המדינה). התוכן המלא בקישור המקור.,government_page,procurement,direct,https://www.gov.il/he/departments/policies/decision2262
act-publications-sec-5-government-ministries-budget-redirect,sec-5,2026-01-21,תקציב משרדי הממשלה,פרסום רשמי של משרד האוצר באתר gov.il (תקציב המדינה). התוכן המלא בקישור המקור.,government_page,,direct,https://www.gov.il/he/departments/policies/government-ministries-budget-redirect
act-publications-sec-5-state-budget-gov-offices-2026,sec-5,2026-01-21,הצעת תקציב משרדי הממשלה לשנת 2026,פרסום רשמי של משרד האוצר באתר gov.il (תקציב המדינה). התוכן המלא בקישור המקור.,government_page,,direct,https://www.gov.il/he/departments/policies/state-budget-gov-offices-2026
act-publications-sec-5-state-budget-main-2026,sec-5,2026-01-21,עיקרי תקציב 2026,פרסום רשמי של משרד האוצר באתר gov.il (תקציב המדינה). התוכן המלא בקישור המקור.,government_page,,direct,https://www.gov.il/he/departments/policies/state-budget-main-2026
act-publications-sec-5-professional-directives-200126-1,sec-5,2026-01-20,חוזר מס הכנסה מספר 01/2026 - רשות המסים בנושא: סעיף 76 לפקודה - חברת מעטים,פרסום רשמי של רשות המסים בישראל באתר gov.il (חוזרים ונהלים). התוכן המלא בקישור המקור.,government_page,,direct,https://www.gov.il/he/departments/policies/professional-directives-200126-1
act-publications-sec-22-han19126,sec-22,2026-01-19,הנגשת מקוואות טהרה,פרסום רשמי של המשרד לשירותי דת באתר gov.il (נהלים והנחיות). התוכן המלא בקישור המקור.,government_page,,direct,https://www.gov.il/he/departments/policies/han19126
act-publications-sec-22-ri19126,sec-22,2026-01-19,רישוי עסקים במקוואות,פרסום רשמי של המשרד לשירותי דת באתר gov.il (נהלים והנחיות). התוכן המלא בקישור המקור.,government_page,regulation,direct,https://www.gov.il/he/departments/policies/ri19126
act-publications-sec-36-major-choosing,sec-36,2026-01-19,הנחיות לבחירת מגמה מקצועית חדשה,פרסום רשמי של משרד העבודה באתר gov.il (נהלים והנחיות). התוכן המלא בקישור המקור.,government_page,regulation,direct,https://www.gov.il/he/departments/policies/major-choosing
act-publications-sec-4-guide_line_63,sec-4,2026-01-19,הנחיית נציב מס' 06.3 - זכויות וסל הסיוע לעובד שהינו הורה לילד עם מוגבלות,פרסום רשמי של נציבות שירות המדינה באתר gov.il (הנחיות נציב שירות המדינה). התוכן המלא בקישור המקור.,government_page,,direct,https://www.gov.il/he/departments/policies/guide_line_63
act-publications-sec-5-inst-02-2026,sec-5,2026-01-19,הוראת ביצוע מס הכנסה מספר 02/2026 רשות המסים- בנושא: אישורי ניכוי מס במקור ואישורים לפי חוק עסקאות גופים ציבוריים לשנת המס 2026,פרסום רשמי של רשות המסים בישראל באתר gov.il (הוראות ביצוע). התוכן המלא בקישור המקור.,government_page,regulation,direct,https://www.gov.il/he/departments/policies/inst-02-2026
act-publications-sec-7-information_law_2025,sec-7,2026-01-19,דין וחשבון שנתי של כבאות והצלה לישראל על פי חוק חופש המידע לשנת 2025,פרסום רשמי של כבאות והצלה לישראל באתר gov.il (מסמכי מדיניות). התוכן המלא בקישור המקור.,government_page,,direct,https://www.gov.il/he/departments/policies/information_law_2025
act-publications-sec-37-nohal-shilut-credit,sec-37,2026-01-18,נוהל שילוט קרדיט,פרסום רשמי של משרד התיירות באתר gov.il (נהלים והנחיות). התוכן המלא בקישור המקור.,government_page,regulation,direct,https://www.gov.il/he/departments/policies/nohal-shilut-credit
act-publications-sec-5-customs-procedures-180126-1,sec-5,2026-01-18,נוהל שחרור רכב מנועי – עולים,פרסום רשמי של רשות המסים בישראל באתר gov.il (נהלים והנחיות). התוכן המלא בקישור המקור.,government_page,regulation,direct,https://www.gov.il/he/departments/policies/customs-procedures-180126-1
act-publications-sec-5-customs-procedures-180126-2,sec-5,2026-01-18,נוהל שחרור רכב מנועי – תיירים,פרסום רשמי של רשות המסים בישראל באתר gov.il (נהלים והנחיות). התוכן המלא בקישור המקור.,government_page,regulation,direct,https://www.gov.il/he/departments/policies/customs-procedures-180126-2
act-publications-sec-5-inst-01-2026,sec-5,2026-01-18,הוראת ביצוע מיסוי מקרקעין מספר 1/2026 - עדכון הסכומים והקפאת הסכומים בחוק מיסוי מקרקעין ותקנות מס רכישה,פרסום רשמי של רשות המסים בישראל באתר gov.il (הוראות ביצוע). התוכן המלא בקישור המקור.,government_page,regulation,direct,https://www.gov.il/he/departments/policies/inst-01-2026
act-publications-sec-68-recruitment-order-form-commerce-and-services,sec-68,2026-01-18,טופס הזמנת גיוס - מסחר ושירותים,פרסום רשמי של רשות האוכלוסין וההגירה באתר gov.il (חוזרים ונהלים). התוכן המלא בקישור המקור.,government_page,,direct,https://www.gov.il/he/departments/policies/recruitment-order-form-commerce-and-services
act-publications-economy-dgi-israel-sal,economy,2026-01-15,"הוראת מנכ""ל 5.2 - ""הסל של ישראל"" - הליך תחרותי להוזלת מחירי מוצרי יסוד ברשתות קמעונאות","פרסום רשמי של משרד הכלכלה והתעשייה באתר gov.il (חוזרים והוראות מנכ""ל). התוכן המלא בקישור המקור.",government_page,,direct,https://www.gov.il/he/departments/policies/dgi-israel-sal
act-publications-sec-22-bm15126,sec-22,2026-01-15,נוהל תשלומים - בניית מקוואות 2025,פרסום רשמי של המשרד לשירותי דת באתר gov.il (נהלים והנחיות). התוכן המלא בקישור המקור.,government_page,regulation,direct,https://www.gov.il/he/departments/policies/bm15126
act-publications-sec-22-nbk15126,sec-22,2026-01-15,נוהל תשלומים - בניית בתי כנסת 2025,פרסום רשמי של המשרד לשירותי דת באתר gov.il (נהלים והנחיות). התוכן המלא בקישור המקור.,government_page,regulation,direct,https://www.gov.il/he/departments/policies/nbk15126
act-publications-sec-22-noe15126,sec-22,2026-01-15,נוהל תשלומים עירובין 2025,פרסום רשמי של המשרד לשירותי דת באתר gov.il (נהלים והנחיות). התוכן המלא בקישור המקור.,government_page,regulation,direct,https://www.gov.il/he/departments/policies/noe15126
act-publications-sec-22-ntt15126,sec-22,2026-01-15,נוהל תשלומים תקומה - אשכול א,פרסום רשמי של המשרד לשירותי דת באתר gov.il (נהלים והנחיות). התוכן המלא בקישור המקור.,government_page,regulation,direct,https://www.gov.il/he/departments/policies/ntt15126
act-publications-sec-22-shm15126,sec-22,2026-01-15,נוהל תשלומים שיפוץ מקוואות - 2026,פרסום רשמי של המשרד לשירותי דת באתר gov.il (נהלים והנחיות). התוכן המלא בקישור המקור.,government_page,regulation,direct,https://www.gov.il/he/departments/policies/shm15126
act-publications-sec-4-decision2259,sec-4,2026-01-15,החלטה מס' 2259 - קביעת צווי שירות המדינה (גמלאות) (עדכון המשכורת הקובעת),פרסום רשמי של נציבות שירות המדינה באתר gov.il (החלטות ועדת שירות המדינה). התוכן המלא בקישור המקור.,government_page,regulation,direct,https://www.gov.il/he/departments/policies/decision2259
act-publications-sec-34-72201,sec-34,2026-01-14,"החלטה מס' 72201- עדכון רישיון ייצור חשמל מס' 00598117 לצומת אנרגיה בע""מ",פרסום רשמי של רשות החשמל באתר gov.il (החלטות). התוכן המלא בקישור המקור.,government_page,regulation,direct,https://www.gov.il/he/departments/policies/72201
act-publications-environment-sludge-stabilization,environment,2026-01-13,"תוכנית ייצוב בוצה – הודעה על עדכון נוהל הגשה ואישור בקשה לפי תקנות המים (מניעת זיהום מים) (שימוש בבוצה וסילוקה), תשס""ד-2004",פרסום רשמי של המשרד להגנת הסביבה באתר gov.il (נהלים והנחיות). התוכן המלא בקישור המקור.,government_page,environment; regulation,direct,https://www.gov.il/he/departments/policies/sludge-stabilization
act-publications-health-hm01-2026,health,2026-01-13,הפעלת מגרשי חניה במרכזים הרפואיים הממשלתיים הכלליים,פרסום רשמי של משרד הבריאות באתר gov.il (חוזרים ונהלים). התוכן המלא בקישור המקור.,government_page,,direct,https://www.gov.il/he/departments/policies/hm01-2026
act-publications-health-reg-2171682,health,2026-01-12,תאריכי וועדות מייעצות לשנת 2026,פרסום רשמי של משרד הבריאות באתר gov.il (נהלים והנחיות). התוכן המלא בקישור המקור.,government_page,regulation,direct,https://www.gov.il/he/departments/policies/reg-2171682
act-publications-sec-4-doctors-collective-agreement-14072025,sec-4,2026-01-12,הסכם רופאים מיום 14.07.25,פרסום רשמי של נציבות שירות המדינה באתר gov.il (הסכמים). התוכן המלא בקישור המקור.,government_page,,direct,https://www.gov.il/he/departments/policies/doctors-collective-agreement-14072025
act-publications-sec-7-news13126,sec-7,2026-01-12,הוראת שעה: צמצום פעילויות שגרה בעת מלחמה - הארכה מס' 37,פרסום רשמי של שירות בתי הסוהר באתר gov.il (פקודות והוראות). התוכן המלא בקישור המקור.,government_page,emergency; regulation,direct,https://www.gov.il/he/departments/policies/news13126
act-publications-sec-34-73201,sec-34,2026-01-11,"החלטה מס'  73201   - מתן רישיון הספקה למספקים שאין ברשותם אמצעי ייצור לחברת אנלייט אנרגיה מתחדשת בע""מ",פרסום רשמי של רשות החשמל באתר gov.il (החלטות). התוכן המלא בקישור המקור.,government_page,procurement; regulation,direct,https://www.gov.il/he/departments/policies/73201
act-publications-sec-4-dec-answer110126,sec-4,2026-01-11,מתן מענה לתושבים שביתם ניזוק ואינו ראוי למגורים,פרסום רשמי של משרד ראש הממשלה באתר gov.il (החלטות). התוכן המלא בקישור המקור.,government_page,,direct,https://www.gov.il/he/departments/policies/dec-answer110126
act-publications-health-fcs-430434825,health,2026-01-08,הבהרה בדבר חלות תקנה 2073-2005 לעניין אפס סובלנות לליסטריה במזון שאינו מוכן לאכילה,פרסום רשמי של משרד הבריאות באתר gov.il (נהלים והנחיות). התוכן המלא בקישור המקור.,government_page,,direct,https://www.gov.il/he/departments/policies/fcs-430434825
act-publications-sec-23-molsa-precedures-warning-update-parenthood-surrogacy-ukraine-08012026,sec-23,2026-01-08,עדכון אזהרה ביחס לכינון הורות אגב הליכי פונדקאות באוקראינה,פרסום רשמי של משרד הרווחה והביטחון החברתי באתר gov.il (נהלים והנחיות). התוכן המלא בקישור המקור.,government_page,,direct,https://www.gov.il/he/departments/policies/molsa-precedures-warning-update-parenthood-surrogacy-ukraine-08012026
act-publications-sec-33-2025_animal_welfare,sec-33,2026-01-08,"דו""ח ביצוע תקציב רווחת בעלי חיים לשנת 2025",פרסום רשמי של משרד החקלאות וביטחון המזון באתר gov.il (נהלים רגולטוריים). התוכן המלא בקישור המקור.,government_page,regulation,direct,https://www.gov.il/he/departments/policies/2025_animal_welfare
act-publications-sec-34-73101,sec-34,2026-01-08,"החלטה מס' 73101- מתן רישיון ייצור חשמל לתחנת כוח בטכנולוגיה קונבנציונלית במחזור משולב (יחידה 80) לחברת נתיב האור – אורות רבין בע""מ",פרסום רשמי של רשות החשמל באתר gov.il (החלטות). התוכן המלא בקישור המקור.,government_page,regulation,direct,https://www.gov.il/he/departments/policies/73101
act-publications-sec-68-notice-passports-possession-prohibition-060125,sec-68,2026-01-08,ריענון בדבר איסור החזקת דרכונים ומניעת התפטרות - הודעה למעסיקים בעלי היתרים להעסקת עובדים זרים בכלל הענפים ולשכות פרטיות מורשות לתיווך עבודה לעובדים זרים,פרסום רשמי של רשות האוכלוסין וההגירה באתר gov.il (מידע למעסיקים). התוכן המלא בקישור המקור.,government_page,,direct,https://www.gov.il/he/departments/policies/notice-passports-possession-prohibition-060125
act-publications-sec-34-72003,sec-34,2026-01-07,החלטה מס' 72003 – תעריפים בגין רכישת אנרגיה בתקופת בדיקות קבלה למתקני אגירה המחוברים לרשת ההולכה,פרסום רשמי של רשות החשמל באתר gov.il (החלטות). התוכן המלא בקישור המקור.,government_page,,direct,https://www.gov.il/he/departments/policies/72003
act-publications-sec-34-73006,sec-34,2026-01-07,החלטה מס' 73006- אסדרה אשר תחול על פעילות הספקה מעמדות לטעינת רכב חשמלי,פרסום רשמי של רשות החשמל באתר gov.il (החלטות). התוכן המלא בקישור המקור.,government_page,procurement,direct,https://www.gov.il/he/departments/policies/73006
act-publications-sec-34-73205,sec-34,2026-01-07,החלטה מס' 73205 – בחירת הצעות זוכות בהליך תחרותי מס' 1 לקביעת תעריף רכישת תעודות זמינות ממנהל המערכת,פרסום רשמי של רשות החשמל באתר gov.il (החלטות). התוכן המלא בקישור המקור.,government_page,,direct,https://www.gov.il/he/departments/policies/73205
act-publications-sec-39-07012026,sec-39,2026-01-07,"תיקון רישיון פלאפון תקשורת בע""מ (מספר 144)",פרסום רשמי של משרד התקשורת באתר gov.il (רישיונות). התוכן המלא בקישור המקור.,government_page,,direct,https://www.gov.il/he/departments/policies/07012026
act-publications-sec-39-07012026_1,sec-39,2026-01-07,"תיקון רישיון הוט מובייל בע""מ (מספר 124)",פרסום רשמי של משרד התקשורת באתר gov.il (רישיונות). התוכן המלא בקישור המקור.,government_page,,direct,https://www.gov.il/he/departments/policies/07012026_1
act-publications-sec-39-07012026_2,sec-39,2026-01-07,"תיקון רישיון פרטנר תקשורת בע""מ (מספר 142)",פרסום רשמי של משרד התקשורת באתר gov.il (רישיונות). התוכן המלא בקישור המקור.,government_page,,direct,https://www.gov.il/he/departments/policies/07012026_2
act-publications-sec-39-07012026_3,sec-39,2026-01-07,"תיקון רישיון וויקום מובייל בע""מ (מספר 47)",פרסום רשמי של משרד התקשורת באתר gov.il (רישיונות). התוכן המלא בקישור המקור.,government_page,,direct,https://www.gov.il/he/departments/policies/07012026_3
act-publications-sec-39-07012026_4,sec-39,2026-01-07,"תיקון רישיון סלקום ישראל בע""מ (מספר 149)",פרסום רשמי של משרד התקשורת באתר gov.il (רישיונות). התוכן המלא בקישור המקור.,government_page,,direct,https://www.gov.il/he/departments/policies/07012026_4
act-publications-sec-4-decision2255,sec-4,2026-01-07,החלטה מס' 2255- הארכת פטור ממכרז ל-40 משרות זמניות והקצאת 25 משרות זמניות נוספות עבור קרן הפיצויים ברשות המסים בישראל,פרסום רשמי של נציבות שירות המדינה באתר gov.il (החלטות ועדת שירות המדינה). התוכן המלא בקישור המקור.,government_page,procurement; regulation,direct,https://www.gov.il/he/departments/policies/decision2255
act-publications-sec-4-decision2256,sec-4,2026-01-07,החלטה מס' 2256- פטור ממכרז למשרות זמניות במינהלת תקומה,פרסום רשמי של נציבות שירות המדינה באתר gov.il (החלטות ועדת שירות המדינה). התוכן המלא בקישור המקור.,government_page,procurement,direct,https://www.gov.il/he/departments/policies/decision2256
act-publications-sec-4-decision2257,sec-4,2026-01-07,החלטה מס' 2257- פטור ממכרז למשרות זמניות במינהלת תנופה לצפון לצורך שיקום ופיתוח הצפון עקב אירועי מלחמת חרבות ברזל,פרסום רשמי של נציבות שירות המדינה באתר gov.il (החלטות ועדת שירות המדינה). התוכן המלא בקישור המקור.,government_page,procurement; regulation,direct,https://www.gov.il/he/departments/policies/decision2257
act-publications-sec-4-decision2258,sec-4,2026-01-07,החלטה מס' 2258- הארכת פטור למשרות זמניות שירות לנוסע - רשות האוכלוסין וההגירה,פרסום רשמי של נציבות שירות המדינה באתר gov.il (החלטות ועדת שירות המדינה). התוכן המלא בקישור המקור.,government_page,,direct,https://www.gov.il/he/departments/policies/decision2258
act-publications-sec-5-employers-info-070126-1,sec-5,2026-01-07,"הנפקת אישור תושבות ביישוב מוטב לשנת 2026 – הנחיות מיוחדות בעקבות  מלחמת ""חרבות ברזל""",פרסום רשמי של רשות המסים בישראל באתר gov.il (נהלים והנחיות). התוכן המלא בקישור המקור.,government_page,,direct,https://www.gov.il/he/departments/policies/employers-info-070126-1
act-publications-sec-34-73003,sec-34,2026-01-05,החלטה מס' 73003 -  תיקונים עדכונים ושינויים אמות מידה – אסדרות צרכניות,פרסום רשמי של רשות החשמל באתר gov.il (החלטות). התוכן המלא בקישור המקור.,government_page,,direct,https://www.gov.il/he/departments/policies/73003
act-publications-sec-34-73004,sec-34,2026-01-05,החלטה מס' 73004- עדכון אמות מידה 35ב ו-35ג- חדר שנאים,פרסום רשמי של רשות החשמל באתר gov.il (החלטות). התוכן המלא בקישור המקור.,government_page,,direct,https://www.gov.il/he/departments/policies/73004
act-publications-sec-34-73005,sec-34,2026-01-05,החלטה מס' 73005- הארכת תוקף האסדרה לייצור חשמל בטכנולוגיה פוטו-וולטאית במתקני חלוץ אגרו וולטאיים,פרסום רשמי של רשות החשמל באתר gov.il (החלטות). התוכן המלא בקישור המקור.,government_page,regulation,direct,https://www.gov.il/he/departments/policies/73005
act-publications-sec-34-73002,sec-34,2026-01-04,החלטה מס' 73002  - הליכי גביית חוב וכלי אכיפה -צרכנים בתעריף עומס וזמן שאינו ביתי,פרסום רשמי של רשות החשמל באתר gov.il (החלטות). התוכן המלא בקישור המקור.,government_page,regulation,direct,https://www.gov.il/he/departments/policies/73002
act-publications-sec-68-foreignworkers-agri-exit-301225,sec-68,2026-01-04,יציאה מישראל של עובדי חקלאות זרים אשר סיימו תקופת עבודה חוקית מירבית,"פרסום רשמי של רשות האוכלוסין וההגירה באתר gov.il (חוזרים והוראות מנכ""ל). התוכן המלא בקישור המקור.",government_page,,direct,https://www.gov.il/he/departments/policies/foreignworkers-agri-exit-301225
act-publications-sec-7-news040126,sec-7,2026-01-04,"הוראת שעה לפקודת נציבות 04.40.00 - ""חופשות אסירים"" (חופשה מיוחדת לאסיר בתקופת המצב הביטחוני המיוחד) (""חרבות ברזל"") - הארכה מס' 4",פרסום רשמי של שירות בתי הסוהר באתר gov.il (פקודות והוראות). התוכן המלא בקישור המקור.,government_page,,direct,https://www.gov.il/he/departments/policies/news040126
act-publications-environment-european-regulation,environment,2026-01-01,הוראות המְנַהל לעניין האסדרה האירופית,פרסום רשמי של המשרד להגנת הסביבה באתר gov.il (נהלים והנחיות). התוכן המלא בקישור המקור.,government_page,,direct,https://www.gov.il/he/departments/policies/european-regulation
act-publications-environment-noise-measurement-plan,environment,2026-01-01,הנחיות להכנת תוכנית למדידות רעש במסגרת הליכי תכנון,פרסום רשמי של המשרד להגנת הסביבה באתר gov.il (נהלים והנחיות). התוכן המלא בקישור המקור.,government_page,,direct,https://www.gov.il/he/departments/policies/noise-measurement-plan
act-publications-sec-34-73001,sec-34,2026-01-01,החלטה מס' 73001- תיקון אמת מידה 34ו – חיבורים נוספים בחטיבת קרקע,פרסום רשמי של רשות החשמל באתר gov.il (החלטות). התוכן המלא בקישור המקור.,government_page,,direct,https://www.gov.il/he/departments/policies/73001
act-publications-sec-68-notice-ordering-foreign-workers-ind-extension-181225,sec-68,2026-01-01,"הזמנת עובדים זרים ע""י מעסיקים בעלי היתרים להעסקת עובדים זרים בענף התעשייה","פרסום רשמי של רשות האוכלוסין וההגירה באתר gov.il (חוזרים והוראות מנכ""ל). התוכן המלא בקישור המקור.",government_page,,direct,https://www.gov.il/he/departments/policies/notice-ordering-foreign-workers-ind-extension-181225
act-publications-sec-68-agrot-2026-foreign-workers,sec-68,2025-12-31,"עדכון סכומי אגרות, פיקדון, ערובה, ניכוי בעד מגורים הולמים, הוצאות נלוות וזיכוי בעד ביטוח רפואי - לשנת 2026","פרסום רשמי של רשות האוכלוסין וההגירה באתר gov.il (חוזרים והוראות מנכ""ל). התוכן המלא בקישור המקור.",government_page,,direct,https://www.gov.il/he/departments/policies/agrot-2026-foreign-workers
act-publications-health-bz01-2025,health,2025-12-30,נוהל מניעת אלח דם מוקדם בחיידק group B streptococcus (GBS) ביילוד,פרסום רשמי של משרד הבריאות באתר gov.il (חוזרים ונהלים). התוכן המלא בקישור המקור.,government_page,regulation,direct,https://www.gov.il/he/departments/policies/bz01-2025
act-publications-health-bz02-2025,health,2025-12-30,קווים מנחים - הדרכה לאנשי מקצוע בטיפות חלב: בנושא האכלה והתפתחות האכילה של תינוקות ופעוטות,פרסום רשמי של משרד הבריאות באתר gov.il (חוזרים ונהלים). התוכן המלא בקישור המקור.,government_page,regulation,direct,https://www.gov.il/he/departments/policies/bz02-2025
act-publications-sec-39-30122025,sec-39,2025-12-30,"מתן אפשרות למפעילי רט""ן (רדיו טלפון נייד) להאריך את תקופת השירות של הרשתות הפועלות בטכנולוגיות דור 2 ודור 3 והמשך הפעלת רשתות דור 2 לטובת שיחות למוקדי חירום – החלטה ומענה לעיקרי הטענות שעלו בשימוע",פרסום רשמי של משרד התקשורת באתר gov.il (החלטות). התוכן המלא בקישור המקור.,government_page,emergency,direct,https://www.gov.il/he/departments/policies/30122025
act-publications-sec-4-dec-private301225,sec-4,2025-12-30,עדכון להחלטה של ועדת המנכלים בעניין הבאה פרטית בענף הבניין ובתת ענף השיפוצים,פרסום רשמי של משרד ראש הממשלה באתר gov.il (החלטות). התוכן המלא בקישור המקור.,government_page,,direct,https://www.gov.il/he/departments/policies/dec-private301225
act-publications-sec-5-tax-report-station-2025,sec-5,2025-12-30,עמדות החייבות בדיווח שנת 2025,פרסום רשמי של רשות המסים בישראל באתר gov.il (חוזרים ונהלים). התוכן המלא בקישור המקור.,government_page,,direct,https://www.gov.il/he/departments/policies/tax-report-station-2025
act-publications-health-equip-physio-complex-nursing,health,2025-12-28,רשימת ציוד שהיא בסיס לאבזור מכון הפיזיותרפיה למחלקה לסיעוד מורכב תומך,פרסום רשמי של משרד הבריאות באתר gov.il (חוזרים ונהלים). התוכן המלא בקישור המקור.,government_page,,direct,https://www.gov.il/he/departments/policies/equip-physio-complex-nursing
act-publications-health-equip-physio-geriatric-rehab,health,2025-12-28,רשימת ציוד שהיא בסיס לאבזור מכון הפיזיותרפיה למחלקה לגריאטריה שיקומית,פרסום רשמי של משרד הבריאות באתר gov.il (חוזרים ונהלים). התוכן המלא בקישור המקור.,government_page,,direct,https://www.gov.il/he/departments/policies/equip-physio-geriatric-rehab
act-publications-health-equip-physio-ventilation,health,2025-12-28,רשימת ציוד שהיא בסיס לאבזור מכון הפיזיותרפיה למחלקה להנשמה ממושכת,פרסום רשמי של משרד הבריאות באתר gov.il (חוזרים ונהלים). התוכן המלא בקישור המקור.,government_page,,direct,https://www.gov.il/he/departments/policies/equip-physio-ventilation
act-publications-sec-29-government_decision_550_moch,sec-29,2025-12-28,התוכנית הכלכלית לצמצום פערים בחברה הערבית עד לשנת 2026,פרסום רשמי של משרד הבינוי והשיכון באתר gov.il (החלטות). התוכן המלא בקישור המקור.,government_page,regulation,direct,https://www.gov.il/he/departments/policies/government_decision_550_moch
act-publications-sec-23-molsa-executive-circulars-old-25122025,sec-23,2025-12-25,"חדש! מעתה ניתן למצוא מידע היסטורי של תע""ס וחוזרי מנכ""ל ישנים של המשרד","פרסום רשמי של משרד הרווחה והביטחון החברתי באתר gov.il (חוזרים והוראות מנכ""ל). התוכן המלא בקישור המקור.",government_page,regulation,direct,https://www.gov.il/he/departments/policies/molsa-executive-circulars-old-25122025
act-publications-sec-33-import_eggs_from_romania,sec-33,2025-12-25,יבוא ביצים מרומניה,פרסום רשמי של משרד החקלאות וביטחון המזון באתר gov.il (נהלים רגולטוריים). התוכן המלא בקישור המקור.,government_page,,direct,https://www.gov.il/he/departments/policies/import_eggs_from_romania
act-publications-sec-4-guide_line_13,sec-4,2025-12-25,הנחיית נציב מס' 1.3 - נוהל עבודת ועדת המינויים,פרסום רשמי של נציבות שירות המדינה באתר gov.il (הנחיות נציב שירות המדינה). התוכן המלא בקישור המקור.,government_page,regulation,direct,https://www.gov.il/he/departments/policies/guide_line_13
act-publications-sec-29-dec2856-2025-moch,sec-29,2025-12-24,החלטה מספר 2856 של הממשלה מיום 09.03.2025: תוכנית להעצמה ולפיתוח כלכלי חברתי ביישובים הדרוזים והצ'רקסים בגליל ובכרמל לשנים 2029-2025,פרסום רשמי של משרד הבינוי והשיכון באתר gov.il (החלטות). התוכן המלא בקישור המקור.,government_page,,direct,https://www.gov.il/he/departments/policies/dec2856-2025-moch
act-publications-sec-29-dec2857-2025-moch,sec-29,2025-12-24,תוכנית להעצמה ולפיתוח כלכלי חברתי ביישובים הדרוזים ברמת הגולן לשנים 2029-2025,פרסום רשמי של משרד הבינוי והשיכון באתר gov.il (החלטות). התוכן המלא בקישור המקור.,government_page,,direct,https://www.gov.il/he/departments/policies/dec2857-2025-moch
act-publications-sec-34-72901,sec-34,2025-12-24,"החלטה מס' 72901 - אישור העברת אחזקות ברישיון הייצור של אי.פי.אם באר טוביה בע""מ ח.פ. 513642553",פרסום רשמי של רשות החשמל באתר gov.il (החלטות). התוכן המלא בקישור המקור.,government_page,regulation,direct,https://www.gov.il/he/departments/policies/72901
act-publications-sec-34-72902,sec-34,2025-12-24,"החלטה מס'  72902 - אישור העברת אחזקות ברישיון הייצור של תחנת הכוח רמת חובב בע""מ ח.פ. 540285947",פרסום רשמי של רשות החשמל באתר gov.il (החלטות). התוכן המלא בקישור המקור.,government_page,regulation,direct,https://www.gov.il/he/departments/policies/72902
act-publications-sec-34-72903,sec-34,2025-12-24,"החלטה מס' 72903 - אישור העברת אחזקות ברישיון הייצור של תחנת כוח חגית מזרח בע""מ ח.פ. 540310158",פרסום רשמי של רשות החשמל באתר gov.il (החלטות). התוכן המלא בקישור המקור.,government_page,regulation,direct,https://www.gov.il/he/departments/policies/72903
act-publications-sec-34-72904,sec-34,2025-12-24,"החלטה מס' 72904 - אישור לשעבוד נכסים ברישיון ייצור מספר STA309 של נגב אנרגיה אשלים תרמו סולאר בע""מ",פרסום רשמי של רשות החשמל באתר gov.il (החלטות). התוכן המלא בקישור המקור.,government_page,regulation,direct,https://www.gov.il/he/departments/policies/72904
act-publications-sec-4-faqhealthsystem-25,sec-4,2025-12-23,"שו""ת בריאות - פסיכולוגים",פרסום רשמי של נציבות שירות המדינה באתר gov.il (חוזרים ונהלים). התוכן המלא בקישור המקור.,government_page,,direct,https://www.gov.il/he/departments/policies/faqhealthsystem-25
act-publications-sec-4-superior-compensation-agreement-23122025,sec-4,2025-12-23,החלטת ועדת מעקב מיום 7/8/2025 - תגמול ממונים וביטחון מירבי,פרסום רשמי של נציבות שירות המדינה באתר gov.il (הסכמים). התוכן המלא בקישור המקור.,government_page,,direct,https://www.gov.il/he/departments/policies/superior-compensation-agreement-23122025
act-publications-sec-23-molsa-executive-circulars-010-2025,sec-23,2025-12-18,חוק כלי הירייה - תיקון מספר 26 לחוק,"פרסום רשמי של משרד הרווחה והביטחון החברתי באתר gov.il (חוזרים והוראות מנכ""ל). התוכן המלא בקישור המקור.",government_page,,direct,https://www.gov.il/he/departments/policies/molsa-executive-circulars-010-2025
act-publications-sec-39-18122025,sec-39,2025-12-18,"החלטת המועצה לשידורי כבלים ולשידורי לוויין 6-8/2025 מיום 11.12.25 בעניין: אישור הסרת ערוצים ""NHK"",""SAT 3"",""מצרים"" ו""ירדן""  מרשימת שידורי הוט",פרסום רשמי של משרד התקשורת באתר gov.il (החלטות). התוכן המלא בקישור המקור.,government_page,,direct,https://www.gov.il/he/departments/policies/18122025
act-publications-health-standard-speech-therapy-services-family-health-centers,health,2025-12-17,אמות מידה לשירותי קלינאות תקשורת בתחנות לבריאות המשפחה (טיפות חלב),פרסום רשמי של משרד הבריאות באתר gov.il (נהלים והנחיות). התוכן המלא בקישור המקור.,government_page,,direct,https://www.gov.il/he/departments/policies/standard-speech-therapy-services-family-health-centers
act-publications-health-fcs-472238625,health,2025-12-16,הוראות יזומות לתחנות הסגר לענייו גז קצפות מיום 15.12.25 (ניטרוס אוקסיד O2N),פרסום רשמי של משרד הבריאות באתר gov.il (נהלים והנחיות). התוכן המלא בקישור המקור.,government_page,,direct,https://www.gov.il/he/departments/policies/fcs-472238625
act-publications-sec-34-72701,sec-34,2025-12-16,החלטה מס' 72701 – מתן רישיון מס' 00315925 סינרג'י רמת הגליל שותפות מוגבלת,פרסום רשמי של רשות החשמל באתר gov.il (החלטות). התוכן המלא בקישור המקור.,government_page,,direct,https://www.gov.il/he/departments/policies/72701
act-publications-sec-34-72702,sec-34,2025-12-16,"החלטה מס' 72702- עדכון רישיון מותנה מס' 02748623 להקמת מתקן לייצור חשמל בטכנולוגיה קונבנציונאלית לקסם אנרגיה בע""מ",פרסום רשמי של רשות החשמל באתר gov.il (החלטות). התוכן המלא בקישור המקור.,government_page,regulation; workforce,direct,https://www.gov.il/he/departments/policies/72702
act-publications-sec-34-72801,sec-34,2025-12-16,"החלטה מס' 72801- ביטול רישיון להספקת חשמל ללא אמצעי ייצור מס' 00452721 לחברת סונול גז פלוס בע""מ",פרסום רשמי של רשות החשמל באתר gov.il (החלטות). התוכן המלא בקישור המקור.,government_page,procurement; regulation,direct,https://www.gov.il/he/departments/policies/72801
act-publications-sec-5-inst-34-93,sec-5,2025-12-16,"תוספת מספר 1 להוראת ביצוע 34/93 – עדכון לעניין ""חברות מיוחדות"" ניכוי מס במקור מתשלומים לתושבי חוץ",פרסום רשמי של רשות המסים בישראל באתר gov.il (הוראות ביצוע). התוכן המלא בקישור המקור.,government_page,regulation,direct,https://www.gov.il/he/departments/policies/inst-34-93
act-publications-sec-68-distribution-of-quotas-second-median-2025-2026,sec-68,2025-12-15,חלוקת מכסות הבאה בסיעוד לחציון השני לשנים 2025-2026,"פרסום רשמי של רשות האוכלוסין וההגירה באתר gov.il (חוזרים והוראות מנכ""ל). התוכן המלא בקישור המקור.",government_page,,direct,https://www.gov.il/he/departments/policies/distribution-of-quotas-second-median-2025-2026
act-publications-sec-4-directive-28-2025,sec-4,2025-12-14,זכאות תוספת 7 ימי היעדרות למשפחות שכולות ממלחמת חרבות ברזל מקרב עובדי מדינה,"פרסום רשמי של נציבות שירות המדינה באתר gov.il (חוזרים והוראות מנכ""ל). התוכן המלא בקישור המקור.",government_page,,direct,https://www.gov.il/he/departments/policies/directive-28-2025
act-publications-sec-34-78206,sec-34,2025-12-11,החלטה מס' 72806-  עדכון מבנה תעריף החשמל,פרסום רשמי של רשות החשמל באתר gov.il (החלטות). התוכן המלא בקישור המקור.,government_page,,direct,https://www.gov.il/he/departments/policies/78206
act-publications-sec-5-procedures-111225-1,sec-5,2025-12-11,הבהרות לחישוב הפיצוי במסלול הוצאות מזכות ומסלול מחזורים,פרסום רשמי של רשות המסים בישראל באתר gov.il (נהלים והנחיות). התוכן המלא בקישור המקור.,government_page,regulation,direct,https://www.gov.il/he/departments/policies/procedures-111225-1
act-publications-health-nd250-2025,health,2025-12-10,תפקיד אחים ואחיות מוסמכים בחיבור שסתום דיבור למטופל עם טרכיאוסטומיה במערך האשפוז והקהילה – עדכון,פרסום רשמי של משרד הבריאות באתר gov.il (חוזרים ונהלים). התוכן המלא בקישור המקור.,government_page,,direct,https://www.gov.il/he/departments/policies/nd250-2025
act-publications-health-ot-474939825,health,2025-12-10,אמות מידה להתערבות ריפוי בעיסוק בהערכה ושיקום של כישורי נהיגה,פרסום רשמי של משרד הבריאות באתר gov.il (נהלים והנחיות). התוכן המלא בקישור המקור.,government_page,,direct,https://www.gov.il/he/departments/policies/ot-474939825
act-publications-sec-7-news101225,sec-7,2025-12-10,הוראת שעה: צמצום פעילויות שגרה בעת מלחמה - הארכה מס' 36,פרסום רשמי של שירות בתי הסוהר באתר gov.il (פקודות והוראות). התוכן המלא בקישור המקור.,government_page,emergency; regulation,direct,https://www.gov.il/he/departments/policies/news101225
act-publications-sec-29-national-emergency-engineering-guidelines,sec-29,2025-12-09,מכלולי ההנדסה: הספרייה למוכנות הרשות למצבי חירום בתחומי ההנדסה,פרסום רשמי של משרד הבינוי והשיכון באתר gov.il (נהלים והנחיות). התוכן המלא בקישור המקור.,government_page,emergency,direct,https://www.gov.il/he/departments/policies/national-emergency-engineering-guidelines
act-publications-sec-34-72802,sec-34,2025-12-09,החלטה מס' 72802-  כשירות קסם לקבלת רישיון ייצור בהיבטי תחרותיות ענפית וריכוזיות כלל משקית,פרסום רשמי של רשות החשמל באתר gov.il (החלטות). התוכן המלא בקישור המקור.,government_page,regulation,direct,https://www.gov.il/he/departments/policies/72802
act-publications-sec-34-72803,sec-34,2025-12-09,החלטה  מס' 72803– הוראת שעה להחזרת ערבות חלקית בהליך מספר 1 לקביעת תעריף הספק למתקנים המחוברים לרשת החלוקה המייצרים חשמל באמצעות גז טבעי,פרסום רשמי של רשות החשמל באתר gov.il (החלטות). התוכן המלא בקישור המקור.,government_page,procurement,direct,https://www.gov.il/he/departments/policies/72803
act-publications-sec-34-72804,sec-34,2025-12-09,החלטת רשות מס' 72804 - תיקון אמת מידה 35מד -  תוספת והחלפת הספק במתקן פוטו וולטאי ללא הגדלת חיבור,פרסום רשמי של רשות החשמל באתר gov.il (החלטות). התוכן המלא בקישור המקור.,government_page,procurement; workforce,direct,https://www.gov.il/he/departments/policies/72804
act-publications-sec-34-72805,sec-34,2025-12-09,החלטה מס' 72805 – קריטריונים לביצוע עבודות נוספות לשיפור אמינות אספקת חשמל והתאמת רשת החלוקה לאיומים ביטחוניים,פרסום רשמי של רשות החשמל באתר gov.il (החלטות). התוכן המלא בקישור המקור.,government_page,procurement; regulation,direct,https://www.gov.il/he/departments/policies/72805
act-publications-sec-37-hozer-mankal-092025,sec-37,2025-12-09,"חוזר מנכ""ל 09/2025: מבחן תמיכה לשיקום מתקני אכסון שקלטו מפונים במלחמת ""חרבות ברזל"" – עמותות ומלכ""רים","פרסום רשמי של משרד התיירות באתר gov.il (חוזרים והוראות מנכ""ל). התוכן המלא בקישור המקור.",government_page,grants; regulation,direct,https://www.gov.il/he/departments/policies/hozer-mankal-092025
act-publications-sec-36-emergency-remove,sec-36,2025-12-07,הנחיות אירוע חירום והרחקת תלמיד בפיקוח האגף להכשרה,פרסום רשמי של משרד העבודה באתר gov.il (נהלים והנחיות). התוכן המלא בקישור המקור.,government_page,emergency,direct,https://www.gov.il/he/departments/policies/emergency-remove
act-publications-sec-36-school-drop-prevent,sec-36,2025-12-07,הנחיות לדיווח וטיפול בביקור סדיר ומניעת נשירה בתי הספר,פרסום רשמי של משרד העבודה באתר gov.il (נהלים והנחיות). התוכן המלא בקישור המקור.,government_page,,direct,https://www.gov.il/he/departments/policies/school-drop-prevent
act-publications-sec-5-inst-071225-1,sec-5,2025-12-07,הוראת ביצוע מס ערך מוסף מספר 01/2025: מודל חשבוניות ישראל – הקצאת מספרי חשבוניות,פרסום רשמי של רשות המסים בישראל באתר gov.il (הוראות ביצוע). התוכן המלא בקישור המקור.,government_page,regulation,direct,https://www.gov.il/he/departments/policies/inst-071225-1
act-publications-sec-5-represent-info-07122025-1,sec-5,2025-12-07,"רפורמה במיסוי עסקים זעירים – עדכון תקנות, תיאומי מס ודגשים לסוף שנה",פרסום רשמי של רשות המסים בישראל באתר gov.il (נהלים והנחיות). התוכן המלא בקישור המקור.,government_page,regulation,direct,https://www.gov.il/he/departments/policies/represent-info-07122025-1
act-publications-environment-acacia-saligna,environment,2025-12-04,הנחיות מפורטות מומלצות לשימוש באמינופיראליד (מיילסטון) לטיפול בשיטה כחלחלה ובצחר כחלחל בישראל,פרסום רשמי של המשרד להגנת הסביבה באתר gov.il (נהלים רגולטוריים). התוכן המלא בקישור המקור.,government_page,regulation,direct,https://www.gov.il/he/departments/policies/acacia-saligna
act-publications-environment-ailanthus-altissima,environment,2025-12-04,הנחיות מפורטות מומלצות לטיפול באילנתה בלוטית עם מיילסטון (אמינופיראליד) בישראל,פרסום רשמי של המשרד להגנת הסביבה באתר gov.il (נהלים רגולטוריים). התוכן המלא בקישור המקור.,government_page,regulation,direct,https://www.gov.il/he/departments/policies/ailanthus-altissima
act-publications-environment-aminopyralid,environment,2025-12-04,הנחיות מפורטות מומלצות לטיפול בשיטת עלי-ערבה עם מיילסטון (אמינופיראליד) בישראל,פרסום רשמי של המשרד להגנת הסביבה באתר gov.il (נהלים רגולטוריים). התוכן המלא בקישור המקור.,government_page,regulation,direct,https://www.gov.il/he/departments/policies/aminopyralid
act-publications-health-sbn02-2025,health,2025-12-04,לא בתוקף - שירותים בתחום התפתחות הילד - עדכון,פרסום רשמי של משרד הבריאות באתר gov.il (חוזרים ונהלים). התוכן המלא בקישור המקור.,government_page,,direct,https://www.gov.il/he/departments/policies/sbn02-2025
act-publications-sec-68-relief_ukraine_russia041225,sec-68,2025-12-04,הקלות מעודכנות לזכאי שבות נתיני אוקראינה - Оновлені полегшення для претендентів на повернення з України,פרסום רשמי של רשות האוכלוסין וההגירה באתר gov.il (חוזרים ונהלים). התוכן המלא בקישור המקור.,government_page,,direct,https://www.gov.il/he/departments/policies/relief_ukraine_russia041225
act-publications-economy-opinion-submission-coop-bylaws031225,economy,2025-12-03,"גילוי דעת לעניין הגשת תקנון לרישום אגודה או תיקון תקנון אגודה קיימת בחותמת ""העתק נאמן למקור"" במקום דרישה לקבלת מסמך מקורי",פרסום רשמי של משרד הכלכלה והתעשייה באתר gov.il (החלטות). התוכן המלא בקישור המקור.,government_page,,direct,https://www.gov.il/he/departments/policies/opinion-submission-coop-bylaws031225
act-publications-sec-23-molsa-precedures-treatment-of-sex-offenders-and-sexual-abusers-03122025,sec-23,2025-12-03,אמות מידה מקצועיות לטיפול ייעודי בעברייני מין ופוגעים מינית,פרסום רשמי של משרד הרווחה והביטחון החברתי באתר gov.il (נהלים והנחיות). התוכן המלא בקישור המקור.,government_page,regulation,direct,https://www.gov.il/he/departments/policies/molsa-precedures-treatment-of-sex-offenders-and-sexual-abusers-03122025
act-publications-sec-4-decision2253,sec-4,2025-12-03,החלטה מס' 2253 - פטור ממכרז פומבי למשרת פרויקטור המרחב המזרחי במשרד הביטחון,פרסום רשמי של נציבות שירות המדינה באתר gov.il (החלטות ועדת שירות המדינה). התוכן המלא בקישור המקור.,government_page,procurement,direct,https://www.gov.il/he/departments/policies/decision2253
act-publications-sec-4-decision2254,sec-4,2025-12-03,החלטה מס' 2254 - פטור ממכרז מינוי באמצעות ועדה לאיתור מועמדים למשרת ראש רשות האוכלוסין וההגירה,פרסום רשמי של נציבות שירות המדינה באתר gov.il (החלטות ועדת שירות המדינה). התוכן המלא בקישור המקור.,government_page,procurement,direct,https://www.gov.il/he/departments/policies/decision2254
act-publications-sec-68-hiring-replacement-hotel-workers-261125,sec-68,2025-12-03,"התרת קליטת עובדי מלונאות זרים שאינם רשומים כעובדים פעילים של בית מלון אחר, במקום עובדים זרים שדווח על הפסקת עבודתם בבית המלון הקולט אך אשר טרם נרשמו כמועסקים במלון חדש",פרסום רשמי של רשות האוכלוסין וההגירה באתר gov.il (מידע למעסיקים). התוכן המלא בקישור המקור.,government_page,,direct,https://www.gov.il/he/departments/policies/hiring-replacement-hotel-workers-261125
act-publications-health-professional-standards-dedicated-treatment-sex-offenders-sexual-abusers,health,2025-12-02,אמות מידה מקצועיות לטיפול ייעודי בעברייני מין ופוגעים מינית,פרסום רשמי של משרד הבריאות באתר gov.il (נהלים והנחיות). התוכן המלא בקישור המקור.,government_page,regulation,direct,https://www.gov.il/he/departments/policies/professional-standards-dedicated-treatment-sex-offenders-sexual-abusers
act-publications-sec-34-72703,sec-34,2025-12-01,"החלטה מס' 72703 - אישור לשעבוד נכסים ברישיון מותנה מספר 00506025 של אנרג'יקס עמק זבולון מתח עליון , שותפות מוגבלת",פרסום רשמי של רשות החשמל באתר gov.il (החלטות). התוכן המלא בקישור המקור.,government_page,,direct,https://www.gov.il/he/departments/policies/72703
act-publications-sec-34-72704,sec-34,2025-12-01,החלטה מס' 72704 - אישור לשעבוד נכסים ברישיון מותנה מספר 00850524 של דליה אנרגיות הרחבה,פרסום רשמי של רשות החשמל באתר gov.il (החלטות). התוכן המלא בקישור המקור.,government_page,,direct,https://www.gov.il/he/departments/policies/72704
act-publications-sec-34-72705,sec-34,2025-12-01,"החלטה מס' 72705 - אישור עבור חברת אשלים 3 אנרגיה ירוקה בע""מ  - הזוכה במכרז למימון, תכנון, הקמה ותפעול של מתקן לייצור חשמל סולארי בטכנולוגיה פוטו-וולטאית שיחובר לרשת ההולכה – אשלים pv3, לשעבד את נכסי רישיון ייצור מספר 01562125 אשר עתיד להינתן לה",פרסום רשמי של רשות החשמל באתר gov.il (החלטות). התוכן המלא בקישור המקור.,government_page,procurement; regulation; workforce,direct,https://www.gov.il/he/departments/policies/72705
act-publications-sec-34-72706,sec-34,2025-12-01,החלטה מס' 72706 - אישור לשעבוד נכסים ברישיון ייצור מספר 01320825 של אם.אר.סי א.ת. פיתוח,פרסום רשמי של רשות החשמל באתר gov.il (החלטות). התוכן המלא בקישור המקור.,government_page,regulation,direct,https://www.gov.il/he/departments/policies/72706
act-publications-sec-34-electricity-011225,sec-34,2025-12-01,"עקרונות מדיניות - בחינת היקף ואופן הארכת השימור של יחידות ייצור חשמל 1-4 בתחנת הכוח ""אורות רבין""",פרסום רשמי של משרד האנרגיה והתשתיות באתר gov.il (מסמכי מדיניות). התוכן המלא בקישור המקור.,government_page,regulation,direct,https://www.gov.il/he/departments/policies/electricity-011225
act-publications-sec-4-directive-27-2025,sec-4,2025-12-01,"הנחיות ביצוע- נוהל האצת הסדר התמודדות מיוחד, עידוד מעבר בין תפקידים ומוביליות בסגל הבכיר המוביל במשרדי הממשלה ויחידות הסמך","פרסום רשמי של נציבות שירות המדינה באתר gov.il (חוזרים והוראות מנכ""ל). התוכן המלא בקישור המקור.",government_page,regulation,direct,https://www.gov.il/he/departments/policies/directive-27-2025
act-publications-sec-68-540030,sec-68,2025-12-01,נוהל הטיפול בהסדרת רישיון לזרים לצורך קבלת טיפול רפואי,פרסום רשמי של רשות האוכלוסין וההגירה באתר gov.il (נהלים והנחיות). התוכן המלא בקישור המקור.,government_page,regulation,direct,https://www.gov.il/he/departments/policies/540030
act-publications-health-psyc-288772925,health,2025-11-30,נוהל העבודה של ועדת הכרה לתואר דוקטור לפסיכולוגים,פרסום רשמי של משרד הבריאות באתר gov.il (חוזרים ונהלים). התוכן המלא בקישור המקור.,government_page,regulation,direct,https://www.gov.il/he/departments/policies/psyc-288772925
act-publications-sec-5-inst-13-2025,sec-5,2025-11-30,הוראת ביצוע מס הכנסה מספר 13/2025- רשות המסים בנושא: אכיפת חובות דיווח של חלפני כספים לפי סעיף 141א לפקודה - עיצום כספי,פרסום רשמי של רשות המסים בישראל באתר gov.il (הוראות ביצוע). התוכן המלא בקישור המקור.,government_page,regulation,direct,https://www.gov.il/he/departments/policies/inst-13-2025
act-publications-sec-7-news11225,sec-7,2025-11-30,הוראת שעה - הסדרת תשלומי מקדמות לפורשים על חשבון זכאות לפנסיה גישור,פרסום רשמי של שירות בתי הסוהר באתר gov.il (פקודות והוראות). התוכן המלא בקישור המקור.,government_page,,direct,https://www.gov.il/he/departments/policies/news11225
act-publications-sec-34-72605,sec-34,2025-11-27,החלטה מס' 72605- בחינת חלופות לעתיד יחידות 4-1 באתר אורות רבין,פרסום רשמי של רשות החשמל באתר gov.il (החלטות). התוכן המלא בקישור המקור.,government_page,,direct,https://www.gov.il/he/departments/policies/72605
act-publications-sec-34-72707,sec-34,2025-11-27,החלטה מס' 72707- תמיכה ביישום תכנית הפיתוח למערכת החלוקה לשנים 2025-2030,פרסום רשמי של רשות החשמל באתר gov.il (החלטות). התוכן המלא בקישור המקור.,government_page,grants,direct,https://www.gov.il/he/departments/policies/72707
act-publications-sec-34-72708,sec-34,2025-11-27,החלטה מס' 72708 – מנגנון זמני לרכישת תעודות זמינות על ידי מספקים וירטואליים ממנהל המערכת,פרסום רשמי של רשות החשמל באתר gov.il (החלטות). התוכן המלא בקישור המקור.,government_page,procurement,direct,https://www.gov.il/he/departments/policies/72708
act-publications-sec-4-dec-private271125a,sec-4,2025-11-27,עדכון החלטה של ועדת המנכלים בעניין המכסה להבאה פרטית לענף התעשייה,פרסום רשמי של משרד ראש הממשלה באתר gov.il (החלטות). התוכן המלא בקישור המקור.,government_page,,direct,https://www.gov.il/he/departments/policies/dec-private271125a
act-publications-sec-4-dec-private271125b,sec-4,2025-11-27,עדכון החלטה של ועדת המנכלים בנושא עדכון המכסה להבאה פרטית של עובדים זרים בענף המסחר והשירותים,פרסום רשמי של משרד ראש הממשלה באתר gov.il (החלטות). התוכן המלא בקישור המקור.,government_page,,direct,https://www.gov.il/he/departments/policies/dec-private271125b
act-publications-sec-5-professional-directives-271125-1,sec-5,2025-11-27,חוזר מס הכנסה מספר 10/2025 - רשות המסים בנושא: קיזוז הפסדי הון,פרסום רשמי של רשות המסים בישראל באתר gov.il (חוזרים ונהלים). התוכן המלא בקישור המקור.,government_page,,direct,https://www.gov.il/he/departments/policies/professional-directives-271125-1
act-publications-sec-7-standard_1212_wooden_doors,sec-7,2025-11-27,חובת יישום מלא של דרישות תקן ישראלי ת״י 1212 בבדיקת דלתות אש,פרסום רשמי של כבאות והצלה לישראל באתר gov.il (נהלים והנחיות). התוכן המלא בקישור המקור.,government_page,workforce,direct,https://www.gov.il/he/departments/policies/standard_1212_wooden_doors
act-publications-health-hp-geriatric-regulations-nursing-mental-health-wards,health,2025-11-26,נהלים למסגרת גריאטרית (מחלקות סיעודיות ותשושי נפש),פרסום רשמי של משרד הבריאות באתר gov.il (נהלים והנחיות). התוכן המלא בקישור המקור.,government_page,,direct,https://www.gov.il/he/departments/policies/hp-geriatric-regulations-nursing-mental-health-wards
act-publications-health-savil,health,2025-11-26,חיסון סביל,פרסום רשמי של משרד הבריאות באתר gov.il (נהלים והנחיות). התוכן המלא בקישור המקור.,government_page,health,direct,https://www.gov.il/he/departments/policies/savil
act-publications-sec-68-applications-permits-foreign-workers-in-nursing-institutions-1125,sec-68,2025-11-25,פתיחת מועד להגשת בקשות להיתרים ולתוספת מכסה להעסקת עובדים זרים ככוח עזר במוסדות סיעוד ברישוי משרד הבריאות - לפי שיטת כל הקודם זוכה,פרסום רשמי של רשות האוכלוסין וההגירה באתר gov.il (חוזרים ונהלים). התוכן המלא בקישור המקור.,government_page,regulation,direct,https://www.gov.il/he/departments/policies/applications-permits-foreign-workers-in-nursing-institutions-1125
act-publications-sec-23-molsa-youth-sponsorship-book-of-procedures,sec-23,2025-11-23,ספר הנהלים - רשות חסות הנוער,פרסום רשמי של משרד הרווחה והביטחון החברתי באתר gov.il (נהלים והנחיות). התוכן המלא בקישור המקור.,government_page,,direct,https://www.gov.il/he/departments/policies/molsa-youth-sponsorship-book-of-procedures
act-publications-sec-33-import_quotas_procedure_2026,sec-33,2025-11-23,נוהל חלוקת מכסות יבוא לשנת 2026,פרסום רשמי של משרד החקלאות וביטחון המזון באתר gov.il (נהלים כלליים). התוכן המלא בקישור המקור.,government_page,regulation,direct,https://www.gov.il/he/departments/policies/import_quotas_procedure_2026
act-publications-sec-33-land_committee_work_procedure,sec-33,2025-11-23,נוהל עבודת ועדת קרקעות,פרסום רשמי של משרד החקלאות וביטחון המזון באתר gov.il (נהלים כלליים). התוכן המלא בקישור המקור.,government_page,regulation,direct,https://www.gov.il/he/departments/policies/land_committee_work_procedure
act-publications-sec-33-program_committee_work_procedure,sec-33,2025-11-23,נוהל עבודת ועדת פרוגרמות,פרסום רשמי של משרד החקלאות וביטחון המזון באתר gov.il (נהלים כלליים). התוכן המלא בקישור המקור.,government_page,regulation,direct,https://www.gov.il/he/departments/policies/program_committee_work_procedure
act-publications-sec-34-42401,sec-34,2025-11-23,"החלטה מס' 42401- מתן רישיונות קבועים לייצור חשמל בטכנולוגיה קונבנציונלית ורישיון הספקה לחברת דוראד אנרגיה בע""מ",פרסום רשמי של רשות החשמל באתר gov.il (החלטות). התוכן המלא בקישור המקור.,government_page,procurement; regulation,direct,https://www.gov.il/he/departments/policies/42401
act-publications-sec-5-inst-11-2025,sec-5,2025-11-23,"הוראת ביצוע מס הכנסה מספר 11/2025 - רשות המסים בנושא: דיווח למערכת ""תרומות ישראל""",פרסום רשמי של רשות המסים בישראל באתר gov.il (הוראות ביצוע). התוכן המלא בקישור המקור.,government_page,regulation,direct,https://www.gov.il/he/departments/policies/inst-11-2025
act-publications-sec-5-inst-12-2025,sec-5,2025-11-23,"הוראת ביצוע מס הכנסה מספר 12/2025- רשות המסים בנושא: מתן זיכוי לפי סעיף 46 על ידי מעסיק לעובדיו, באמצעות תלוש שכר",פרסום רשמי של רשות המסים בישראל באתר gov.il (הוראות ביצוע). התוכן המלא בקישור המקור.,government_page,regulation,direct,https://www.gov.il/he/departments/policies/inst-12-2025
act-publications-sec-68-10-2025-temporary-order,sec-68,2025-11-23,חוזר ראש מינהל 10/2025 - הוראת שעה - נובמבר 2025,"פרסום רשמי של רשות האוכלוסין וההגירה באתר gov.il (חוזרים והוראות מנכ""ל). התוכן המלא בקישור המקור.",government_page,,direct,https://www.gov.il/he/departments/policies/10-2025-temporary-order
act-publications-sec-68-970002-a,sec-68,2025-11-23,"בקשה להשתתפות נציג/י התאגיד במבחני מיון לעובדי בניין/שיפוצים/תחבורה בחו""ל",פרסום רשמי של רשות האוכלוסין וההגירה באתר gov.il (חוזרים ונהלים). התוכן המלא בקישור המקור.,government_page,,direct,https://www.gov.il/he/departments/policies/970002-a
act-publications-sec-7-news241125,sec-7,2025-11-23,"הוראת שעה - פיילוט ""רכש מקוון"" ואיסור הכנסת ציוד מן החוץ",פרסום רשמי של שירות בתי הסוהר באתר gov.il (פקודות והוראות). התוכן המלא בקישור המקור.,government_page,procurement,direct,https://www.gov.il/he/departments/policies/news241125
act-publications-sec-36-nohal-tikzuv-medini,sec-36,2025-11-20,"נוהל וקריטריונים לתקצוב מוסדות מוכרים להכשרת הנדסאים לשנת הלימודים תשפ""ו",פרסום רשמי של משרד העבודה באתר gov.il (נהלים והנחיות). התוכן המלא בקישור המקור.,government_page,regulation,direct,https://www.gov.il/he/departments/policies/nohal-tikzuv-medini
act-publications-sec-4-dec-bearsheva191125,sec-4,2025-11-19,החלטת ממשלה פיתוח וחיזוק באר שבע כעיר הליבה של מטרופולין הדרום ותיקון החלטת ממשלה,פרסום רשמי של משרד ראש הממשלה באתר gov.il (החלטות). התוכן המלא בקישור המקור.,government_page,public-transport,direct,https://www.gov.il/he/departments/policies/dec-bearsheva191125
act-publications-sec-4-decision2252,sec-4,2025-11-19,החלטה מס' 2252 - פטור ממכרז ומחובת פרסום למשרה בכירה זמנית במשרד המשפטים,פרסום רשמי של נציבות שירות המדינה באתר gov.il (החלטות ועדת שירות המדינה). התוכן המלא בקישור המקור.,government_page,procurement,direct,https://www.gov.il/he/departments/policies/decision2252
act-publications-health-mr09-2025,health,2025-11-18,אשפוז בית ילדים,פרסום רשמי של משרד הבריאות באתר gov.il (חוזרים ונהלים). התוכן המלא בקישור המקור.,government_page,,direct,https://www.gov.il/he/departments/policies/mr09-2025
act-publications-health-mr10-2025,health,2025-11-18,השגחה וטיפול לאחר הרדמה - הנחיות,פרסום רשמי של משרד הבריאות באתר gov.il (חוזרים ונהלים). התוכן המלא בקישור המקור.,government_page,,direct,https://www.gov.il/he/departments/policies/mr10-2025
act-publications-health-mr11-2025,health,2025-11-18,וידוא מוכנות מטופל לפעולות בהרדמה מקומית וסדציה,פרסום רשמי של משרד הבריאות באתר gov.il (חוזרים ונהלים). התוכן המלא בקישור המקור.,government_page,,direct,https://www.gov.il/he/departments/policies/mr11-2025
act-publications-sec-33-conditions_for_permit_for_extraordinary_use_agricultural_land_in_agreement_between_members_of_ag,sec-33,2025-11-18,תנאים להיתר כללי לשימוש חורג בקרקע חקלאית בהתקשרות בין חברי אותה אגודה חקלאית,פרסום רשמי של משרד החקלאות וביטחון המזון באתר gov.il (נהלים והנחיות). התוכן המלא בקישור המקור.,government_page,procurement,direct,https://www.gov.il/he/departments/policies/conditions_for_permit_for_extraordinary_use_agricultural_land_in_agreement_between_members_of_agricultural_association
act-publications-sec-33-granting_permit_for_extraordinary_use_of_agricultural_land,sec-33,2025-11-18,מתן היתר לשימוש חורג בקרקע חקלאית לתועלות ציבוריות,פרסום רשמי של משרד החקלאות וביטחון המזון באתר gov.il (נהלים והנחיות). התוכן המלא בקישור המקור.,government_page,,direct,https://www.gov.il/he/departments/policies/granting_permit_for_extraordinary_use_of_agricultural_land
act-publications-sec-29-heskem-gag-yokneam,sec-29,2025-11-17,הסכם גג יקנעם,פרסום רשמי של משרד הבינוי והשיכון באתר gov.il (הסכמים). התוכן המלא בקישור המקור.,government_page,local-authorities,direct,https://www.gov.il/he/departments/policies/heskem-gag-yokneam
act-publications-sec-68-allocation_agri_2026,sec-68,2025-11-17,רשימת ההקצאות להעסקת עובדים זרים בענף החקלאות לשנת 2026,"פרסום רשמי של רשות האוכלוסין וההגירה באתר gov.il (חוזרים והוראות מנכ""ל). התוכן המלא בקישור המקור.",government_page,,direct,https://www.gov.il/he/departments/policies/allocation_agri_2026
act-publications-sec-39-16112025,sec-39,2025-11-16,מינוי צוות בין-משרדי לבחינת מבנה האסדרה המתאים עבור הפעילות הפיננסית של חברת ד.י. דואר פיננסים (לשעבר בנק הדואר) לצורך הגברת התחרות בתחום הבנקאי-פיננסי-קמעונאי,פרסום רשמי של משרד התקשורת באתר gov.il (פקודות והוראות). התוכן המלא בקישור המקור.,government_page,regulation,direct,https://www.gov.il/he/departments/policies/16112025
act-publications-sec-7-news13112025,sec-7,2025-11-13,הוראת שעה: צמצום פעילויות שגרה בעת מלחמה - הארכה מס' 35,פרסום רשמי של שירות בתי הסוהר באתר gov.il (פקודות והוראות). התוכן המלא בקישור המקור.,government_page,emergency; regulation,direct,https://www.gov.il/he/departments/policies/news13112025
act-publications-sec-6-procedure-12-11-25,sec-6,2025-11-12,נוהל לבחינת מידע פלילי לעניין סעיף 330יג(א)(2) לפקודת העיריות,פרסום רשמי של משרד הפנים באתר gov.il (נהלים והנחיות). התוכן המלא בקישור המקור.,government_page,regulation,direct,https://www.gov.il/he/departments/policies/procedure-12-11-25
act-publications-sec-68-permits-opening-jordanian-eilat-2026,sec-68,2025-11-12,פתיחת אפשרות להגשת בקשות להעסקת עובדים ירדנים באזור אילת לשנת 2026,"פרסום רשמי של רשות האוכלוסין וההגירה באתר gov.il (חוזרים והוראות מנכ""ל). התוכן המלא בקישור המקור.",government_page,,direct,https://www.gov.il/he/departments/policies/permits-opening-jordanian-eilat-2026
act-publications-sec-34-72501,sec-34,2025-11-11,"החלטה מס' 72501 - מתן רישיון ייצור לתחנת כוח בטכנולוגיה קונבנציונאלית  במחזור פתוח, לחברת  אם.אר.סי א.ת. פיתוח אנרגיה שותפות מוגבלת",פרסום רשמי של רשות החשמל באתר gov.il (החלטות). התוכן המלא בקישור המקור.,government_page,regulation,direct,https://www.gov.il/he/departments/policies/72501
act-publications-sec-37-hozer-mankal-082025,sec-37,2025-11-11,"חוזר מנכ""ל 08/2025: נוהל השתתפות משרד התיירות בפעולות שיווק תיירות במסגרת החלטת ממשלה 3304","פרסום רשמי של משרד התיירות באתר gov.il (חוזרים והוראות מנכ""ל). התוכן המלא בקישור המקור.",government_page,regulation,direct,https://www.gov.il/he/departments/policies/hozer-mankal-082025
act-publications-sec-4-calendar_2026,sec-4,2025-11-11,"ימי מועד, ימי בחירה וימי עבודה מקוצרים לשנת 2026","פרסום רשמי של נציבות שירות המדינה באתר gov.il (חוזרים והוראות מנכ""ל). התוכן המלא בקישור המקור.",government_page,,direct,https://www.gov.il/he/departments/policies/calendar_2026
act-publications-sec-5-professional-directives-111125-1,sec-5,2025-11-11,חוזר מס הכנסה מספר 09/2025 – רשות המיסים בנושא: מיסוי אופציות לעובדים של תושב חוץ שהיה לתושב ישראל,פרסום רשמי של רשות המסים בישראל באתר gov.il (חוזרים ונהלים). התוכן המלא בקישור המקור.,government_page,,direct,https://www.gov.il/he/departments/policies/professional-directives-111125-1
act-publications-sec-22-section906,sec-22,2025-11-09,קבורת נפטרים נפגעי פעולת איבה,"פרסום רשמי של המשרד לשירותי דת באתר gov.il (חוזרים והוראות מנכ""ל). התוכן המלא בקישור המקור.",government_page,,direct,https://www.gov.il/he/departments/policies/section906
act-publications-health-fcs-420700025,health,2025-11-06,תהליך ייבוא חומרי גלם המיועדים לייצור מזון לייצוא בלבד,פרסום רשמי של משרד הבריאות באתר gov.il (נהלים והנחיות). התוכן המלא בקישור המקור.,government_page,regulation,direct,https://www.gov.il/he/departments/policies/fcs-420700025
act-publications-sec-34-72204,sec-34,2025-11-05,החלטה מס' 72204 – תיקון תחילת החלטה מס' 70104 בעניין הרחבת המסלול מהיר לחיבור מתקן ייצור בטכנולוגיה פוטו וולטאית או מיתקן אגירה,פרסום רשמי של רשות החשמל באתר gov.il (החלטות). התוכן המלא בקישור המקור.,government_page,regulation; workforce,direct,https://www.gov.il/he/departments/policies/72204
act-publications-sec-36-grant-guidelines,sec-36,2025-11-04,"הנחיות להגשת מענק שכר לימוד לעובדי הוראה לשנת הלימודים תשפ""ו",פרסום רשמי של משרד העבודה באתר gov.il (נהלים והנחיות). התוכן המלא בקישור המקור.,government_page,grants,direct,https://www.gov.il/he/departments/policies/grant-guidelines
act-publications-sec-68-nursing_permits_2026_request,sec-68,2025-11-04,"בקשות להארכת היתר ללשכות פרטיות להבאה, לתיווך ולטיפול בעובדים זרים בענף הסיעוד – 2026-2027 עבור ""לשכה ממשיכה""","פרסום רשמי של רשות האוכלוסין וההגירה באתר gov.il (חוזרים והוראות מנכ""ל). התוכן המלא בקישור המקור.",government_page,,direct,https://www.gov.il/he/departments/policies/nursing_permits_2026_request
act-publications-sec-4-international-day-elimination-of-violence-against-women-2025-csc,sec-4,2025-11-03,נוהל לציון יום המאבק הבין-לאומי למניעת אלימות נגד נשים 2025,"פרסום רשמי של נציבות שירות המדינה באתר gov.il (חוזרים והוראות מנכ""ל). התוכן המלא בקישור המקור.",government_page,regulation,direct,https://www.gov.il/he/departments/policies/international-day-elimination-of-violence-against-women-2025-csc
act-publications-sec-4-international-day-for-the-rights-of-persons-with-disabilities-2025,sec-4,2025-11-03,היום העולמי לזכויות לאנשים עם מוגבלויות 2025,"פרסום רשמי של נציבות שירות המדינה באתר gov.il (חוזרים והוראות מנכ""ל). התוכן המלא בקישור המקור.",government_page,,direct,https://www.gov.il/he/departments/policies/international-day-for-the-rights-of-persons-with-disabilities-2025
act-publications-health-nd248-2025,health,2025-11-02,מניעה וטיפול באי שליטה במתן שתן וצואה כחלק ממניעת הדרדרות תפקודית של מבוגרים במערך האשפוז ובקהילה,פרסום רשמי של משרד הבריאות באתר gov.il (חוזרים ונהלים). התוכן המלא בקישור המקור.,government_page,regulation,direct,https://www.gov.il/he/departments/policies/nd248-2025
act-publications-health-nd249-2025,health,2025-11-02,ניידות מטופלים מבוגרים באשפוז,פרסום רשמי של משרד הבריאות באתר gov.il (חוזרים ונהלים). התוכן המלא בקישור המקור.,government_page,,direct,https://www.gov.il/he/departments/policies/nd249-2025
act-publications-sec-33-establishing_exceptions_committee_review_requests_allocate_foreign_workers,sec-33,2025-11-02,נוהל הקמת ותפעול ועדת חריגים לבחינת בקשות למתן המלצה להקצאת היתר להעסקת עובדים זרים בענף החקלאות,פרסום רשמי של משרד החקלאות וביטחון המזון באתר gov.il (נהלים והנחיות). התוכן המלא בקישור המקור.,government_page,regulation,direct,https://www.gov.il/he/departments/policies/establishing_exceptions_committee_review_requests_allocate_foreign_workers
act-publications-sec-34-72604n,sec-34,2025-11-02,"החלטה מס' 72604- החלטת רשות החשמל לשר האנרגיה והתשתיות לתיקון תקנות משק החשמל (קוגנרציה), תשס""ה- 2004, תקנות משק החשמל (יצרן חשמל פרטי קונבנציונלי), תשס""ה-, 2005, וכללי משק החשמל (עסקאות עם ספק שירות חיוני), תש""ס-2000.",פרסום רשמי של רשות החשמל באתר gov.il (החלטות). התוכן המלא בקישור המקור.,government_page,procurement; regulation,direct,https://www.gov.il/he/departments/policies/72604n
act-publications-sec-5-professional-directives-021125-1,sec-5,2025-11-02,חוזר מס הכנסה מספר 8/2025 – רשות המיסים בנושא: ייחוס הכנסות למרכזי מחקר ופיתוח,פרסום רשמי של רשות המסים בישראל באתר gov.il (חוזרים ונהלים). התוכן המלא בקישור המקור.,government_page,,direct,https://www.gov.il/he/departments/policies/professional-directives-021125-1
act-publications-sec-6-rooftops_helpful_policy_documents,sec-6,2025-11-02,חוות דעת מתכנן המחוז - גגות מועילים,פרסום רשמי של מינהל התכנון באתר gov.il (מסמכי מדיניות). התוכן המלא בקישור המקור.,government_page,,direct,https://www.gov.il/he/departments/policies/rooftops_helpful_policy_documents
act-publications-sec-68-opening_extension_hotel_permits21125,sec-68,2025-11-02,פתיחת האפשרות להגשת בקשות להיתרים להעסקת עובדים זרים בענף המלונאות,פרסום רשמי של רשות האוכלוסין וההגירה באתר gov.il (מידע למעסיקים). התוכן המלא בקישור המקור.,government_page,,direct,https://www.gov.il/he/departments/policies/opening_extension_hotel_permits21125
act-publications-sec-34-72604,sec-34,2025-10-30,"החלטה מס' 72604 החלטת רשות החשמל לשר האנרגיה והתשתיות לתיקון תקנות משק החשמל (קוגנרציה), תשס""ה- 2004, תקנות משק החשמל (יצרן חשמל פרטי קונבנציונלי), תשס""ה-, 2005, וכללי משק החשמל (עסקאות עם ספק שירות חיוני), תש""ס-2000.",פרסום רשמי של רשות החשמל באתר gov.il (החלטות ממשלה). התוכן המלא בקישור המקור.,government_page,procurement; regulation,direct,https://www.gov.il/he/departments/policies/72604
act-publications-sec-5-inst-16-2004,sec-5,2025-10-29,עדכון להוראת נוהל ביצוע מס הכנסה 16/2004 – גבייה/משפטית,פרסום רשמי של רשות המסים בישראל באתר gov.il (הוראות ביצוע). התוכן המלא בקישור המקור.,government_page,regulation,direct,https://www.gov.il/he/departments/policies/inst-16-2004
act-publications-health-reg-395492825,health,2025-10-27,תאריכי הגשת תיקים לרישום תכשירים ושינויי התוויה/משטר מינון לשנת 2026,פרסום רשמי של משרד הבריאות באתר gov.il (נהלים והנחיות). התוכן המלא בקישור המקור.,government_page,,direct,https://www.gov.il/he/departments/policies/reg-395492825
act-publications-sec-68-foreign-caregiver-fees-regulations-231025,sec-68,2025-10-27,"תיקון תקנות שירות התעסוקה (תשלומים ממבקש עבודה בקשר לתיווך עבודה), התשס""ו – 2006, בנושא סכומים המותרים לגבייה מעובדי סיעוד זרים",פרסום רשמי של רשות האוכלוסין וההגירה באתר gov.il (חוזרים ונהלים). התוכן המלא בקישור המקור.,government_page,regulation,direct,https://www.gov.il/he/departments/policies/foreign-caregiver-fees-regulations-231025
act-publications-sec-68-license-extension-hotel-industry-2026,sec-68,2025-10-27,הארכת רישיונות בענף המלונאות לשנת 2026,פרסום רשמי של רשות האוכלוסין וההגירה באתר gov.il (מידע למעסיקים). התוכן המלא בקישור המקור.,government_page,,direct,https://www.gov.il/he/departments/policies/license-extension-hotel-industry-2026
act-publications-health-mr08-2025,health,2025-10-26,היערכות לחורף 2025-2026,פרסום רשמי של משרד הבריאות באתר gov.il (חוזרים ונהלים). התוכן המלא בקישור המקור.,government_page,emergency,direct,https://www.gov.il/he/departments/policies/mr08-2025
act-publications-sec-34-72601,sec-34,2025-10-26,"החלטה מס' 72601 - אישור לשעבוד נכסים ברישיון מותנה מספר 02748623 של קסם אנרגיה בע""מ",פרסום רשמי של רשות החשמל באתר gov.il (החלטות). התוכן המלא בקישור המקור.,government_page,,direct,https://www.gov.il/he/departments/policies/72601
act-publications-sec-34-72602,sec-34,2025-10-26,החלטה מס' 72602 - אישור לשעבוד נכסים ברישיון ייצור מספר 00540413 של כוכב אגירה שאובה,פרסום רשמי של רשות החשמל באתר gov.il (החלטות). התוכן המלא בקישור המקור.,government_page,regulation,direct,https://www.gov.il/he/departments/policies/72602
act-publications-sec-34-72603,sec-34,2025-10-26,"החלטה מס' 72603 - אישור לשעבוד נכסים ברישיון ייצור מספר 2010-01-4-1131, ברישיון ייצור מספר 2006-01-4-0056 וברישיון להספקת חשמל מספר 00153515,  של נשרים אנרגיה מובילה",פרסום רשמי של רשות החשמל באתר gov.il (החלטות). התוכן המלא בקישור המקור.,government_page,procurement; regulation,direct,https://www.gov.il/he/departments/policies/72603
act-publications-sec-5-professional-inst-261025,sec-5,2025-10-26,משיכת כספי תגמולים ללא ניכוי מס בשל מיעוט הכנסות ועדכון טופס 159א,פרסום רשמי של רשות המסים בישראל באתר gov.il (נהלים והנחיות). התוכן המלא בקישור המקור.,government_page,,direct,https://www.gov.il/he/departments/policies/professional-inst-261025
act-publications-health-reg-dha22102025,health,2025-10-22,לא בתוקף - עדכון הנחיה מתאריך 22 באוקטובר 2025 (סימוכין 360778325) בנושא מזון חדש: שמן המכיל  DHA המופק ממיקרואצה .Schizochytrium sp,פרסום רשמי של משרד הבריאות באתר gov.il (נהלים והנחיות). התוכן המלא בקישור המקור.,government_page,,direct,https://www.gov.il/he/departments/policies/reg-dha22102025
act-publications-sec-23-molsa-executive-circulars-009-2025,sec-23,2025-10-21,הגדרות לתקנים ייעודיים ולתחומי ליבה במחלקות לשירותים חברתיים,"פרסום רשמי של משרד הרווחה והביטחון החברתי באתר gov.il (חוזרים והוראות מנכ""ל). התוכן המלא בקישור המקור.",government_page,,direct,https://www.gov.il/he/departments/policies/molsa-executive-circulars-009-2025
act-publications-economy-coop-executive-committee-extension,economy,2025-10-19,נוהל להגשת בקשות להארכת כהונת ועד הנהלה,פרסום רשמי של משרד הכלכלה והתעשייה באתר gov.il (נהלים והנחיות). התוכן המלא בקישור המקור.,government_page,regulation,direct,https://www.gov.il/he/departments/policies/coop-executive-committee-extension
act-publications-sec-33-cabinet_procedure_regulation_and_supervision,sec-33,2025-10-19,"נוהל קבינט מייעץ למנכ""ל רגולציה ופיקוח",פרסום רשמי של משרד החקלאות וביטחון המזון באתר gov.il (נהלים כלליים). התוכן המלא בקישור המקור.,government_page,regulation,direct,https://www.gov.il/he/departments/policies/cabinet_procedure_regulation_and_supervision
act-publications-sec-5-professional-directives-191025,sec-5,2025-10-19,חוזר מס הכנסה מספר 07/2025 - רשות המסים בנושא: סעיפים 81א - 81ו  לפקודת מס הכנסה – תוספת למס על רווחי חברת מעטים שלא חולקו,פרסום רשמי של רשות המסים בישראל באתר gov.il (חוזרים ונהלים). התוכן המלא בקישור המקור.,government_page,,direct,https://www.gov.il/he/departments/policies/professional-directives-191025
act-publications-sec-7-news019102025,sec-7,2025-10-19,הוראת שעה: האצלת סמכויות מסוימות הנתונות לסגן הנציב - הארכה מס' 2,פרסום רשמי של שירות בתי הסוהר באתר gov.il (פקודות והוראות). התוכן המלא בקישור המקור.,government_page,,direct,https://www.gov.il/he/departments/policies/news019102025
act-publications-sec-7-news0051025,sec-7,2025-10-05,הוראת שעה: צמצום פעילויות שגרה בעת מלחמה - הארכה מס' 34,פרסום רשמי של שירות בתי הסוהר באתר gov.il (פקודות והוראות). התוכן המלא בקישור המקור.,government_page,emergency; regulation,direct,https://www.gov.il/he/departments/policies/news0051025
act-publications-economy-dual-use-wassenaar-arrangement,economy,2025-09-30,רשימות הפיקוח הישראליות על יצוא דו שימושי על פי הסדר ואסנאר,פרסום רשמי של משרד הכלכלה והתעשייה באתר gov.il (מסמכי מדיניות). התוכן המלא בקישור המקור.,government_page,regulation,direct,https://www.gov.il/he/departments/policies/dual-use-wassenaar-arrangement
act-publications-sec-23-molsa-executive-circulars-007-2025,sec-23,2025-09-30,מקבל השירות במרכז קשר הורה ילד,"פרסום רשמי של משרד הרווחה והביטחון החברתי באתר gov.il (חוזרים והוראות מנכ""ל). התוכן המלא בקישור המקור.",government_page,,direct,https://www.gov.il/he/departments/policies/molsa-executive-circulars-007-2025
act-publications-sec-23-molsa-executive-circulars-008-2025,sec-23,2025-09-30,מתן שירותים באמצעות סייעת לשילוב לפעוטות עם אלרגיה מסכנת חיים הזקוקים להשגחה במעון יום הנושא סמל מעון,"פרסום רשמי של משרד הרווחה והביטחון החברתי באתר gov.il (חוזרים והוראות מנכ""ל). התוכן המלא בקישור המקור.",government_page,,direct,https://www.gov.il/he/departments/policies/molsa-executive-circulars-008-2025
act-publications-sec-4-dec300925,sec-4,2025-09-30,החלטה של ועדת המנכלים לעניין עובדים זרים על הרחבת העסקת עובדים זרים במסגרות סיעוד בפיקוח משרד הרווחה,פרסום רשמי של משרד ראש הממשלה באתר gov.il (החלטות). התוכן המלא בקישור המקור.,government_page,,direct,https://www.gov.il/he/departments/policies/dec300925
act-publications-sec-4-tashpav1,sec-4,2025-09-30,"הודעה מס' פו/1 - רשימת הודעות נציבות שירות המדינה בשנת התשפ""ה",פרסום רשמי של נציבות שירות המדינה באתר gov.il (הודעות נציבות שירות המדינה). התוכן המלא בקישור המקור.,government_page,,direct,https://www.gov.il/he/departments/policies/tashpav1
act-publications-economy-dgi-instructions-5-14,economy,2025-09-29,"הוראת מנכ""ל 5.14 - תוכנית ""פיילוטים בחו""ל – פריצה לשווקים""","פרסום רשמי של משרד הכלכלה והתעשייה באתר gov.il (חוזרים והוראות מנכ""ל). התוכן המלא בקישור המקור.",government_page,,direct,https://www.gov.il/he/departments/policies/dgi-instructions-5-14
act-publications-sec-34-72401,sec-34,2025-09-29,החלטה מס' 72401 - הארכת מועדים להקמת מתקנים לייצור חשמל בכל רחבי ישראל,פרסום רשמי של רשות החשמל באתר gov.il (החלטות). התוכן המלא בקישור המקור.,government_page,regulation,direct,https://www.gov.il/he/departments/policies/72401
act-publications-sec-4-decision2248,sec-4,2025-09-29,החלטה מס' 2248 - פטור ממכרז פומבי למשרת ראש מטה בינה מלאכותית,פרסום רשמי של נציבות שירות המדינה באתר gov.il (החלטות ועדת שירות המדינה). התוכן המלא בקישור המקור.,government_page,procurement,direct,https://www.gov.il/he/departments/policies/decision2248
act-publications-sec-4-decision2249,sec-4,2025-09-29,החלטה מס' 2249 - מינוי משרות זמניות בפטור ממכרז במשרד הפנים,פרסום רשמי של נציבות שירות המדינה באתר gov.il (החלטות ועדת שירות המדינה). התוכן המלא בקישור המקור.,government_page,procurement,direct,https://www.gov.il/he/departments/policies/decision2249
act-publications-sec-4-directive-35-2025,sec-4,2025-09-28,יום בריאות הלב העולמי - שנת 2025,"פרסום רשמי של נציבות שירות המדינה באתר gov.il (חוזרים והוראות מנכ""ל). התוכן המלא בקישור המקור.",government_page,,direct,https://www.gov.il/he/departments/policies/directive-35-2025
act-publications-sec-29-heskem-gag_tzfat-2025,sec-29,2025-09-25,הסכם גג צפת,פרסום רשמי של משרד הבינוי והשיכון באתר gov.il (הסכמים). התוכן המלא בקישור המקור.,government_page,local-authorities,direct,https://www.gov.il/he/departments/policies/heskem-gag_tzfat-2025
act-publications-sec-4-directive-33-2025,sec-4,2025-09-25,יום הסוכרת הבין-לאומי - שנת 2025,"פרסום רשמי של נציבות שירות המדינה באתר gov.il (חוזרים והוראות מנכ""ל). התוכן המלא בקישור המקור.",government_page,,direct,https://www.gov.il/he/departments/policies/directive-33-2025
act-publications-sec-4-directive-34-2025,sec-4,2025-09-25,שבוע קידום הבריאות בישראל - שנת 2025,"פרסום רשמי של נציבות שירות המדינה באתר gov.il (חוזרים והוראות מנכ""ל). התוכן המלא בקישור המקור.",government_page,,direct,https://www.gov.il/he/departments/policies/directive-34-2025
act-publications-sec-23-molsa-executive-circulars-006-2025,sec-23,2025-09-21,השמה במסגרות דיור של מינהל מוגבלויות,"פרסום רשמי של משרד הרווחה והביטחון החברתי באתר gov.il (חוזרים והוראות מנכ""ל). התוכן המלא בקישור המקור.",government_page,,direct,https://www.gov.il/he/departments/policies/molsa-executive-circulars-006-2025
act-publications-sec-37-hozer-mankal-072025,sec-37,2025-09-21,"חוזר מנכ""ל 07/2025: עדכון מס' 3 לחוזר מנכ""ל מס' 12/2012 – חוברת התקנים הפיזיים","פרסום רשמי של משרד התיירות באתר gov.il (חוזרים והוראות מנכ""ל). התוכן המלא בקישור המקור.",government_page,regulation,direct,https://www.gov.il/he/departments/policies/hozer-mankal-072025
act-publications-economy-economy-dgi-instructions-04-85,economy,2025-09-18,"הוראת מנכ""ל 4.85 - תכנית האצה וצמיחה של עסקים ויצירת משרות בשכר גבוה ביישובי הצפון","פרסום רשמי של משרד הכלכלה והתעשייה באתר gov.il (חוזרים והוראות מנכ""ל). התוכן המלא בקישור המקור.",government_page,,direct,https://www.gov.il/he/departments/policies/economy-dgi-instructions-04-85
act-publications-sec-4-decision2247,sec-4,2025-09-18,החלטה מס' 2247 - בקשה לאישור משרת אמון נוספת לתפקיד עוזר/ת תקשורת במטה ראש הממשלה,פרסום רשמי של נציבות שירות המדינה באתר gov.il (החלטות ועדת שירות המדינה). התוכן המלא בקישור המקור.,government_page,,direct,https://www.gov.il/he/departments/policies/decision2247
act-publications-sec-4-directive-21-2025,sec-4,2025-09-17,"חופשה מרוכזת סוכות עובדים שעתיים– תשפ""ו 2025","פרסום רשמי של נציבות שירות המדינה באתר gov.il (חוזרים והוראות מנכ""ל). התוכן המלא בקישור המקור.",government_page,,direct,https://www.gov.il/he/departments/policies/directive-21-2025
act-publications-sec-4-directive-22-2025,sec-4,2025-09-17,נוהל הצהרה על השתתפות עובדי המדינה בפעילות ספורט בליגה למקומות עבודה ובקשה להחזר כספי עבור בדיקות רפואיות לספורטאים,"פרסום רשמי של נציבות שירות המדינה באתר gov.il (חוזרים והוראות מנכ""ל). התוכן המלא בקישור המקור.",government_page,regulation,direct,https://www.gov.il/he/departments/policies/directive-22-2025
act-publications-sec-4-directive-23-2025,sec-4,2025-09-17,"הוראות ביצוע להסכם קיבוצי ""עם כלביא"" מיום 04.08.2025","פרסום רשמי של נציבות שירות המדינה באתר gov.il (חוזרים והוראות מנכ""ל). התוכן המלא בקישור המקור.",government_page,regulation,direct,https://www.gov.il/he/departments/policies/directive-23-2025
act-bid-education-aHR0cHM6Ly9wb2IuZWR1Y2F0aW9uLmdvdi5pbC9r,education,2025-09-16,"תקצוב רשויות מקומיות עבור פעילות חינוכית המשכית בכיתות תקשורת בחינוך הרשמי והמוכש""ר - תשפ""ו","קול קורא שפרסם משרד החינוך, מועד אחרון להגשה 2026-08-16. הפרטים המלאים בקישור המקור.",other_official,grants; local-authorities; regulation,direct,https://pob.education.gov.il/kolotkorim/kolkore/
act-publications-sec-34-72301,sec-34,2025-09-15,"החלטה מס'  72301 - מתן רישיון ייצור חשמל בטכנולוגיה פוטו - וולטאית לאנרג'יקס עמק זבולון מתח עליון, שותפות מוגבלת",פרסום רשמי של רשות החשמל באתר gov.il (החלטות). התוכן המלא בקישור המקור.,government_page,regulation,direct,https://www.gov.il/he/departments/policies/72301
act-publications-sec-34-72302,sec-34,2025-09-15,החלטה מס' 72302 - עדכון רישיון מותנה מס' 02857123 להקמת מתקן בטכנולוגיה פוטו-וולטאית לדוראל הדרי שאן פרויקט מתח עליון ש.מ,פרסום רשמי של רשות החשמל באתר gov.il (החלטות). התוכן המלא בקישור המקור.,government_page,workforce,direct,https://www.gov.il/he/departments/policies/72302
act-publications-sec-34-72303,sec-34,2025-09-15,"החלטה מס' 72303 - אישור לשעבוד נכסים ברישיון מותנה מס' 02857123 של דוראל הדרי שאן פרויקט מתח עליון, שותפות מוגבלת (להלן: ""בעלת הרישיון"")",פרסום רשמי של רשות החשמל באתר gov.il (החלטות). התוכן המלא בקישור המקור.,government_page,,direct,https://www.gov.il/he/departments/policies/72303
act-publications-sec-39-15092025,sec-39,2025-09-15,חוות דעת כלכליות לרצועת החדשנות ולתדר 26 ג'יגה - הרץ,פרסום רשמי של משרד התקשורת באתר gov.il (תקנות ותעריפים). התוכן המלא בקישור המקור.,government_page,digital; regulation,direct,https://www.gov.il/he/departments/policies/15092025
act-publications-sec-68-rest-quota,sec-68,2025-09-14,טבלת הקצאת היתרים בענף מסעדות,"פרסום רשמי של רשות האוכלוסין וההגירה באתר gov.il (חוזרים והוראות מנכ""ל). התוכן המלא בקישור המקור.",government_page,,direct,https://www.gov.il/he/departments/policies/rest-quota
act-publications-health-nd247-2025,health,2025-09-11,תכנית ליבה מחייבת הנדרשת לבחינת הרישוי הממשלתית בישראל לשנת 2026,פרסום רשמי של משרד הבריאות באתר gov.il (חוזרים ונהלים). התוכן המלא בקישור המקור.,government_page,regulation,direct,https://www.gov.il/he/departments/policies/nd247-2025
act-publications-sec-33-instructions_for_foreign_applicants_pbr,sec-33,2025-09-11,נוהל להגשת בקשה לרישום זכויות מטפחים על ידי אזרח זר,פרסום רשמי של משרד החקלאות וביטחון המזון באתר gov.il (נהלים רגולטוריים). התוכן המלא בקישור המקור.,government_page,regulation,direct,https://www.gov.il/he/departments/policies/instructions_for_foreign_applicants_pbr
act-publications-sec-34-71501,sec-34,2025-09-10,החלטה מס 71501- הערכת כלכליות מדיניות ההסבה  בהתאם לעקרונות מדיניות שר האנרגיה מיום 20.11.2019,פרסום רשמי של רשות החשמל באתר gov.il (החלטות). התוכן המלא בקישור המקור.,government_page,,direct,https://www.gov.il/he/departments/policies/71501
act-publications-sec-39-10092025,sec-39,2025-09-10,"בעלות על מערכת רט""ן (רדיו טלפון נייד) – החלטה",פרסום רשמי של משרד התקשורת באתר gov.il (החלטות). התוכן המלא בקישור המקור.,government_page,,direct,https://www.gov.il/he/departments/policies/10092025
act-publications-sec-39-10092025_3,sec-39,2025-09-10,"תיקון רישיון וויקום מובייל בע""מ (מספר 46)",פרסום רשמי של משרד התקשורת באתר gov.il (רישיונות). התוכן המלא בקישור המקור.,government_page,,direct,https://www.gov.il/he/departments/policies/10092025_3
act-publications-sec-39-10092025_4,sec-39,2025-09-10,"תיקון רישיון הוט מובייל בע""מ (מספר 123)",פרסום רשמי של משרד התקשורת באתר gov.il (רישיונות). התוכן המלא בקישור המקור.,government_page,,direct,https://www.gov.il/he/departments/policies/10092025_4
act-publications-sec-39-10092025_5,sec-39,2025-09-10,"תיקון רישיון פרטנר תקשורת בע""מ (מספר 141)",פרסום רשמי של משרד התקשורת באתר gov.il (רישיונות). התוכן המלא בקישור המקור.,government_page,,direct,https://www.gov.il/he/departments/policies/10092025_5
act-publications-sec-39-10092025_6,sec-39,2025-09-10,"תיקון רישיון פלאפון תקשורת בע""מ (מספר 143)",פרסום רשמי של משרד התקשורת באתר gov.il (רישיונות). התוכן המלא בקישור המקור.,government_page,,direct,https://www.gov.il/he/departments/policies/10092025_6
act-publications-sec-39-10902025_7,sec-39,2025-09-10,"תיקון רישיון סלקום ישראל בע""מ (מספר 148)",פרסום רשמי של משרד התקשורת באתר gov.il (רישיונות). התוכן המלא בקישור המקור.,government_page,,direct,https://www.gov.il/he/departments/policies/10902025_7
act-publications-sec-7-news14925,sec-7,2025-09-10,הוראת שעה: צמצום פעילויות שגרה בעת מלחמה - הארכה מס' 33,פרסום רשמי של שירות בתי הסוהר באתר gov.il (פקודות והוראות). התוכן המלא בקישור המקור.,government_page,emergency; regulation,direct,https://www.gov.il/he/departments/policies/news14925
act-publications-sec-37-nehalim-assistance-hotels-2025,sec-37,2025-09-09,נהלי המנהלת לשנת 2025,פרסום רשמי של משרד התיירות באתר gov.il (חוזרים ונהלים). התוכן המלא בקישור המקור.,government_page,,direct,https://www.gov.il/he/departments/policies/nehalim-assistance-hotels-2025
act-publications-sec-5-procedures_010925,sec-5,2025-09-09,"נוהל גילוי מרצון (הוראת שעה, אוגוסט 2025) - הבהרה לציבור",פרסום רשמי של רשות המסים בישראל באתר gov.il (מסמכי מדיניות). התוכן המלא בקישור המקור.,government_page,regulation,direct,https://www.gov.il/he/departments/policies/procedures_010925
act-publications-sec-34-electricity-080925,sec-34,2025-09-08,"הארכת ""תקופת הביניים"" ביחס ליחידות ייצור חשמל  1-4 בתחנת הכוח אורות רבין",פרסום רשמי של משרד האנרגיה והתשתיות באתר gov.il (מסמכי מדיניות). התוכן המלא בקישור המקור.,government_page,regulation,direct,https://www.gov.il/he/departments/policies/electricity-080925
act-publications-sec-39-07092025,sec-39,2025-09-07,פרטנר פתרונות תקשורת נייחים שותפות מוגבלת (מספר 40),פרסום רשמי של משרד התקשורת באתר gov.il (רישיונות). התוכן המלא בקישור המקור.,government_page,,direct,https://www.gov.il/he/departments/policies/07092025
act-publications-sec-34-72203,sec-34,2025-09-04,החלטה מס' 72203 – קביעת סדר בדיקת בקשות לסקרי חיבור שהוגשו עם פרסום אסדרת השוק בהולכה,פרסום רשמי של רשות החשמל באתר gov.il (החלטות). התוכן המלא בקישור המקור.,government_page,,direct,https://www.gov.il/he/departments/policies/72203
act-publications-sec-34-electricity-040925,sec-34,2025-09-04,החלטה על המשך הסבת יחידות היצור בהתאם לעקרונות המדיניות בעניין הפסקה של השימוש בפחם במקטע הייצור במשק החשמל בשגרה מיום 20 בנובמבר 2019,פרסום רשמי של משרד האנרגיה והתשתיות באתר gov.il (מסמכי מדיניות). התוכן המלא בקישור המקור.,government_page,regulation,direct,https://www.gov.il/he/departments/policies/electricity-040925
act-publications-sec-4-guide_line_123_csc,sec-4,2025-09-04,הנחיית נציב מס' 1.23 - הסדרת מעמד הממונים על הגנת הפרטיות במשרדי הממשלה ותפקידם,פרסום רשמי של נציבות שירות המדינה באתר gov.il (הנחיות נציב שירות המדינה). התוכן המלא בקישור המקור.,government_page,,direct,https://www.gov.il/he/departments/policies/guide_line_123_csc
act-publications-health-mr07-2025,health,2025-09-03,אבחון חשד לחשיפה לחומרים משני תודעה או מדכאי הכרה בהקשר לפגיעה מינית,פרסום רשמי של משרד הבריאות באתר gov.il (חוזרים ונהלים). התוכן המלא בקישור המקור.,government_page,,direct,https://www.gov.il/he/departments/policies/mr07-2025
act-publications-sec-68-ceo-affidavit-bileteral-agreements,sec-68,2025-09-03,"תצהיר מנכ""ל ונציג התאגיד",פרסום רשמי של רשות האוכלוסין וההגירה באתר gov.il (נהלים והנחיות). התוכן המלא בקישור המקור.,government_page,,direct,https://www.gov.il/he/departments/policies/ceo-affidavit-bileteral-agreements
act-publications-sec-68-corporate-representatives-tests-application-form,sec-68,2025-09-03,"בקשה להשתתפות נציג/י התאגיד במבחני מיון לעובדי בניין בחו""ל",פרסום רשמי של רשות האוכלוסין וההגירה באתר gov.il (נהלים והנחיות). התוכן המלא בקישור המקור.,government_page,,direct,https://www.gov.il/he/departments/policies/corporate-representatives-tests-application-form
act-publications-health-nd243-2025,health,2025-09-02,עדכון פעולות סיעוד לאחים ואחיות מוסמכים בוגרי השתלמות מוכרת באי - ספיקת לב,פרסום רשמי של משרד הבריאות באתר gov.il (חוזרים ונהלים). התוכן המלא בקישור המקור.,government_page,,direct,https://www.gov.il/he/departments/policies/nd243-2025
act-publications-health-nd246-2025,health,2025-09-02,לא בתוקף - תפקיד אחים ואחיות מוסמכים בחיבור שסתום דיבור למטופל עם טרכיאוסטומיה במערך האשפוז והקהילה,פרסום רשמי של משרד הבריאות באתר gov.il (חוזרים ונהלים). התוכן המלא בקישור המקור.,government_page,,direct,https://www.gov.il/he/departments/policies/nd246-2025
act-publications-sec-4-directive-29-2025,sec-4,2025-09-02,תמרוץ והוקרה לעובדים על הישגים לאורך שנת העבודה – כלי ניהולי למתן תווי שי גמישים לעובדים,"פרסום רשמי של נציבות שירות המדינה באתר gov.il (חוזרים והוראות מנכ""ל). התוכן המלא בקישור המקור.",government_page,,direct,https://www.gov.il/he/departments/policies/directive-29-2025
act-publications-health-mtr02_2025,health,2025-09-01,סקר באמצעות בדיקת טומוגרפיה ממוחשבת של החזה במינון קרינה נמוך לגילוי מוקדם של סרטן הריאה באוכלוסיה בסיכון מוגבר,פרסום רשמי של משרד הבריאות באתר gov.il (חוזרים ונהלים). התוכן המלא בקישור המקור.,government_page,,direct,https://www.gov.il/he/departments/policies/mtr02_2025
act-publications-sec-4-dec-industry-310825,sec-4,2025-08-31,עדכון החלטה של ועדת המנכלים בנושא עדכון המכסה להבאת עובדים זרים בענף המסחר והשירותים,פרסום רשמי של משרד ראש הממשלה באתר gov.il (החלטות). התוכן המלא בקישור המקור.,government_page,,direct,https://www.gov.il/he/departments/policies/dec-industry-310825
act-publications-sec-4-dec-industry-310825-a,sec-4,2025-08-31,עדכון החלטה של ועדת המנכלים בנושא עדכון המכסה להבאה פרטית של עובדים זרים בענף המסחר והשירותים,פרסום רשמי של משרד ראש הממשלה באתר gov.il (החלטות). התוכן המלא בקישור המקור.,government_page,,direct,https://www.gov.il/he/departments/policies/dec-industry-310825-a
act-publications-sec-68-constructions_permits_2026_request,sec-68,2025-08-31,בקשה להארכת היתרים לקבלן כוח אדם מורשה להעסקת עובדים זרים בענף הבניין לשנת 2026,"פרסום רשמי של רשות האוכלוסין וההגירה באתר gov.il (חוזרים והוראות מנכ""ל). התוכן המלא בקישור המקור.",government_page,workforce,direct,https://www.gov.il/he/departments/policies/constructions_permits_2026_request
act-publications-health-mk-32440925,health,2025-08-28,"מתן רשות לפרמדיקים וחובשים למתן חיסון נגד חצבת, לפי סעיף 59(ג) לפקודת הרופאים [נוסח חדש], התשל""ז-1976",פרסום רשמי של משרד הבריאות באתר gov.il (החלטות). התוכן המלא בקישור המקור.,government_page,health,direct,https://www.gov.il/he/departments/policies/mk-32440925
act-publications-sec-5-inst-10-2025,sec-5,2025-08-25,הוראת ביצוע מס הכנסה מספר 10/2025 - נוהל גילוי מרצון 2025 - הנחיות לפעולה,פרסום רשמי של רשות המסים בישראל באתר gov.il (הוראות ביצוע). התוכן המלא בקישור המקור.,government_page,regulation,direct,https://www.gov.il/he/departments/policies/inst-10-2025
act-publications-sec-5-procedures-250825,sec-5,2025-08-25,נוהל גילוי מרצון - הוראת שעה,פרסום רשמי של רשות המסים בישראל באתר gov.il (נהלים והנחיות). התוכן המלא בקישור המקור.,government_page,regulation,direct,https://www.gov.il/he/departments/policies/procedures-250825
act-publications-sec-4-tashpah5,sec-4,2025-08-24,הודעה מס' פה/5- זכאות לקצובת מדי משפט,פרסום רשמי של נציבות שירות המדינה באתר gov.il (הודעות נציבות שירות המדינה). התוכן המלא בקישור המקור.,government_page,regulation,direct,https://www.gov.il/he/departments/policies/tashpah5
act-publications-sec-4-decision2241,sec-4,2025-08-21,"החלטה מס' 2241 - קבלת פטור ממכרז למשרת מנהל הרשות למלחמה בעוני, משרד הרווחה והביטחון החברתי",פרסום רשמי של נציבות שירות המדינה באתר gov.il (החלטות ועדת שירות המדינה). התוכן המלא בקישור המקור.,government_page,emergency; procurement,direct,https://www.gov.il/he/departments/policies/decision2241
act-publications-sec-4-decision2242,sec-4,2025-08-21,החלטה מס' 2242 - רשימת נציגי ציבור,פרסום רשמי של נציבות שירות המדינה באתר gov.il (החלטות ועדת שירות המדינה). התוכן המלא בקישור המקור.,government_page,,direct,https://www.gov.il/he/departments/policies/decision2242
act-publications-sec-4-decision2243,sec-4,2025-08-21,החלטה מס' 2243 - הרחבת מאגר נציגי ציבור,פרסום רשמי של נציבות שירות המדינה באתר gov.il (החלטות ועדת שירות המדינה). התוכן המלא בקישור המקור.,government_page,,direct,https://www.gov.il/he/departments/policies/decision2243
act-publications-sec-4-decision2244,sec-4,2025-08-21,החלטה מס' 2244 - הארכת פטור ממכרז למשרות זמניות בצוות היישום והמעקב אחר יישום התוכנית הממשלתית לשילוב יוצאי אתיופיה במשרד ראש הממשלה,פרסום רשמי של נציבות שירות המדינה באתר gov.il (החלטות ועדת שירות המדינה). התוכן המלא בקישור המקור.,government_page,procurement; regulation,direct,https://www.gov.il/he/departments/policies/decision2244
act-publications-sec-4-decision2245,sec-4,2025-08-21,החלטה מס' 2245 - פטור ממכרז פומבי למשרה זמנית- מנהל/ת אגף בכיר/ה (נפגעי מסיבות הדרום ומשפחותיהם),פרסום רשמי של נציבות שירות המדינה באתר gov.il (החלטות ועדת שירות המדינה). התוכן המלא בקישור המקור.,government_page,procurement,direct,https://www.gov.il/he/departments/policies/decision2245
act-publications-sec-4-decision2246,sec-4,2025-08-21,החלטה מס' 2246 - פטור ממכרז פומבי למשרה זמנית- מנהל/ת אגף בכיר (תפקידים מיוחדים),פרסום רשמי של נציבות שירות המדינה באתר gov.il (החלטות ועדת שירות המדינה). התוכן המלא בקישור המקור.,government_page,procurement,direct,https://www.gov.il/he/departments/policies/decision2246
act-publications-health-mr06-2025,health,2025-08-20,גרייה מגנטית מוחית (TMS -Transcranial Magnetic Stimulation) לטיפול בדיכאון ודיכאון ביפולרי,פרסום רשמי של משרד הבריאות באתר gov.il (חוזרים ונהלים). התוכן המלא בקישור המקור.,government_page,,direct,https://www.gov.il/he/departments/policies/mr06-2025
act-publications-sec-33-approval_of_the_import_of_grapes,sec-33,2025-08-20,הודעה ליבואן: אושר היבוא של ענבים (Vitis vinifera)  פירות טריים למאכל מפרו,פרסום רשמי של משרד החקלאות וביטחון המזון באתר gov.il (נהלים רגולטוריים). התוכן המלא בקישור המקור.,government_page,,direct,https://www.gov.il/he/departments/policies/approval_of_the_import_of_grapes
act-publications-sec-4-dec-industry-200825,sec-4,2025-08-20,עדכון החלטה של ועדת המנכלים בעניין המכסה להבאה פרטית לענף התעשייה,פרסום רשמי של משרד ראש הממשלה באתר gov.il (החלטות). התוכן המלא בקישור המקור.,government_page,,direct,https://www.gov.il/he/departments/policies/dec-industry-200825
act-publications-health-fcs-321386625,health,2025-08-19,הנחיה בנושא מזון חדש: חלבון Lactoglobulin -β המיוצר באמצעות הפטריה Trichoderma reesei β-Lactoglobulin produced by Trichoderma reesei fungus,פרסום רשמי של משרד הבריאות באתר gov.il (נהלים והנחיות). התוכן המלא בקישור המקור.,government_page,,direct,https://www.gov.il/he/departments/policies/fcs-321386625
act-publications-sec-4-decb-19082025,sec-4,2025-08-19,עדכון החלטה של ועדת המנכלים בעניין הבאה פרטית לענף הבניין ובתת-ענף שיפוצים,פרסום רשמי של משרד ראש הממשלה באתר gov.il (החלטות). התוכן המלא בקישור המקור.,government_page,,direct,https://www.gov.il/he/departments/policies/decb-19082025
act-publications-health-fcs-319762425,health,2025-08-18,הנחיה בנושא מזון חדש: אבקת תאי האצה pluvialis Haematococcus הגדלה במערכת גידול בתנאים מבוקרים,פרסום רשמי של משרד הבריאות באתר gov.il (נהלים והנחיות). התוכן המלא בקישור המקור.,government_page,,direct,https://www.gov.il/he/departments/policies/fcs-319762425
act-publications-sec-68-new-online-service-foreignworkers-applying-work-permit-paying-fees-17825,sec-68,2025-08-18,הודעה על שירות חדש לתשלום אגרות עבור עובדים זרים במוסדות סיעוד,פרסום רשמי של רשות האוכלוסין וההגירה באתר gov.il (מידע למעסיקים). התוכן המלא בקישור המקור.,government_page,,direct,https://www.gov.il/he/departments/policies/new-online-service-foreignworkers-applying-work-permit-paying-fees-17825
act-publications-economy-dgi-instructions-04-84,economy,2025-08-17,"הוראת מנכ""ל 4.84 - מסלול להשקעות הון לייעול ואוטומציה של בתי אריזה לתוצרת חקלאית באזור הצפון","פרסום רשמי של משרד הכלכלה והתעשייה באתר gov.il (חוזרים והוראות מנכ""ל). התוכן המלא בקישור המקור.",government_page,,direct,https://www.gov.il/he/departments/policies/dgi-instructions-04-84
act-publications-environment-sap-spreading,environment,2025-08-17,הנחיות סביבתיות לפיזור עקר,פרסום רשמי של המשרד להגנת הסביבה באתר gov.il (נהלים והנחיות). התוכן המלא בקישור המקור.,government_page,,direct,https://www.gov.il/he/departments/policies/sap-spreading
act-publications-economy-dgi-instructions-04-83,economy,2025-08-14,"הוראת מנכ""ל 4.83 - מסלול לעידוד הקמה או העתקה של מפעלים תעשייתיים באזור קצרין ורמת הגולן","פרסום רשמי של משרד הכלכלה והתעשייה באתר gov.il (חוזרים והוראות מנכ""ל). התוכן המלא בקישור המקור.",government_page,,direct,https://www.gov.il/he/departments/policies/dgi-instructions-04-83
act-publications-sec-23-molsa-precedures-24-007,sec-23,2025-08-14,נוהל טיפול תרופתי,פרסום רשמי של משרד הרווחה והביטחון החברתי באתר gov.il (נהלים והנחיות). התוכן המלא בקישור המקור.,government_page,regulation,direct,https://www.gov.il/he/departments/policies/molsa-precedures-24-007
act-publications-sec-4-dec1-140825,sec-4,2025-08-14,עדכון החלטה של ועדת המנכלים בעניין הבאה פרטית לענף התעשייה,פרסום רשמי של משרד ראש הממשלה באתר gov.il (החלטות). התוכן המלא בקישור המקור.,government_page,,direct,https://www.gov.il/he/departments/policies/dec1-140825
act-publications-sec-4-dec2-140825,sec-4,2025-08-14,החלטה של ועדת המנכלים בעניין שכר מומחים,פרסום רשמי של משרד ראש הממשלה באתר gov.il (החלטות). התוכן המלא בקישור המקור.,government_page,,direct,https://www.gov.il/he/departments/policies/dec2-140825
act-publications-sec-43-cost_tzr_ttg,sec-43,2025-08-14,"אומדן עלות אגרת ביקורת תצ""ר ותת""ג",פרסום רשמי של המרכז למיפוי ישראל באתר gov.il (נהלים רגולטוריים). התוכן המלא בקישור המקור.,government_page,,direct,https://www.gov.il/he/departments/policies/cost_tzr_ttg
act-publications-sec-7-news14082025,sec-7,2025-08-14,הוראת שעה: צמצום פעילויות שגרה בעת מלחמה - הארכה מס' 32,פרסום רשמי של שירות בתי הסוהר באתר gov.il (פקודות והוראות). התוכן המלא בקישור המקור.,government_page,emergency; regulation,direct,https://www.gov.il/he/departments/policies/news14082025
act-publications-sec-33-approval_for_import_of_caladiup_potted_plants_for_propagation_from_netherlands,sec-33,2025-08-13,הודעה ליבואן: אושר היבוא של קלדיום (Caladium sp) צמחי עציץ לריבוי מהולנד,פרסום רשמי של משרד החקלאות וביטחון המזון באתר gov.il (נהלים רגולטוריים). התוכן המלא בקישור המקור.,government_page,,direct,https://www.gov.il/he/departments/policies/approval_for_import_of_caladiup_potted_plants_for_propagation_from_netherlands
act-publications-sec-33-approval_for_import_of_siglon_seeds_for_propagation_from_tanzania,sec-33,2025-08-13,הודעה ליבואן: אושר היבוא של סיגלון עלה-מימוזה (Jacaranda mimosifolia)  זרעים לריבוי מטנזניה,פרסום רשמי של משרד החקלאות וביטחון המזון באתר gov.il (נהלים רגולטוריים). התוכן המלא בקישור המקור.,government_page,,direct,https://www.gov.il/he/departments/policies/approval_for_import_of_siglon_seeds_for_propagation_from_tanzania
act-publications-sec-68-notice-applications-for-extending-permits-nursing-ins-920012-10825,sec-68,2025-08-13,הודעה נוספת על אפשרות להגשת בקשות להעסקת עובדים זרים במעונות ברישוי מינהל מוגבלויות,פרסום רשמי של רשות האוכלוסין וההגירה באתר gov.il (חוזרים ונהלים). התוכן המלא בקישור המקור.,government_page,regulation,direct,https://www.gov.il/he/departments/policies/notice-applications-for-extending-permits-nursing-ins-920012-10825
act-publications-health-sbn01-2025,health,2025-08-12,עדכון תשלומים בעד שירותי בריאות ותרופות לשנת 2025 לאחר עדכוני מדד יוקר הבריאות לשנת 2024,פרסום רשמי של משרד הבריאות באתר gov.il (חוזרים ונהלים). התוכן המלא בקישור המקור.,government_page,,direct,https://www.gov.il/he/departments/policies/sbn01-2025
act-publications-sec-4-dec-3303-120825,sec-4,2025-08-12,תוכנית לשיקום ופיתוח יישובי הנגב המערבי לשנים 2025-2029 ותיקון החלטת ממשלה,פרסום רשמי של משרד ראש הממשלה באתר gov.il (החלטות). התוכן המלא בקישור המקור.,government_page,,direct,https://www.gov.il/he/departments/policies/dec-3303-120825
act-publications-sec-4-dec3304-120825,sec-4,2025-08-12,תוכנית לשיקום ופיתוח העיר אשקלון לשנים 2025 - 2029 ותיקון החלטת ממשלה,פרסום רשמי של משרד ראש הממשלה באתר gov.il (החלטות). התוכן המלא בקישור המקור.,government_page,,direct,https://www.gov.il/he/departments/policies/dec3304-120825
act-publications-sec-4-implementation-of-the-psychologists-agreement-2025,sec-4,2025-08-11,"יישום הסכם פסיכולוגים מיום 1.4.2025 - הוראות ביצוע לעניין אופן קביעת התפקידים, פרסומם ואיושם - מעודכן",פרסום רשמי של נציבות שירות המדינה באתר gov.il (נהלים והנחיות). התוכן המלא בקישור המקור.,government_page,regulation,direct,https://www.gov.il/he/departments/policies/implementation-of-the-psychologists-agreement-2025
act-publications-health-mr05-2025,health,2025-08-10,דרישות מינימום לעניין איכות שירותי הבריאות הכלולים בסל הניתנים על ידי עובדי מקצועות בריאות ועובדים סוציאליים המטפלים בתחום התפתחות הילד,פרסום רשמי של משרד הבריאות באתר gov.il (חוזרים ונהלים). התוכן המלא בקישור המקור.,government_page,regulation,direct,https://www.gov.il/he/departments/policies/mr05-2025
act-publications-sec-34-72004,sec-34,2025-08-06,"החלטה מס' 72004  –הארכת מועד התחילה הקבוע בהחלטה מספר 70502 מיום 12.02.2025 בעניין ""קביעת תעריף מפוקח לתשלומים הנוספים באסדרת שוק, ליצרנים המחוברים או המשולבים ברשת ההולכה הפועלים לפי סימנים ג1 ו-ה1 באמות המידה""",פרסום רשמי של רשות החשמל באתר gov.il (החלטות). התוכן המלא בקישור המקור.,government_page,,direct,https://www.gov.il/he/departments/policies/72004
act-publications-sec-34-72001,sec-34,2025-08-05,"החלטה מס' 72001 - אישור העברת אחזקות ברישיון הספקה ללא אמצעי ייצור מס' 02461423  של משק דליה אספקת חשמל בקיבוצים, שותפות מוגבלת",פרסום רשמי של רשות החשמל באתר gov.il (החלטות). התוכן המלא בקישור המקור.,government_page,procurement; regulation,direct,https://www.gov.il/he/departments/policies/72001
act-publications-sec-37-hozer-mankal-062025,sec-37,2025-08-05,עדכון המועד החדש להגשת דוח ביצוע סופי – נוהל קרן שיווק 2025,"פרסום רשמי של משרד התיירות באתר gov.il (חוזרים והוראות מנכ""ל). התוכן המלא בקישור המקור.",government_page,regulation,direct,https://www.gov.il/he/departments/policies/hozer-mankal-062025
act-publications-sec-4-dec3306-2025,sec-4,2025-08-04,"הפסקת כהונתה של היועצת המשפטית לממשלה, עוה""ד גלי בהרב-מיארה",פרסום רשמי של משרד ראש הממשלה באתר gov.il (החלטות ממשלה). התוכן המלא בקישור המקור.,government_page,,direct,https://www.gov.il/he/departments/policies/dec3306-2025
act-publications-sec-4-directive-20-2025,sec-4,2025-08-04,"לימודים אקדמיים במוסדות להשכלה גבוהה - שנת הלימודים תשפ""ו","פרסום רשמי של נציבות שירות המדינה באתר gov.il (חוזרים והוראות מנכ""ל). התוכן המלא בקישור המקור.",government_page,,direct,https://www.gov.il/he/departments/policies/directive-20-2025
act-publications-economy-dgi-instructions-04-82,economy,2025-07-31,"הוראת מנכ""ל 4.82 - מסלול סיוע להשקעות בפרויקטים של הסבה והתייעלות בצריכת הדלקים ושל התייעלות בצריכת חשמל","פרסום רשמי של משרד הכלכלה והתעשייה באתר gov.il (חוזרים והוראות מנכ""ל). התוכן המלא בקישור המקור.",government_page,,direct,https://www.gov.il/he/departments/policies/dgi-instructions-04-82
act-publications-sec-36-executive-guidelines,sec-36,2025-07-31,הנחיות/נוהל מינוי מנהלים – בתי הספר המקצועיים בפיקוח המינהל להכשרה מקצועית,פרסום רשמי של משרד העבודה באתר gov.il (נהלים והנחיות). התוכן המלא בקישור המקור.,government_page,regulation; workforce,direct,https://www.gov.il/he/departments/policies/executive-guidelines
act-publications-sec-68-940008,sec-68,2025-07-31,העסקת עובדים זרים בענף העתיקות,פרסום רשמי של רשות האוכלוסין וההגירה באתר gov.il (נהלים והנחיות). התוכן המלא בקישור המקור.,government_page,,direct,https://www.gov.il/he/departments/policies/940008
act-publications-sec-5-professional-directives-300725,sec-5,2025-07-30,חוזר מס הכנסה מספר 06/2025 - רשות המסים בנושא: תיקון 279 לפקודת מס הכנסה - תיקון חלק ה2,פרסום רשמי של רשות המסים בישראל באתר gov.il (חוזרים ונהלים). התוכן המלא בקישור המקור.,government_page,,direct,https://www.gov.il/he/departments/policies/professional-directives-300725
act-publications-health-dr-33,health,2025-07-29,נוהל 33 - ייבוא ושיווק תרופות וחומרים פרמצבטיים,פרסום רשמי של משרד הבריאות באתר gov.il (חוזרים ונהלים). התוכן המלא בקישור המקור.,government_page,regulation,direct,https://www.gov.il/he/departments/policies/dr-33
act-publications-sec-33-assistance_dog_procedure_2025,sec-33,2025-07-29,נוהל כלבי סיוע,פרסום רשמי של משרד החקלאות וביטחון המזון באתר gov.il (נהלים והנחיות). התוכן המלא בקישור המקור.,government_page,regulation,direct,https://www.gov.il/he/departments/policies/assistance_dog_procedure_2025
act-publications-sec-33-moag-pro-147,sec-33,2025-07-29,נוהל ההכרה במעבדות אבחון פרטיות,פרסום רשמי של משרד החקלאות וביטחון המזון באתר gov.il (נהלים רגולטוריים). התוכן המלא בקישור המקור.,government_page,regulation,direct,https://www.gov.il/he/departments/policies/moag-pro-147
act-publications-sec-33-procedure_for_exporting_horses,sec-33,2025-07-29,נוהל יצוא סוסים ממדינת ישראל,פרסום רשמי של משרד החקלאות וביטחון המזון באתר gov.il (נהלים והנחיות). התוכן המלא בקישור המקור.,government_page,regulation,direct,https://www.gov.il/he/departments/policies/procedure_for_exporting_horses
act-publications-sec-34-71901,sec-34,2025-07-28,החלטה מס' 71901- מתן רישיונות הספקה למספקים שאין ברשותם אמצעי ייצור,פרסום רשמי של רשות החשמל באתר gov.il (החלטות). התוכן המלא בקישור המקור.,government_page,procurement; regulation,direct,https://www.gov.il/he/departments/policies/71901
act-publications-sec-5-report-positions-05-2025,sec-5,2025-07-28,נייר עמדה מקצועי מספר 05/2025 – רשות המיסים בתחומים: אופציות לעובדים; מיסוי בין לאומי,פרסום רשמי של רשות המסים בישראל באתר gov.il (ניירות עמדה). התוכן המלא בקישור המקור.,government_page,regulation,direct,https://www.gov.il/he/departments/policies/report-positions-05-2025
act-publications-sec-33-planning_feasibility_study_form_winery_rural_area,sec-33,2025-07-27,טופס בדיקת היתכנות תכנונית של יקב במרחב הכפרי,פרסום רשמי של משרד החקלאות וביטחון המזון באתר gov.il (נהלים רגולטוריים). התוכן המלא בקישור המקור.,government_page,,direct,https://www.gov.il/he/departments/policies/planning_feasibility_study_form_winery_rural_area
act-publications-sec-39-27072025_1,sec-39,2025-07-27,תיקון רישיון בזק החברה הישראלית לתקשורת (מספר 99),פרסום רשמי של משרד התקשורת באתר gov.il (רישיונות). התוכן המלא בקישור המקור.,government_page,,direct,https://www.gov.il/he/departments/policies/27072025_1
act-publications-sec-39-27072025_2,sec-39,2025-07-27,תיקון רישיון בזק החברה הישראלית לתקשורת (מספר 100),פרסום רשמי של משרד התקשורת באתר gov.il (רישיונות). התוכן המלא בקישור המקור.,government_page,,direct,https://www.gov.il/he/departments/policies/27072025_2
act-publications-sec-5-inst-09-2025-1,sec-5,2025-07-27,"הוראת ביצוע מספר 09/2025  רשות המסים בישראל  בהתאם לחוק התכנית לסיוע כלכלי  (הוראת שעה – חרבות ברזל), התשפ""ה-2025",פרסום רשמי של רשות המסים בישראל באתר gov.il (הוראות ביצוע). התוכן המלא בקישור המקור.,government_page,regulation,direct,https://www.gov.il/he/departments/policies/inst-09-2025-1
act-publications-sec-34-71902,sec-34,2025-07-24,"החלטה מס' 71902 - אישור לשעבוד נכסים ברישיון ייצור מס' 00728417, ברישיון הספקה מס' 00034521 וברישיון הספקה ללא אמצעי ייצור מס' 1559722  של אי.פי.אמ. באר טוביה בע""מ (להלן: ""בעלת הרישיונות"")",פרסום רשמי של רשות החשמל באתר gov.il (החלטות). התוכן המלא בקישור המקור.,government_page,procurement; regulation,direct,https://www.gov.il/he/departments/policies/71902
act-publications-sec-34-71904,sec-34,2025-07-24,החלטה מס' 71904- שווי הקרקע באתר אשכול – שומת רשות החשמל,פרסום רשמי של רשות החשמל באתר gov.il (החלטות). התוכן המלא בקישור המקור.,government_page,,direct,https://www.gov.il/he/departments/policies/71904
act-publications-sec-37-criteria-employment-of-foreign-workers-july-2025,sec-37,2025-07-24,חלוקת מכסות עובדים זרים מסרי לנקה למתקני אכסון מלונאי,פרסום רשמי של משרד התיירות באתר gov.il (נהלים והנחיות). התוכן המלא בקישור המקור.,government_page,,direct,https://www.gov.il/he/departments/policies/criteria-employment-of-foreign-workers-july-2025
act-publications-sec-68-online-applications-deadline-extension-rest-24725,sec-68,2025-07-24,הארכת המועד להגשת בקשות במערכת המקוונת בענף המסעדות עד ליום 31.8.25,פרסום רשמי של רשות האוכלוסין וההגירה באתר gov.il (מידע למעסיקים). התוכן המלא בקישור המקור.,government_page,,direct,https://www.gov.il/he/departments/policies/online-applications-deadline-extension-rest-24725
act-publications-sec-7-news24725,sec-7,2025-07-24,הוראת שעה: האצלת סמכויות מסוימות הנתונות לסגן הנציב - הארכה מס' 1,פרסום רשמי של שירות בתי הסוהר באתר gov.il (פקודות והוראות). התוכן המלא בקישור המקור.,government_page,,direct,https://www.gov.il/he/departments/policies/news24725
act-publications-economy-economy_dgi_instructions-04-81,economy,2025-07-22,"הוראת מנכ""ל 4.81 - תכנית סיוע לקליטת עובדים מהאוכלוסייה הדרוזית והצ'רקסית בגליל ובכרמל וקליטת עובדים מהאוכלוסייה הדרוזית ברמת הגולן","פרסום רשמי של משרד הכלכלה והתעשייה באתר gov.il (חוזרים והוראות מנכ""ל). התוכן המלא בקישור המקור.",government_page,,direct,https://www.gov.il/he/departments/policies/economy_dgi_instructions-04-81
act-publications-health-nd244-2025,health,2025-07-21,סמכויות אחיות ואחים מומחים בגסטרואנטרולוגיה,פרסום רשמי של משרד הבריאות באתר gov.il (חוזרים ונהלים). התוכן המלא בקישור המקור.,government_page,,direct,https://www.gov.il/he/departments/policies/nd244-2025
act-publications-health-nd245-2025,health,2025-07-21,לא בתוקף - עדכון סמכויות אחיות ואחים מומחים בפגים,פרסום רשמי של משרד הבריאות באתר gov.il (חוזרים ונהלים). התוכן המלא בקישור המקור.,government_page,,direct,https://www.gov.il/he/departments/policies/nd245-2025
act-publications-sec-5-income-tax-small-business-owner-24-210725,sec-5,2025-07-21,רפורמת בעל עסק זעיר ניתוח נתונים תובנות ומסקנות ראשוניות,פרסום רשמי של רשות המסים בישראל באתר gov.il (מסמכי מדיניות). התוכן המלא בקישור המקור.,government_page,,direct,https://www.gov.il/he/departments/policies/income-tax-small-business-owner-24-210725
act-publications-health-fcs-269776725-20072025,health,2025-07-20,"הודעה ליבואני גז קצפות (ניטרוס אוקסיד, N2O)",פרסום רשמי של משרד הבריאות באתר gov.il (נהלים והנחיות). התוכן המלא בקישור המקור.,government_page,,direct,https://www.gov.il/he/departments/policies/fcs-269776725-20072025
act-publications-health-nd241-2025,health,2025-07-20,פעולות סיעוד לאחים ואחיות מוסמכים בוגרי השתלמות מוכרת באחיוּת פורנזית,פרסום רשמי של משרד הבריאות באתר gov.il (חוזרים ונהלים). התוכן המלא בקישור המקור.,government_page,,direct,https://www.gov.il/he/departments/policies/nd241-2025
act-publications-health-nd242-2025,health,2025-07-20,תחומי עיסוק ופעילות של סטודנטים לאחיוּת המועסקים במערך האשפוז והקהילה,פרסום רשמי של משרד הבריאות באתר gov.il (חוזרים ונהלים). התוכן המלא בקישור המקור.,government_page,,direct,https://www.gov.il/he/departments/policies/nd242-2025
act-publications-sec-22-protocol_25,sec-22,2025-07-20,הפרוטוקולים של הועדה המייעצת לעניין בדיקת ממונים במועצות הדתיות,פרסום רשמי של המשרד לשירותי דת באתר gov.il (החלטות). התוכן המלא בקישור המקור.,government_page,regulation,direct,https://www.gov.il/he/departments/policies/protocol_25
act-publications-sec-34-71701,sec-34,2025-07-20,החלטה מס' 71701- תיקון שילוב מונים בסיסים בתחרות באספקה,פרסום רשמי של רשות החשמל באתר gov.il (החלטות). התוכן המלא בקישור המקור.,government_page,procurement,direct,https://www.gov.il/he/departments/policies/71701
act-publications-sec-34-71702,sec-34,2025-07-20,החלטה מס' 71702 – הפחתת תשלומי הפרה בעבור עלויות איחור במתן תשובת מחלק בזמן תקופת ההגרלה,פרסום רשמי של רשות החשמל באתר gov.il (החלטות). התוכן המלא בקישור המקור.,government_page,,direct,https://www.gov.il/he/departments/policies/71702
act-publications-sec-34-71703,sec-34,2025-07-20,החלטה מס' 71703-  תיקונים עדכונים ושינויים אמות מידה צרכנות,פרסום רשמי של רשות החשמל באתר gov.il (החלטות). התוכן המלא בקישור המקור.,government_page,,direct,https://www.gov.il/he/departments/policies/71703
act-publications-sec-34-71704,sec-34,2025-07-20,החלטה מס' 71704 : עדכון לוח 5.4.1 -1: תעריפי זיכוי בגין קריאת מונה,פרסום רשמי של רשות החשמל באתר gov.il (החלטות). התוכן המלא בקישור המקור.,government_page,,direct,https://www.gov.il/he/departments/policies/71704
act-publications-sec-34-71801,sec-34,2025-07-20,"החלטה 71801 – תיקון החלטה מס' 71401  מיום 24.6.2025 - אישור העברת אמצעי שליטה ברישיונות דוראד אנרגיה בע""מ",פרסום רשמי של רשות החשמל באתר gov.il (החלטות). התוכן המלא בקישור המקור.,government_page,,direct,https://www.gov.il/he/departments/policies/71801
act-publications-economy-expiration-of-permits-ind-sector-170725,economy,2025-07-17,הודעה בנוגע לפקיעת תוקף היתרים שלא ימומשו עד ליום 1.8.25 בענף התעשייה,פרסום רשמי של משרד הכלכלה והתעשייה באתר gov.il (מידע למעסיקים). התוכן המלא בקישור המקור.,government_page,,direct,https://www.gov.il/he/departments/policies/expiration-of-permits-ind-sector-170725
act-publications-sec-29-regulations-building-assessment-engineers,sec-29,2025-07-17,"הפעלת מהנדסי ""מיון מבנים"" במצב מלחמה וחירום לסיוע בהערכת מבנים ברשויות מקומיות",פרסום רשמי של משרד הבינוי והשיכון באתר gov.il (נהלים והנחיות). התוכן המלא בקישור המקור.,government_page,emergency; local-authorities,direct,https://www.gov.il/he/departments/policies/regulations-building-assessment-engineers
act-publications-sec-37-hozer-mankal-052025,sec-37,2025-07-17,"חוזר מנכ""ל 05/2025: נוהל סיוע במימון כרטיסי טיסה למקבלי החלטות מחו""ל","פרסום רשמי של משרד התיירות באתר gov.il (חוזרים והוראות מנכ""ל). התוכן המלא בקישור המקור.",government_page,regulation,direct,https://www.gov.il/he/departments/policies/hozer-mankal-052025
act-publications-sec-68-experimental-procedure-for-crediting-deserters-hotels,sec-68,2025-07-17,"הליך ניסיוני להתרת קליטת עובדי מלונאות זרים שאינם רשומים כעובדים פעילים של בית מלון אחר, במקום עובדים זרים שדווח על הפסקת עבודתם בבית המלון הקולט אך אשר טרם נרשמו כמועסקים במלון חדש",פרסום רשמי של רשות האוכלוסין וההגירה באתר gov.il (חוזרים ונהלים). התוכן המלא בקישור המקור.,government_page,,direct,https://www.gov.il/he/departments/policies/experimental-procedure-for-crediting-deserters-hotels
act-publications-sec-68-expiration-of-permits-ind-sector-1825,sec-68,2025-07-16,פקיעת תוקף היתרים שלא ימומשו עד ליום 1.8.202 - ענף תעשייה,פרסום רשמי של רשות האוכלוסין וההגירה באתר gov.il (מידע למעסיקים). התוכן המלא בקישור המקור.,government_page,,direct,https://www.gov.il/he/departments/policies/expiration-of-permits-ind-sector-1825
act-publications-sec-6-rz_section_149,sec-6,2025-07-15,"נוהל המצאת הודעות לבעלים, מחזיקים וגובלים לפי סעיף 149 לחוק התכנון והבנייה, תשכ""ה – 1965",פרסום רשמי של מינהל התכנון באתר gov.il (נהלים והנחיות). התוכן המלא בקישור המקור.,government_page,regulation,direct,https://www.gov.il/he/departments/policies/rz_section_149
act-publications-health-fcs-270592225,health,2025-07-14,עדכון המלצה לסימון גלוטן במוצרי מזון – לטובת חולי צליאק ובעלי רגישות לדגנים,פרסום רשמי של משרד הבריאות באתר gov.il (נהלים והנחיות). התוכן המלא בקישור המקור.,government_page,,direct,https://www.gov.il/he/departments/policies/fcs-270592225
act-publications-health-fcs-438081623,health,2025-07-14,מיצי פירות ונקטרי פירות - טיפול ב-HPP  כהליך שקיל לפסטור,פרסום רשמי של משרד הבריאות באתר gov.il (נהלים והנחיות). התוכן המלא בקישור המקור.,government_page,,direct,https://www.gov.il/he/departments/policies/fcs-438081623
act-publications-sec-37-hozer-mankal--042025,sec-37,2025-07-14,"חוזר מנכ""ל 04/2025: נוהל השתתפות משרד התיירות בפעולות שיווק המבוצעות על ידי רשויות  מקומיות לעידוד תיירות הפנים לאזורן בשנת 2025","פרסום רשמי של משרד התיירות באתר gov.il (חוזרים והוראות מנכ""ל). התוכן המלא בקישור המקור.",government_page,local-authorities; regulation,direct,https://www.gov.il/he/departments/policies/hozer-mankal--042025
act-publications-sec-4-dec-building140725,sec-4,2025-07-14,עדכון החלטה של ועדת המנכלים בעניין הבאה פרטית בענף הבניין ובתת-ענף שיפוצים,פרסום רשמי של משרד ראש הממשלה באתר gov.il (החלטות). התוכן המלא בקישור המקור.,government_page,,direct,https://www.gov.il/he/departments/policies/dec-building140725
act-publications-sec-4-dec-industry140725,sec-4,2025-07-14,עדכון החלטה של ועדת המנכלים בעניין הבאה פרטית בענף התעשייה,פרסום רשמי של משרד ראש הממשלה באתר gov.il (החלטות). התוכן המלא בקישור המקור.,government_page,,direct,https://www.gov.il/he/departments/policies/dec-industry140725
act-publications-sec-4-directive-18-2025,sec-4,2025-07-14,נוהל הצהרה על השתתפות עובדי המדינה בפעילות ספורט בליגה למקומות עבודה ובקשה להחזר כספי עבור בדיקות רפואיות לספורטאים,"פרסום רשמי של נציבות שירות המדינה באתר gov.il (חוזרים והוראות מנכ""ל). התוכן המלא בקישור המקור.",government_page,regulation,direct,https://www.gov.il/he/departments/policies/directive-18-2025
act-publications-sec-4-directive-19-2025,sec-4,2025-07-14,בדיקות כשירות לספורטאים החברים בליגה למקומות עבודה לשנת 2025 - ריענון,"פרסום רשמי של נציבות שירות המדינה באתר gov.il (חוזרים והוראות מנכ""ל). התוכן המלא בקישור המקור.",government_page,,direct,https://www.gov.il/he/departments/policies/directive-19-2025
act-publications-sec-68-notice-applications-for-extending-permits-nursing-ins-920012-13725,sec-68,2025-07-14,הודעה על פתיחת אפשרות להגשת בקשות להארכת תוקף ההיתרים להעסקת עובדים זרים ככוח עזר במעונות בפיקוח משרד הרווחה והביטחון החברתי לפי נוהל מס' 9.2.0012,פרסום רשמי של רשות האוכלוסין וההגירה באתר gov.il (חוזרים ונהלים). התוכן המלא בקישור המקור.,government_page,regulation,direct,https://www.gov.il/he/departments/policies/notice-applications-for-extending-permits-nursing-ins-920012-13725
act-publications-sec-7-news14072025,sec-7,2025-07-14,הוראת שעה: צמצום פעילויות שגרה בעת מלחמה - הארכה מס' 31,פרסום רשמי של שירות בתי הסוהר באתר gov.il (פקודות והוראות). התוכן המלא בקישור המקור.,government_page,emergency; regulation,direct,https://www.gov.il/he/departments/policies/news14072025
act-publications-health-fcs-kpmg,health,2025-07-13,מסמך הנחיות המתאר את קטגוריות המזון בחלק ה' של נספח 2 מס' 1333/2008 בנושא תוספי מזון (EC) לתקנה,פרסום רשמי של משרד הבריאות באתר gov.il (נהלים והנחיות). התוכן המלא בקישור המקור.,government_page,,direct,https://www.gov.il/he/departments/policies/fcs-kpmg
act-publications-health-pln_earthquake,health,2025-07-13,קריטריונים והנחיות לעיגון סיסמי של מערכות לא מבניות (בדגש על ציוד בבתי חולים),פרסום רשמי של משרד הבריאות באתר gov.il (נהלים והנחיות). התוכן המלא בקישור המקור.,government_page,health,direct,https://www.gov.il/he/departments/policies/pln_earthquake
act-publications-sec-33-import_of_fresh_edible_onions_moldova,sec-33,2025-07-13,הודעה ליבואן  - אושר היבוא של בצל (Allium cepa) ירקות טריים למאכל ממולדובה,פרסום רשמי של משרד החקלאות וביטחון המזון באתר gov.il (נהלים רגולטוריים). התוכן המלא בקישור המקור.,government_page,,direct,https://www.gov.il/he/departments/policies/import_of_fresh_edible_onions_moldova
act-publications-sec-33-import-of_scabiosa_tissue_culture-for_propagation_from_poland,sec-33,2025-07-13,הודעה ליבואן  - אושר היבוא של תגית (Scabiosa) תרבית רקמה לריבוי מפולין,פרסום רשמי של משרד החקלאות וביטחון המזון באתר gov.il (נהלים רגולטוריים). התוכן המלא בקישור המקור.,government_page,,direct,https://www.gov.il/he/departments/policies/import-of_scabiosa_tissue_culture-for_propagation_from_poland
act-publications-sec-29-taarif-tashlum-avodot-tichnun,sec-29,2025-07-10,תכולת עבודות תכנון ותעריף לתשלום,פרסום רשמי של הרשות הממשלתית להתחדשות עירונית באתר gov.il (תקנות ותעריפים). התוכן המלא בקישור המקור.,government_page,regulation,direct,https://www.gov.il/he/departments/policies/taarif-tashlum-avodot-tichnun
act-publications-sec-4-guide_line_123,sec-4,2025-07-10,הנחיית נציב מס' 1.23- העסקת עובדים בתקן אזרח ותיק בכיר בשירות המדינה,פרסום רשמי של נציבות שירות המדינה באתר gov.il (הנחיות נציב שירות המדינה). התוכן המלא בקישור המקור.,government_page,workforce,direct,https://www.gov.il/he/departments/policies/guide_line_123
act-publications-sec-5-professional-directives-100725,sec-5,2025-07-10,"תוספת  מס' 1 לחוזר מס הכנסה 9/2015  בנושא: קוים מנחים להחלת סעיף 46 לפקודת מס הכנסה (נוסח חדש) תשכ""א – 1961 (להלן: ""הפקודה"")",פרסום רשמי של רשות המסים בישראל באתר gov.il (נהלים והנחיות). התוכן המלא בקישור המקור.,government_page,,direct,https://www.gov.il/he/departments/policies/professional-directives-100725
act-publications-sec-5-procedures-090725-1,sec-5,2025-07-09,נייר עמדה מקצועי מספר 04/2025 - רשות המסים בתחום: חוק מיסוי מקרקעין בנושא: הבהרה לגבי פטור ממס על דמי שכירות המתקבלים במסגרת עסקאות התחדשות עירונית,פרסום רשמי של רשות המסים בישראל באתר gov.il (ניירות עמדה). התוכן המלא בקישור המקור.,government_page,regulation,direct,https://www.gov.il/he/departments/policies/procedures-090725-1
act-publications-sec-6-building-permits-and-detailed-planning,sec-6,2025-07-09,נהלים והנחיות מרחביות במסגרת רשות הרישוי הארצית,פרסום רשמי של מינהל התכנון באתר gov.il (נהלים רגולטוריים). התוכן המלא בקישור המקור.,government_page,regulation,direct,https://www.gov.il/he/departments/policies/building-permits-and-detailed-planning
act-publications-sec-7-collection_and_intelligence_division_procedures,sec-7,2025-07-09,נהלי חטיבת איסוף ומודיעין,פרסום רשמי של כבאות והצלה לישראל באתר gov.il (נהלים והנחיות). התוכן המלא בקישור המקור.,government_page,,direct,https://www.gov.il/he/departments/policies/collection_and_intelligence_division_procedures
act-publications-sec-4-dec-040625,sec-4,2025-07-08,החלטה של ועדת המנכלים בעניין הארכת המתודולוגיה הזמנית,פרסום רשמי של משרד ראש הממשלה באתר gov.il (החלטות). התוכן המלא בקישור המקור.,government_page,,direct,https://www.gov.il/he/departments/policies/dec-040625
act-publications-health-bsv-07072025,health,2025-07-07,דגשים לתכנון והנחיות תפעול ובקרה של מערכות מים במוסדות רפואה,פרסום רשמי של משרד הבריאות באתר gov.il (נהלים והנחיות). התוכן המלא בקישור המקור.,government_page,,direct,https://www.gov.il/he/departments/policies/bsv-07072025
act-publications-sec-34-se-070725,sec-34,2025-07-07,קירוי סולארי למגרשי ספורט – נייר מדיניות חדש של משרד האנרגיה והתשתיות,פרסום רשמי של משרד האנרגיה והתשתיות באתר gov.il (מסמכי מדיניות). התוכן המלא בקישור המקור.,government_page,,direct,https://www.gov.il/he/departments/policies/se-070725
act-publications-sec-4-dec070725,sec-4,2025-07-07,החלטה של ועדת המנכלים בעניין מחקר מלווה להחלטת ממשלה 1752,פרסום רשמי של משרד ראש הממשלה באתר gov.il (החלטות). התוכן המלא בקישור המקור.,government_page,,direct,https://www.gov.il/he/departments/policies/dec070725
act-publications-sec-4-directive-16-2025,sec-4,2025-07-06,הנחיה בדבר דיווח היעדרות במהלך מבצע עם כלביא,"פרסום רשמי של נציבות שירות המדינה באתר gov.il (חוזרים והוראות מנכ""ל). התוכן המלא בקישור המקור.",government_page,,direct,https://www.gov.il/he/departments/policies/directive-16-2025
act-publications-sec-4-directive-17-2025,sec-4,2025-07-06,"""עם כלביא"" – הנחיות בנוגע לעובדים שמקום עבודתם נפגע והועברו למשכן חלופי","פרסום רשמי של נציבות שירות המדינה באתר gov.il (חוזרים והוראות מנכ""ל). התוכן המלא בקישור המקור.",government_page,,direct,https://www.gov.il/he/departments/policies/directive-17-2025
act-publications-sec-68-construction-foreign-workers-wages-am-kelavi10725,sec-68,2025-07-03,"תשלום שכר לעובדים הזרים בענף הבניין בתקופת ""עם כלביא""",פרסום רשמי של רשות האוכלוסין וההגירה באתר gov.il (חוזרים ונהלים). התוכן המלא בקישור המקור.,government_page,,direct,https://www.gov.il/he/departments/policies/construction-foreign-workers-wages-am-kelavi10725
act-publications-sec-68-notice-relief-agri-iron-swords3725,sec-68,2025-07-03,הקלות זמניות בענף החקלאות על רקע מלחמת חרבות ברזל,פרסום רשמי של רשות האוכלוסין וההגירה באתר gov.il (מידע למעסיקים). התוכן המלא בקישור המקור.,government_page,,direct,https://www.gov.il/he/departments/policies/notice-relief-agri-iron-swords3725
act-publications-sec-4-dec-eilat020725,sec-4,2025-07-02,החלטה של ועדת המנכלים בעניין ענף המלונאות אזור אילת,פרסום רשמי של משרד ראש הממשלה באתר gov.il (החלטות). התוכן המלא בקישור המקור.,government_page,,direct,https://www.gov.il/he/departments/policies/dec-eilat020725
act-publications-sec-4-dechotels020725,sec-4,2025-07-02,החלטה של ועדת המנכלים בעניין הגדלת המכסה בענף המלונאות,פרסום רשמי של משרד ראש הממשלה באתר gov.il (החלטות). התוכן המלא בקישור המקור.,government_page,,direct,https://www.gov.il/he/departments/policies/dechotels020725
act-publications-sec-29-meshaptzim-beachdut,sec-29,2025-07-01,"""משפצים באחדות"" – נוהל הפעלה",פרסום רשמי של משרד הבינוי והשיכון באתר gov.il (נהלים והנחיות). התוכן המלא בקישור המקור.,government_page,regulation,direct,https://www.gov.il/he/departments/policies/meshaptzim-beachdut
act-publications-sec-39-01072025_3,sec-39,2025-07-01,הודעה על דחיית מועד תשלום אגרה בעד רישיון ובעד הקצאת תדרים חדשים לתחנות החד-מגמיות (סימפלקס) ולעסקי ממסרים – כיתת כוננות – עדכון מס' 6.,פרסום רשמי של משרד התקשורת באתר gov.il (נהלים והנחיות). התוכן המלא בקישור המקור.,government_page,,direct,https://www.gov.il/he/departments/policies/01072025_3
act-publications-sec-23-molsa-executive-circulars-005-2025,sec-23,2025-06-30,תיקון מספר 19 -  חוק למניעת אלימות במשפחה - פיקוח טכנולוגי על קיום צו הגנה,"פרסום רשמי של משרד הרווחה והביטחון החברתי באתר gov.il (חוזרים והוראות מנכ""ל). התוכן המלא בקישור המקור.",government_page,regulation,direct,https://www.gov.il/he/departments/policies/molsa-executive-circulars-005-2025
act-publications-sec-4-dec1-300625,sec-4,2025-06-30,עדכון החלטה של ועדת המנכלים בנושא הבאת עובדים זרים לענף המסחר והשירותים,פרסום רשמי של משרד ראש הממשלה באתר gov.il (החלטות). התוכן המלא בקישור המקור.,government_page,,direct,https://www.gov.il/he/departments/policies/dec1-300625
act-publications-sec-4-dec2-300625,sec-4,2025-06-30,החלטה של ועדת המנכלים בעניין המכסה הכוללת לשנת 2025,פרסום רשמי של משרד ראש הממשלה באתר gov.il (החלטות). התוכן המלא בקישור המקור.,government_page,,direct,https://www.gov.il/he/departments/policies/dec2-300625
act-publications-sec-4-directive-15-2025,sec-4,2025-06-30,נוהל תמיכה רגשית לעובדים בשירות הציבורי במצבי חירום משבר ומצוקה,"פרסום רשמי של נציבות שירות המדינה באתר gov.il (חוזרים והוראות מנכ""ל). התוכן המלא בקישור המקור.",government_page,emergency; grants; regulation,direct,https://www.gov.il/he/departments/policies/directive-15-2025
act-publications-sec-34-71401,sec-34,2025-06-29,"החלטה מס' 71401   - אישור העברת אמצעי שליטה ברישיונות דוראד אנרגיה בע""מ",פרסום רשמי של רשות החשמל באתר gov.il (החלטות). התוכן המלא בקישור המקור.,government_page,,direct,https://www.gov.il/he/departments/policies/71401
act-publications-sec-34-71402,sec-34,2025-06-29,"החלטה מס' 71402 - אישור לשעבוד נכסים ברישיון ייצור מס' 02872123 של מנורה מבטחים סי.אס תענך אנרגיה ירוקה בע""מ",פרסום רשמי של רשות החשמל באתר gov.il (החלטות). התוכן המלא בקישור המקור.,government_page,regulation,direct,https://www.gov.il/he/departments/policies/71402
act-publications-sec-34-71403,sec-34,2025-06-29,"החלטה מס' 71403 – תיקון אישור לשעבוד נכסים של חברת החשמל לישראל בע""מ",פרסום רשמי של רשות החשמל באתר gov.il (החלטות). התוכן המלא בקישור המקור.,government_page,,direct,https://www.gov.il/he/departments/policies/71403
act-publications-sec-36-youth-combination,sec-36,2025-06-26,"הנחיות לקידום ההכלה הבית ספרית - קליטה, טיפול והתמודדות מיטבית לתלמידים הזכאים לשירותי חינוך מיוחדים",פרסום רשמי של משרד העבודה באתר gov.il (נהלים והנחיות). התוכן המלא בקישור המקור.,government_page,education,direct,https://www.gov.il/he/departments/policies/youth-combination
act-publications-sec-39-26062025_3,sec-39,2025-06-26,תיקון ההסדר לשימוש בתשתיות פאסיביות לעניין עלות פעילות הליווי של נציג בעל תשתית - החלטה,פרסום רשמי של משרד התקשורת באתר gov.il (החלטות). התוכן המלא בקישור המקור.,government_page,infrastructure,direct,https://www.gov.il/he/departments/policies/26062025_3
act-publications-sec-4-ranking-of-purchasing-roles-government-hospitals,sec-4,2025-06-26,מדרג תפקידי רכש בבתי חולים ממשלתיים,פרסום רשמי של נציבות שירות המדינה באתר gov.il (נהלים והנחיות). התוכן המלא בקישור המקור.,government_page,health; procurement,direct,https://www.gov.il/he/departments/policies/ranking-of-purchasing-roles-government-hospitals
act-publications-sec-68-online-applications-deadline-extension-rest-26625,sec-68,2025-06-26,הודעה למעסיקים בענף המסעדות,פרסום רשמי של רשות האוכלוסין וההגירה באתר gov.il (מידע למעסיקים). התוכן המלא בקישור המקור.,government_page,,direct,https://www.gov.il/he/departments/policies/online-applications-deadline-extension-rest-26625
act-publications-sec-33-export_of_table_eggs_to_israel_2025,sec-33,2025-06-25,יבוא ביצים ממדינות האיחוד האירופי,פרסום רשמי של משרד החקלאות וביטחון המזון באתר gov.il (נהלים רגולטוריים). התוכן המלא בקישור המקור.,government_page,,direct,https://www.gov.il/he/departments/policies/export_of_table_eggs_to_israel_2025
act-publications-sec-33-moag-pro-092,sec-33,2025-06-25,נוהל רישוי רופאים וטרינרים,פרסום רשמי של משרד החקלאות וביטחון המזון באתר gov.il (נהלים והנחיות). התוכן המלא בקישור המקור.,government_page,regulation,direct,https://www.gov.il/he/departments/policies/moag-pro-092
act-publications-sec-39-25062025,sec-39,2025-06-25,החלטת המועצה לשידורי כבלים ולשידורי לוויין מספר 2-13/2022 מיום 24.11.2022,פרסום רשמי של משרד התקשורת באתר gov.il (החלטות). התוכן המלא בקישור המקור.,government_page,,direct,https://www.gov.il/he/departments/policies/25062025
act-publications-sec-39-25062025_2,sec-39,2025-06-25,החלטת המועצה לשידורי כבלים ולשידורי לוויין מספר 2-1/2024 מיום 8.2.2024,פרסום רשמי של משרד התקשורת באתר gov.il (החלטות). התוכן המלא בקישור המקור.,government_page,,direct,https://www.gov.il/he/departments/policies/25062025_2
act-publications-sec-5-vat250625-1,sec-5,2025-06-25,החלת חובת הפקת חשבוניות התחשבנות (I) ללקוחות פלסטינים באופן דיגיטלי,פרסום רשמי של רשות המסים בישראל באתר gov.il (נהלים והנחיות). התוכן המלא בקישור המקור.,government_page,digital,direct,https://www.gov.il/he/departments/policies/vat250625-1
act-publications-health-fcs-236454325,health,2025-06-24,"הוראת מנהלת שירות המזון לבדיקות יזומות מיוחדות של מזון -מיובא לפי סעיף 86 (ב) (2) לחוק הגנה על בריאות הציבור (מזון), התשע""ו- 2015, נוכח מבצע ""עם כלביא""",פרסום רשמי של משרד הבריאות באתר gov.il (נהלים והנחיות). התוכן המלא בקישור המקור.,government_page,health,direct,https://www.gov.il/he/departments/policies/fcs-236454325
act-publications-sec-33-extension_of_permits_for_the_production_am_kelavi,sec-33,2025-06-24,"הארכת אוטומטית של היתרי מזון לבעלי חיים במסגרת מבצע ""עם כלביא""",פרסום רשמי של משרד החקלאות וביטחון המזון באתר gov.il (נהלים רגולטוריים). התוכן המלא בקישור המקור.,government_page,,direct,https://www.gov.il/he/departments/policies/extension_of_permits_for_the_production_am_kelavi
act-publications-sec-39-24062025_1,sec-39,2025-06-24,החלטת המועצה לשידורי כבלים ולשידורי לוויין מספר 1-6/2025 מיום 17.6.2025 בעניין: בקשת חברת יס לדחיית מועד שידור הפקות מקומיות מעבר למועד תום תקופת רישיונה,פרסום רשמי של משרד התקשורת באתר gov.il (החלטות). התוכן המלא בקישור המקור.,government_page,,direct,https://www.gov.il/he/departments/policies/24062025_1
act-publications-sec-4-decision2239,sec-4,2025-06-24,"החלטה מס' 2239 - פטור ממכרז למשרה במשרד החדשנות, המדע והטכנולוגיה",פרסום רשמי של נציבות שירות המדינה באתר gov.il (החלטות ועדת שירות המדינה). התוכן המלא בקישור המקור.,government_page,digital; procurement,direct,https://www.gov.il/he/departments/policies/decision2239
act-publications-sec-4-decision2240,sec-4,2025-06-24,החלטה מס' 2240 - פטור ממכרז ומינוי באמצעות ועדה לאיתור מועמדים למשרת מנהל הרשות לחקירה בטיחותית בתעופה,פרסום רשמי של נציבות שירות המדינה באתר gov.il (החלטות ועדת שירות המדינה). התוכן המלא בקישור המקור.,government_page,procurement,direct,https://www.gov.il/he/departments/policies/decision2240
act-publications-environment-apollonia,environment,2025-06-23,הנחיות בעקבות הִלְכַת אפולוניה,פרסום רשמי של המשרד להגנת הסביבה באתר gov.il (נהלים והנחיות). התוכן המלא בקישור המקור.,government_page,,direct,https://www.gov.il/he/departments/policies/apollonia
act-publications-sec-39-23062025,sec-39,2025-06-23,החלטת המועצה לשידורי כבלים ולשידורי לוויין מספר 2-6/2025 מיום 17.6.2025 בעניין: הארכת מועד להגשת הודעה בנוגע לשידורי ערוץ i24 בשפה הערבית,פרסום רשמי של משרד התקשורת באתר gov.il (החלטות). התוכן המלא בקישור המקור.,government_page,,direct,https://www.gov.il/he/departments/policies/23062025
act-publications-sec-68-extending-permits-validityand-foreign-experts-am-kelavi-22625,sec-68,2025-06-23,הארכת תוקף היתרים והרישיונות להעסקת מומחים זרים,פרסום רשמי של רשות האוכלוסין וההגירה באתר gov.il (מידע למעסיקים). התוכן המלא בקישור המקור.,government_page,,direct,https://www.gov.il/he/departments/policies/extending-permits-validityand-foreign-experts-am-kelavi-22625
act-publications-sec-68-extending-permits-validityand-foreign-experts-am-kelavi-22625-link,sec-68,2025-06-23,הארכת תוקף היתרים והרישיונות להעסקת מומחים זרים,פרסום רשמי של רשות האוכלוסין וההגירה באתר gov.il (מידע למעסיקים). התוכן המלא בקישור המקור.,government_page,,direct,https://www.gov.il/he/departments/policies/extending-permits-validityand-foreign-experts-am-kelavi-22625-link
act-publications-sec-68-foreignworkers-intervisa-extension-am-kelavi23625,sec-68,2025-06-23,הארכת תוקף אשרות כניסה חוזרות (אינטרויזה) בעקבות המצב הבטחוני - עם כלביא,פרסום רשמי של רשות האוכלוסין וההגירה באתר gov.il (מידע למעסיקים). התוכן המלא בקישור המקור.,government_page,,direct,https://www.gov.il/he/departments/policies/foreignworkers-intervisa-extension-am-kelavi23625
act-publications-sec-68-foreignworkers-intervisa-extension-am-kelavi23625-link,sec-68,2025-06-23,הארכת תוקף אשרות כניסה חוזרות (אינטרויזה) בעקבות המצב הבטחוני - עם כלביא,פרסום רשמי של רשות האוכלוסין וההגירה באתר gov.il (מידע למעסיקים). התוכן המלא בקישור המקור.,government_page,,direct,https://www.gov.il/he/departments/policies/foreignworkers-intervisa-extension-am-kelavi23625-link
act-publications-environment-licensing-phase,environment,2025-06-22,הנחיות גנריות למסמכים סביבתיים בשלב הרישוי,פרסום רשמי של המשרד להגנת הסביבה באתר gov.il (נהלים רגולטוריים). התוכן המלא בקישור המקור.,government_page,regulation,direct,https://www.gov.il/he/departments/policies/licensing-phase
act-publications-health-emerg-22062025,health,2025-06-22,הגדרת משק חיוני בתחום הבריאות בעת חירום,פרסום רשמי של משרד הבריאות באתר gov.il (נהלים והנחיות). התוכן המלא בקישור המקור.,government_page,emergency,direct,https://www.gov.il/he/departments/policies/emerg-22062025
act-publications-sec-39-22062025,sec-39,2025-06-22,החלטת המועצה לשידורי כבלים ולשידורי לווין מספר 2-5/2025  מיום 27/5/2025,פרסום רשמי של משרד התקשורת באתר gov.il (החלטות). התוכן המלא בקישור המקור.,government_page,,direct,https://www.gov.il/he/departments/policies/22062025
act-publications-sec-4-amkelavi-studentagreement-1962025,sec-4,2025-06-22,הסכם קיבוצי סטודנטים מיום 19.6.2025 - מלחמת עם כלביא,פרסום רשמי של נציבות שירות המדינה באתר gov.il (הסכמים). התוכן המלא בקישור המקור.,government_page,,direct,https://www.gov.il/he/departments/policies/amkelavi-studentagreement-1962025
act-publications-sec-4-directive-14-2025,sec-4,2025-06-22,"מלחמת ""עם כלביא""- הנחיות לפעילות משרדי הממשלה - עדכון מס' 4","פרסום רשמי של נציבות שירות המדינה באתר gov.il (חוזרים והוראות מנכ""ל). התוכן המלא בקישור המקור.",government_page,,direct,https://www.gov.il/he/departments/policies/directive-14-2025
act-publications-sec-5-inst-190625-1,sec-5,2025-06-19,נוהל הגשת תביעת נזק ישיר במסלול מהיר נזק ישיר,פרסום רשמי של רשות המסים בישראל באתר gov.il (נהלים והנחיות). התוכן המלא בקישור המקור.,government_page,regulation,direct,https://www.gov.il/he/departments/policies/inst-190625-1
act-publications-sec-5-policy-paper-2025-06,sec-5,2025-06-19,עם כלביא – היערכות נותני שירותים פיננסיים,"פרסום רשמי של רשות שוק ההון, ביטוח וחיסכון באתר gov.il (נהלים והנחיות). התוכן המלא בקישור המקור.",government_page,emergency,direct,https://www.gov.il/he/departments/policies/policy-paper-2025-06
act-publications-sec-5-policy-paper-2025-06-01,sec-5,2025-06-19,"הנחיות נוספות לגופים המוסדיים על רקע מבצע ""עם כלביא""","פרסום רשמי של רשות שוק ההון, ביטוח וחיסכון באתר gov.il (נהלים והנחיות). התוכן המלא בקישור המקור.",government_page,,direct,https://www.gov.il/he/departments/policies/policy-paper-2025-06-01
act-publications-sec-4-directive-13-2025,sec-4,2025-06-18,"מלחמת ""עם כלביא""- הנחיות לפעילות משרדי הממשלה- עדכון מס' 3","פרסום רשמי של נציבות שירות המדינה באתר gov.il (חוזרים והוראות מנכ""ל). התוכן המלא בקישור המקור.",government_page,,direct,https://www.gov.il/he/departments/policies/directive-13-2025
act-publications-sec-4-directive-12-2025,sec-4,2025-06-17,"מלחמת ""עם כלביא""- הנחיות לפעילות משרדי הממשלה- עדכון מס' 2","פרסום רשמי של נציבות שירות המדינה באתר gov.il (חוזרים והוראות מנכ""ל). התוכן המלא בקישור המקור.",government_page,,direct,https://www.gov.il/he/departments/policies/directive-12-2025
act-publications-sec-68-am-kelavi-letter-to-foreign-workers-and-employers,sec-68,2025-06-16,"אגרת לעובדים הזרים הנמצאים ומועסקים בישראל- מצב ביטחוני ומבצע ""עם כלביא""",פרסום רשמי של רשות האוכלוסין וההגירה באתר gov.il (חוזרים ונהלים). התוכן המלא בקישור המקור.,government_page,,direct,https://www.gov.il/he/departments/policies/am-kelavi-letter-to-foreign-workers-and-employers
act-publications-sec-4-directive-11-2025,sec-4,2025-06-15,"מלחמת ""עם כלביא""- הנחיות לפעילות משרדי הממשלה- עדכון מס' 1","פרסום רשמי של נציבות שירות המדינה באתר gov.il (חוזרים והוראות מנכ""ל). התוכן המלא בקישור המקור.",government_page,,direct,https://www.gov.il/he/departments/policies/directive-11-2025
act-publications-sec-34-ng-130625,sec-34,2025-06-13,"הכרזה על שעת חירום במשק הגז הטבעי, לפי חוק משק הגז הטבעי, התשס""ב-2002",פרסום רשמי של משרד האנרגיה והתשתיות באתר gov.il (מסמכי מדיניות). התוכן המלא בקישור המקור.,government_page,emergency,direct,https://www.gov.il/he/departments/policies/ng-130625
act-publications-economy-all-aii-dgi,economy,2025-06-12,"לצפייה בכל הוראות המנכ""ל של הרשות להשקעות","פרסום רשמי של משרד הכלכלה והתעשייה באתר gov.il (חוזרים והוראות מנכ""ל). התוכן המלא בקישור המקור.",government_page,,direct,https://www.gov.il/he/departments/policies/all-aii-dgi
act-publications-economy-all-aii-procedures,economy,2025-06-12,לצפייה בכל הנהלים וההנחיות של הרשות להשקעות,פרסום רשמי של משרד הכלכלה והתעשייה באתר gov.il (נהלים והנחיות). התוכן המלא בקישור המקור.,government_page,,direct,https://www.gov.il/he/departments/policies/all-aii-procedures
act-publications-environment-according-to-government-decisions,environment,2025-06-12,הנחיות גנריות לתסקירי השפעה על הסביבה – הצעה על פי החלטת הממשלה,פרסום רשמי של המשרד להגנת הסביבה באתר gov.il (נהלים והנחיות). התוכן המלא בקישור המקור.,government_page,,direct,https://www.gov.il/he/departments/policies/according-to-government-decisions
act-publications-environment-generic-guidelines,environment,2025-06-12,הנחיות גנריות לתסקירי השפעה על הסביבה – מסמכים מנחים,פרסום רשמי של המשרד להגנת הסביבה באתר gov.il (נהלים והנחיות). התוכן המלא בקישור המקור.,government_page,,direct,https://www.gov.il/he/departments/policies/generic-guidelines
act-publications-sec-7-news15625,sec-7,2025-06-12,הוראת שעה: צמצום פעילויות שגרה בעת מלחמה - הארכה מס' 30,פרסום רשמי של שירות בתי הסוהר באתר gov.il (פקודות והוראות). התוכן המלא בקישור המקור.,government_page,emergency; regulation,direct,https://www.gov.il/he/departments/policies/news15625
act-publications-sec-39-11062025_1,sec-39,2025-06-11,החלטת המועצה לשידורי כבלים ולשידורי לווין מס' 1-5/2025,פרסום רשמי של משרד התקשורת באתר gov.il (החלטות). התוכן המלא בקישור המקור.,government_page,,direct,https://www.gov.il/he/departments/policies/11062025_1
act-publications-sec-4-dec-110625,sec-4,2025-06-11,עדכון החלטה של ועדת המנכלים בנושא הבאה פרטית לענף המסחר והשירותים,פרסום רשמי של משרד ראש הממשלה באתר gov.il (החלטות). התוכן המלא בקישור המקור.,government_page,,direct,https://www.gov.il/he/departments/policies/dec-110625
act-publications-sec-4-dec-updating110625,sec-4,2025-06-11,עדכון החלטה של ועדת המנכלים בנושא עדכון המכסה להבאת עובדים זרים לענף המסחר והשירותים,פרסום רשמי של משרד ראש הממשלה באתר gov.il (החלטות). התוכן המלא בקישור המקור.,government_page,,direct,https://www.gov.il/he/departments/policies/dec-updating110625
act-publications-sec-4-directive-10-2025,sec-4,2025-06-11,נוהל הגשת הצהרות רכוש- מעבר למערכת מקוונת להגשת הצהרות רכוש,"פרסום רשמי של נציבות שירות המדינה באתר gov.il (חוזרים והוראות מנכ""ל). התוכן המלא בקישור המקור.",government_page,regulation,direct,https://www.gov.il/he/departments/policies/directive-10-2025
act-publications-sec-68-notice-permits-applications-nursing-institutions-10625,sec-68,2025-06-11,מועד נוסף להגשת בקשות להיתרי העסקת עובדי כוח עזר במעונות בפיקוח משרד הרווחה והביטחון החברתי בהתאם לאמות מידה קיימות,פרסום רשמי של רשות האוכלוסין וההגירה באתר gov.il (חוזרים ונהלים). התוכן המלא בקישור המקור.,government_page,,direct,https://www.gov.il/he/departments/policies/notice-permits-applications-nursing-institutions-10625
act-publications-health-nd238-2025,health,2025-06-10,תפקיד אחים ואחיות מומחים – עדכון תחומי המומחיות,פרסום רשמי של משרד הבריאות באתר gov.il (חוזרים ונהלים). התוכן המלא בקישור המקור.,government_page,,direct,https://www.gov.il/he/departments/policies/nd238-2025
act-publications-health-nd239-2025,health,2025-06-10,ניהול הטיפול התרופתי,פרסום רשמי של משרד הבריאות באתר gov.il (חוזרים ונהלים). התוכן המלא בקישור המקור.,government_page,,direct,https://www.gov.il/he/departments/policies/nd239-2025
act-publications-sec-33-monitoring_west_nile_fever_in_poultry_in_israel,sec-33,2025-06-10,חוזר לרופאים הווטרינרים ברשויות המקומיות בנושא: ניטור קדחת מערב הנילוס בעופות בישראל,פרסום רשמי של משרד החקלאות וביטחון המזון באתר gov.il (נהלים רגולטוריים). התוכן המלא בקישור המקור.,government_page,,direct,https://www.gov.il/he/departments/policies/monitoring_west_nile_fever_in_poultry_in_israel
act-publications-sec-33-work_order_mango_export_eu,sec-33,2025-06-10,הוראת עבודה לבית אריזה האורז מנגו לייצוא לאיחוד האירופי,פרסום רשמי של משרד החקלאות וביטחון המזון באתר gov.il (נהלים רגולטוריים). התוכן המלא בקישור המקור.,government_page,regulation,direct,https://www.gov.il/he/departments/policies/work_order_mango_export_eu
act-publications-sec-4-directive-9-2025,sec-4,2025-06-08,נוהל משך זמן טיפול התביעה בתיקי משמעת,"פרסום רשמי של נציבות שירות המדינה באתר gov.il (חוזרים והוראות מנכ""ל). התוכן המלא בקישור המקור.",government_page,regulation,direct,https://www.gov.il/he/departments/policies/directive-9-2025
act-publications-health-grant-fund-procedures,health,2025-06-05,"נהלי קרן מענקים של לשכת המדען הראשי, מאי 2025",פרסום רשמי של משרד הבריאות באתר gov.il (נהלים והנחיות). התוכן המלא בקישור המקור.,government_page,grants,direct,https://www.gov.il/he/departments/policies/grant-fund-procedures
act-publications-sec-68-extending-permits-for-offices-in-agriculture_25-26,sec-68,2025-06-04,הגשת בקשות להארכת היתרים לשנים 2025-2026 ללשכות פרטיות בעלות היתר לתיווך עובדים זרים בחקלאות,"פרסום רשמי של רשות האוכלוסין וההגירה באתר gov.il (חוזרים והוראות מנכ""ל). התוכן המלא בקישור המקור.",government_page,,direct,https://www.gov.il/he/departments/policies/extending-permits-for-offices-in-agriculture_25-26
act-publications-sec-4-directive-8-2025,sec-4,2025-06-03,נוהל סבסוד קייטנות ומסגרות קיץ לילדי עובדי שירות המדינה 2025,"פרסום רשמי של נציבות שירות המדינה באתר gov.il (חוזרים והוראות מנכ""ל). התוכן המלא בקישור המקור.",government_page,regulation,direct,https://www.gov.il/he/departments/policies/directive-8-2025
act-publications-sec-4-implementation-of-the-psychologists-agreement,sec-4,2025-05-29,"יישום הסכם פסיכולוגים מיום 1.4.2025 - הוראות ביצוע לעניין התפקידים החדשים, פרסומם ואיושם",פרסום רשמי של נציבות שירות המדינה באתר gov.il (נהלים והנחיות). התוכן המלא בקישור המקור.,government_page,regulation,direct,https://www.gov.il/he/departments/policies/implementation-of-the-psychologists-agreement
act-publications-sec-4-dec-committee280525,sec-4,2025-05-28,עדכון החלטה של ועדת המנכלים בנושא הבאת עובדים זרים לענף המסחר והשירותים,פרסום רשמי של משרד ראש הממשלה באתר gov.il (החלטות). התוכן המלא בקישור המקור.,government_page,,direct,https://www.gov.il/he/departments/policies/dec-committee280525
act-publications-sec-68-foreign-nursing-workers-for-patients-living-in-peripheral-areas28525,sec-68,2025-05-28,הנדון: הבהרה בנושא קליטת עובדי סיעוד זרים למטופלים המתגוררים באזורי הפריפריה (אזור 3),פרסום רשמי של רשות האוכלוסין וההגירה באתר gov.il (מידע למעסיקים). התוכן המלא בקישור המקור.,government_page,,direct,https://www.gov.il/he/departments/policies/foreign-nursing-workers-for-patients-living-in-peripheral-areas28525
act-publications-health-110994025,health,2025-05-27,עדכון הנחיה מתאריך 17 ביולי 2022 (סימוכין 652646522) בנושא מזון חדש: ציפת פרי עץ מרולה (Sclerocarya birrea),פרסום רשמי של משרד הבריאות באתר gov.il (נהלים והנחיות). התוכן המלא בקישור המקור.,government_page,,direct,https://www.gov.il/he/departments/policies/110994025
act-publications-sec-34-71201,sec-34,2025-05-27,"החלטה מס' 71201   - אישור העברת אמצעי שליטה ברישיונות דוראד אנרגיה בע""מ",פרסום רשמי של רשות החשמל באתר gov.il (החלטות). התוכן המלא בקישור המקור.,government_page,,direct,https://www.gov.il/he/departments/policies/71201
act-publications-sec-36-youth-trips,sec-36,2025-05-27,נוהל טיולים,פרסום רשמי של משרד העבודה באתר gov.il (נהלים והנחיות). התוכן המלא בקישור המקור.,government_page,regulation,direct,https://www.gov.il/he/departments/policies/youth-trips
act-publications-health-physio-25052025,health,2025-05-25,שירות פיזיותרפיה למתמודדים עם מחלת הסרטן,פרסום רשמי של משרד הבריאות באתר gov.il (חוזרים ונהלים). התוכן המלא בקישור המקור.,government_page,,direct,https://www.gov.il/he/departments/policies/physio-25052025
act-publications-health-planning-maintaining-operating-monitoring-bathing-fountain-water-attractions-guide,health,2025-05-22,"המדריך לתכנון, תחזוקה, הפעלה וניטור מזרקות רחצה (אינטראקטיביות) ושעשועי מים",פרסום רשמי של משרד הבריאות באתר gov.il (נהלים והנחיות). התוכן המלא בקישור המקור.,government_page,,direct,https://www.gov.il/he/departments/policies/planning-maintaining-operating-monitoring-bathing-fountain-water-attractions-guide
act-publications-sec-29-dec3036-2025-moch,sec-29,2025-05-22,"יעדי תכנון, שיווק ועסקאות בתחום הדיור לשנת 2025 ולשנים 2026 עד 2030",פרסום רשמי של משרד הבינוי והשיכון באתר gov.il (החלטות ממשלה). התוכן המלא בקישור המקור.,government_page,,direct,https://www.gov.il/he/departments/policies/dec3036-2025-moch
act-publications-sec-34-71102,sec-34,2025-05-21,החלטה מס' 71102- קביעת עלות מוכרת למתקני אגירה שיוקמו על ידי חברת החשמל,פרסום רשמי של רשות החשמל באתר gov.il (החלטות). התוכן המלא בקישור המקור.,government_page,,direct,https://www.gov.il/he/departments/policies/71102
act-publications-sec-4-guide_line_37,sec-4,2025-05-21,הנחיית נציב מס' 3.7- גמישות תעסוקתית - עבודה מרחוק וביצוע שעות נוספות מרחוק לדירוג פרקליטים,פרסום רשמי של נציבות שירות המדינה באתר gov.il (הנחיות נציב שירות המדינה). התוכן המלא בקישור המקור.,government_page,regulation,direct,https://www.gov.il/he/departments/policies/guide_line_37
act-publications-sec-68-applications-permits-foreign-workers-in-nursing-institutions-20525,sec-68,2025-05-21,פתיחת מועד להגשת בקשות להיתרים להעסקת עובדים זרים ככוח עזר במוסדות סיעוד ברישוי משרד הבריאות 20.5.2025,פרסום רשמי של רשות האוכלוסין וההגירה באתר gov.il (חוזרים ונהלים). התוכן המלא בקישור המקור.,government_page,regulation,direct,https://www.gov.il/he/departments/policies/applications-permits-foreign-workers-in-nursing-institutions-20525
act-publications-sec-33-baits_containing_para_amino_propiophenon_2025e,sec-33,2025-05-20,שימוש בפתיונות Dogabait המכילים פארא–אמינו–פרופיו-פנון,פרסום רשמי של משרד החקלאות וביטחון המזון באתר gov.il (נהלים רגולטוריים). התוכן המלא בקישור המקור.,government_page,,direct,https://www.gov.il/he/departments/policies/baits_containing_para_amino_propiophenon_2025e
act-publications-sec-34-71001,sec-34,2025-05-20,"החלטה מס' 71001- מתן רישיון ייצור חשמל לתחנת כוח בטכנולוגיה קונבנציונלית לאתגל תחנות כוח, שותפות מוגבלת",פרסום רשמי של רשות החשמל באתר gov.il (החלטות). התוכן המלא בקישור המקור.,government_page,regulation,direct,https://www.gov.il/he/departments/policies/71001
act-publications-sec-34-71101,sec-34,2025-05-20,החלטה מס' 71101 – אסדרת שוק בילטרלית למתקני ייצור ואגירה המחוברים או המשולבים ברשת ההולכה,פרסום רשמי של רשות החשמל באתר gov.il (החלטות). התוכן המלא בקישור המקור.,government_page,regulation,direct,https://www.gov.il/he/departments/policies/71101
act-publications-sec-7-news21525,sec-7,2025-05-20,"הוראת שעה לפקודת נציבות 04.40.00 - ""חופשות אסירים"" (חופשה מיוחדת ""חרבות ברזל"") - הארכה מס' 3",פרסום רשמי של שירות בתי הסוהר באתר gov.il (פקודות והוראות). התוכן המלא בקישור המקור.,government_page,,direct,https://www.gov.il/he/departments/policies/news21525
act-publications-sec-34-71005,sec-34,2025-05-19,החלטה מס'  71005– תיקון מועדי הקצאת הספק להסדר בילטרלי באסדרה 914,פרסום רשמי של רשות החשמל באתר gov.il (החלטות). התוכן המלא בקישור המקור.,government_page,procurement,direct,https://www.gov.il/he/departments/policies/71005
act-publications-sec-34-solar-roofs-180525,sec-34,2025-05-19,עקרונות מדיניות – קביעת יעד להקמת מתקנים סולאריים על גגות  מבני מגורים עד שנת 2030,פרסום רשמי של משרד האנרגיה והתשתיות באתר gov.il (מסמכי מדיניות). התוכן המלא בקישור המקור.,government_page,,direct,https://www.gov.il/he/departments/policies/solar-roofs-180525
act-publications-health-application-approval-theoretical-training-pharmacy-technician,health,2025-05-18,בקשה לאישור הכשרה עיונית לטכנאי בית מרקחת,פרסום רשמי של משרד הבריאות באתר gov.il (נהלים והנחיות). התוכן המלא בקישור המקור.,government_page,,direct,https://www.gov.il/he/departments/policies/application-approval-theoretical-training-pharmacy-technician
act-publications-sec-34-71003,sec-34,2025-05-18,החלטה 71003 – עמדת רשות החשמל  במסגרת חובת התייעצות טרם גיבוש עקרונות מדיניות לעניין קביעת יעד לייצור חשמל בטכנולוגיה פוטו-וולטאית ואגירה על גגות מבנה מגורים לשנת 2030,פרסום רשמי של רשות החשמל באתר gov.il (החלטות). התוכן המלא בקישור המקור.,government_page,regulation,direct,https://www.gov.il/he/departments/policies/71003
act-publications-sec-34-71004,sec-34,2025-05-18,החלטה 71004 – עדכון האסדרה למתקני יצור חשמל בטכנולוגיה פוטו-וולטאית  לצריכה עצמית והעברת עודפים לרשת – הוספת מסלולי תעריף,פרסום רשמי של רשות החשמל באתר gov.il (החלטות). התוכן המלא בקישור המקור.,government_page,regulation,direct,https://www.gov.il/he/departments/policies/71004
act-publications-sec-68-980002,sec-68,2025-05-18,נוהל ניסיוני לניוד עובדים זרים בין מעסיקים בעלי היתרי העסקה בענף המלונאות,פרסום רשמי של רשות האוכלוסין וההגירה באתר gov.il (נהלים והנחיות). התוכן המלא בקישור המקור.,government_page,regulation,direct,https://www.gov.il/he/departments/policies/980002
act-publications-sec-34-71002,sec-34,2025-05-15,"החלטה מס' 71002   - אישור העברת שליטה ברישיון הייצור  של אנרג'יקס נאות חובב בע""מ",פרסום רשמי של רשות החשמל באתר gov.il (החלטות). התוכן המלא בקישור המקור.,government_page,regulation,direct,https://www.gov.il/he/departments/policies/71002
act-publications-health-fcs-183088425,health,2025-05-14,הנחיה בנושא מזון חדש: calcium-L-methylfolate,פרסום רשמי של משרד הבריאות באתר gov.il (נהלים והנחיות). התוכן המלא בקישור המקור.,government_page,,direct,https://www.gov.il/he/departments/policies/fcs-183088425
act-publications-health-fcs-183119425,health,2025-05-14,הנחיה בנושא מזון חדש: ferric sodium EDTA,פרסום רשמי של משרד הבריאות באתר gov.il (נהלים והנחיות). התוכן המלא בקישור המקור.,government_page,,direct,https://www.gov.il/he/departments/policies/fcs-183119425
act-publications-health-fcs-183126225,health,2025-05-14,הנחיה בנושא מזון חדש: ferrous ammonium phosphate,פרסום רשמי של משרד הבריאות באתר gov.il (נהלים והנחיות). התוכן המלא בקישור המקור.,government_page,,direct,https://www.gov.il/he/departments/policies/fcs-183126225
act-publications-health-fcs-183229825,health,2025-05-14,הנחיה בנושא מזון חדש: iron milk caseinate,פרסום רשמי של משרד הבריאות באתר gov.il (נהלים והנחיות). התוכן המלא בקישור המקור.,government_page,,direct,https://www.gov.il/he/departments/policies/fcs-183229825
act-publications-health-fcs-183236925,health,2025-05-14,לא בתוקף  - הנחיה בנושא מזון חדש: menaquinone) Vitamin K2),פרסום רשמי של משרד הבריאות באתר gov.il (נהלים והנחיות). התוכן המלא בקישור המקור.,government_page,,direct,https://www.gov.il/he/departments/policies/fcs-183236925
act-publications-health-fcs-83107125,health,2025-05-14,הנחיה בנושא מזון חדש: מיצוי המכיל EGCG מעלי תה ירוק (Camellia sinensis),פרסום רשמי של משרד הבריאות באתר gov.il (נהלים והנחיות). התוכן המלא בקישור המקור.,government_page,regulation,direct,https://www.gov.il/he/departments/policies/fcs-83107125
act-publications-health-mk-14052025,health,2025-05-14,"הוראת שעה – מתן רשות לפרמדיקים וחובשים למתן חיסון נגד חצבת, לפי סעיף 59 (ג) לפקודת הרופאים [נוסח חדש], התשל""ז 1976",פרסום רשמי של משרד הבריאות באתר gov.il (חוזרים ונהלים). התוכן המלא בקישור המקור.,government_page,health,direct,https://www.gov.il/he/departments/policies/mk-14052025
act-publications-environment-scrap-metal,environment,2025-05-13,נוהל בדיקת רמת קרינה מייננת מגרוטאות מתכת לצורך ייצוא,פרסום רשמי של המשרד להגנת הסביבה באתר gov.il (נהלים והנחיות). התוכן המלא בקישור המקור.,government_page,regulation,direct,https://www.gov.il/he/departments/policies/scrap-metal
act-publications-environment-wind,environment,2025-05-13,הנחיות לבדיקת רוחות באמצעות מודל ממוחשב,פרסום רשמי של המשרד להגנת הסביבה באתר gov.il (נהלים והנחיות). התוכן המלא בקישור המקור.,government_page,,direct,https://www.gov.il/he/departments/policies/wind
act-publications-sec-23-molsa-executive-circulars-004-2025,sec-23,2025-05-13,השמה במסגרות דיור של מינהל מוגבלויות,"פרסום רשמי של משרד הרווחה והביטחון החברתי באתר gov.il (חוזרים והוראות מנכ""ל). התוכן המלא בקישור המקור.",government_page,,direct,https://www.gov.il/he/departments/policies/molsa-executive-circulars-004-2025
act-publications-sec-4-south-area071023,sec-4,2025-05-13,מתווה שיקום ופיתוח לאזורים בדרום שנפגעו במתקפת השבעה באוקטובר 2023,פרסום רשמי של משרד ראש הממשלה באתר gov.il (החלטות). התוכן המלא בקישור המקור.,government_page,,direct,https://www.gov.il/he/departments/policies/south-area071023
act-publications-sec-4-para-collectiveagreement-22042025,sec-4,2025-05-11,הסכם מקצועות הבריאות- מדינה ועירוניים מיום 22.4.25,פרסום רשמי של נציבות שירות המדינה באתר gov.il (הסכמים). התוכן המלא בקישור המקור.,government_page,regulation,direct,https://www.gov.il/he/departments/policies/para-collectiveagreement-22042025
act-publications-sec-4-psychologists-collectiveagreement-01042025,sec-4,2025-05-11,הסכם קיבוצי פסיכולוגים מיום 01/04/2025,פרסום רשמי של נציבות שירות המדינה באתר gov.il (הסכמים). התוכן המלא בקישור המקור.,government_page,,direct,https://www.gov.il/he/departments/policies/psychologists-collectiveagreement-01042025
act-publications-sec-23-molsa-precedures-14-004-05,sec-23,2025-05-08,כלי אכיפה על מסגרות והשימוש בהם על ידי בעלי התפקידים במחוז ובמטה,פרסום רשמי של משרד הרווחה והביטחון החברתי באתר gov.il (נהלים כלליים). התוכן המלא בקישור המקור.,government_page,regulation,direct,https://www.gov.il/he/departments/policies/molsa-precedures-14-004-05
act-publications-sec-7-news11525,sec-7,2025-05-08,הוראת שעה: צמצום פעילויות שגרה בעת מלחמה - הארכה מס' 29,פרסום רשמי של שירות בתי הסוהר באתר gov.il (פקודות והוראות). התוכן המלא בקישור המקור.,government_page,emergency; regulation,direct,https://www.gov.il/he/departments/policies/news11525
act-publications-economy-advance-notice-agudot,economy,2025-05-07,הודעה מקדימה לפני הטלת קנס מינהלי לאגודות שיתופיות שאינן מקיימות את חובותיהן החוקיות,פרסום רשמי של משרד הכלכלה והתעשייה באתר gov.il (נהלים והנחיות). התוכן המלא בקישור המקור.,government_page,,direct,https://www.gov.il/he/departments/policies/advance-notice-agudot
act-publications-sec-5-regulation_cmisa_13,sec-5,2025-05-07,חישוב ניכוי בתקופת הפריסה במשטר כושר פירעון כלכלי תחת תקן חשבונאות בינלאומי IFRS17,"פרסום רשמי של רשות שוק ההון, ביטוח וחיסכון באתר gov.il (נהלים והנחיות). התוכן המלא בקישור המקור.",government_page,workforce,direct,https://www.gov.il/he/departments/policies/regulation_cmisa_13
act-publications-sec-5-regulation_cmisa_14,sec-5,2025-05-07,"העברת נתונים לחברת ""נס פייר ווליו"" בע""מ","פרסום רשמי של רשות שוק ההון, ביטוח וחיסכון באתר gov.il (נהלים והנחיות). התוכן המלא בקישור המקור.",government_page,,direct,https://www.gov.il/he/departments/policies/regulation_cmisa_14
act-publications-health-mr02-2025,health,2025-05-06,מלאי מרכיבי דם בשגרה ובחירום,פרסום רשמי של משרד הבריאות באתר gov.il (חוזרים ונהלים). התוכן המלא בקישור המקור.,government_page,emergency,direct,https://www.gov.il/he/departments/policies/mr02-2025
act-publications-health-mr03-2025,health,2025-05-06,הדרכת מלווה אישי בביצוע פעולות טיפוליות,פרסום רשמי של משרד הבריאות באתר gov.il (חוזרים ונהלים). התוכן המלא בקישור המקור.,government_page,regulation,direct,https://www.gov.il/he/departments/policies/mr03-2025
act-publications-health-mr04-2025,health,2025-05-06,מרפאות פצע קשה ריפוי,פרסום רשמי של משרד הבריאות באתר gov.il (חוזרים ונהלים). התוכן המלא בקישור המקור.,government_page,,direct,https://www.gov.il/he/departments/policies/mr04-2025
act-publications-sec-4-directive-7-2025,sec-4,2025-05-06,הכנסים השנתיים של לשכת עורכי הדין ושל לשכת רואי החשבון באילת 2025,"פרסום רשמי של נציבות שירות המדינה באתר gov.il (חוזרים והוראות מנכ""ל). התוכן המלא בקישור המקור.",government_page,,direct,https://www.gov.il/he/departments/policies/directive-7-2025
act-publications-sec-5-procedures-060525-1,sec-5,2025-05-06,נייר עמדה מקצועי מספר 03/2025 – רשות המיסים בתחום: מס הכנסה. בנושא: אי תחולת הוראות סעיף 8ב לפקודה על הכנסות מראש המהוות הכנסה מעסק לפי סעיף 2(1) לפקודה בידי הנישום,פרסום רשמי של רשות המסים בישראל באתר gov.il (ניירות עמדה). התוכן המלא בקישור המקור.,government_page,regulation,direct,https://www.gov.il/he/departments/policies/procedures-060525-1
act-publications-sec-34-70702,sec-34,2025-05-05,החלטה מס' 70702 – מתן רישיון מס' 00745624 לפארק סולארי גילת סאן שותפות מוגבלת,פרסום רשמי של רשות החשמל באתר gov.il (החלטות). התוכן המלא בקישור המקור.,government_page,,direct,https://www.gov.il/he/departments/policies/70702
act-publications-sec-6-anchoring_easements,sec-6,2025-05-05,הנחיות לתכניות נושאיות לעיגון הקלות,פרסום רשמי של מינהל התכנון באתר gov.il (נהלים רגולטוריים). התוכן המלא בקישור המקור.,government_page,,direct,https://www.gov.il/he/departments/policies/anchoring_easements
act-publications-sec-7-news6525,sec-7,2025-05-05,הוראת שעה לפקודת נציבות 04.13.00 - דין משמעתי לאסירים - הארכה מס' 4,פרסום רשמי של שירות בתי הסוהר באתר gov.il (פקודות והוראות). התוכן המלא בקישור המקור.,government_page,,direct,https://www.gov.il/he/departments/policies/news6525
act-publications-sec-68-applications-permits-foreign-workers-in-nursing-institutions-30425,sec-68,2025-04-30,פתיחת מועד להגשת בקשות להיתרים להעסקת עובדים זרים ככוח עזר במוסדות סיעוד ברישוי משרד הבריאות,פרסום רשמי של רשות האוכלוסין וההגירה באתר gov.il (חוזרים ונהלים). התוכן המלא בקישור המקור.,government_page,regulation,direct,https://www.gov.il/he/departments/policies/applications-permits-foreign-workers-in-nursing-institutions-30425
act-publications-sec-68-non_enforcement_nursing29425,sec-68,2025-04-30,עדכון בנושא מדיניות אי אכיפה ביחס לעובדי סיעוד שבקשה להסדרת העסקתם מטעמים הומניטאריים נדחתה,פרסום רשמי של רשות האוכלוסין וההגירה באתר gov.il (מידע למעסיקים). התוכן המלא בקישור המקור.,government_page,regulation,direct,https://www.gov.il/he/departments/policies/non_enforcement_nursing29425
act-publications-sec-23-molsa-executive-circulars-003-2025,sec-23,2025-04-29,הסכמת הורים בכל הנוגע לקשר וטיפול בנער שקיים חשש שהוא בסיכון,"פרסום רשמי של משרד הרווחה והביטחון החברתי באתר gov.il (חוזרים והוראות מנכ""ל). התוכן המלא בקישור המקור.",government_page,,direct,https://www.gov.il/he/departments/policies/molsa-executive-circulars-003-2025
act-publications-sec-23-molsa-precedures-14-004,sec-23,2025-04-29,כלי אכיפה על מסגרות והשימוש בהם על ידי בעלי התפקידים במחוז ובמטה,פרסום רשמי של משרד הרווחה והביטחון החברתי באתר gov.il (נהלים כלליים). התוכן המלא בקישור המקור.,government_page,regulation,direct,https://www.gov.il/he/departments/policies/molsa-precedures-14-004
act-publications-sec-34-70902,sec-34,2025-04-29,"החלטה מס' 70902 - החלטת  רשות החשמל להמליץ לשר האנרגיה והתשתיות לתקן את תקנות משק החשמל (תנאים ונהלים למתן רישיון וחובות בעל רישיון), תשנ""ח-1997, תקנות משק החשמל (קוגנרציה), תשס""ה- 2004 ותקנות משק החשמל (יצרן חשמל פרטי קונבנציונלי), תשס""ה-2005",פרסום רשמי של רשות החשמל באתר gov.il (החלטות). התוכן המלא בקישור המקור.,government_page,regulation; workforce,direct,https://www.gov.il/he/departments/policies/70902
act-publications-sec-34-70903,sec-34,2025-04-29,"החלטה מס' 70903 - החלטת רשות החשמל להמליץ לשר האנרגיה והתשתיות לתקן את התוספת השנייה לתקנות משק החשמל (תנאים ונהלים למתן רשיון וחובות בעל רשיון), תשנ""ח-1997",פרסום רשמי של רשות החשמל באתר gov.il (החלטות). התוכן המלא בקישור המקור.,government_page,regulation; workforce,direct,https://www.gov.il/he/departments/policies/70903
act-publications-sec-34-70904,sec-34,2025-04-29,החלטה מס' 70904- תיקון אמת מידה 35א- פריסת תשלומים,פרסום רשמי של רשות החשמל באתר gov.il (החלטות). התוכן המלא בקישור המקור.,government_page,,direct,https://www.gov.il/he/departments/policies/70904
act-publications-sec-4-dec290425,sec-4,2025-04-29,עדכון החלטה של ועדת המנכלים בעניין הבאה פרטית בענף התעשייה,פרסום רשמי של משרד ראש הממשלה באתר gov.il (החלטות). התוכן המלא בקישור המקור.,government_page,,direct,https://www.gov.il/he/departments/policies/dec290425
act-publications-sec-23-molsa-yated-rent-help-2025,sec-23,2025-04-28,הנחיות בדבר נוהל בקשה לסיוע בשכר דירה עבור צעיר או צעירה במצבי סיכון משרד הרווחה והביטחון החברת ומשרד השיכון - מאי 2025,פרסום רשמי של משרד הרווחה והביטחון החברתי באתר gov.il (נהלים כלליים). התוכן המלא בקישור המקור.,government_page,regulation,direct,https://www.gov.il/he/departments/policies/molsa-yated-rent-help-2025
act-publications-sec-34-70901,sec-34,2025-04-28,"החלטה מס 70901 - ביטול רישיונות מותנים לזודיאק חוות רוח מערבית בע""מ, וזודיאק לפידות ש.מ",פרסום רשמי של רשות החשמל באתר gov.il (החלטות). התוכן המלא בקישור המקור.,government_page,,direct,https://www.gov.il/he/departments/policies/70901
act-publications-sec-37-hozer-mankal--032025,sec-37,2025-04-28,"חוזר מנכ""ל 03/2025: פיתוח תשתיות תיירותיות ציבוריות","פרסום רשמי של משרד התיירות באתר gov.il (חוזרים והוראות מנכ""ל). התוכן המלא בקישור המקור.",government_page,regulation,direct,https://www.gov.il/he/departments/policies/hozer-mankal--032025
act-publications-sec-68-notice-foreign-workers-employers-rest28425,sec-68,2025-04-28,הודעה למעסיקים בענף המסעדות,פרסום רשמי של רשות האוכלוסין וההגירה באתר gov.il (מידע למעסיקים). התוכן המלא בקישור המקור.,government_page,,direct,https://www.gov.il/he/departments/policies/notice-foreign-workers-employers-rest28425
act-publications-sec-68-temporary-easements-arrangement-for-moving-workers-between-hotels27425,sec-68,2025-04-28,הארכת הקלות בעניין הסדר זמני לניוד עובדים זרים בין בתי מלון,פרסום רשמי של רשות האוכלוסין וההגירה באתר gov.il (חוזרים ונהלים). התוכן המלא בקישור המקור.,government_page,,direct,https://www.gov.il/he/departments/policies/temporary-easements-arrangement-for-moving-workers-between-hotels27425
act-publications-health-mtl-residential-care-home,health,2025-04-27,קהילה משקמת,פרסום רשמי של משרד הבריאות באתר gov.il (חוזרים ונהלים). התוכן המלא בקישור המקור.,government_page,,direct,https://www.gov.il/he/departments/policies/mtl-residential-care-home
act-publications-health-nd236-2025,health,2025-04-27,הגישה הטיפולית במטופל מונשם אקוטי וכרוני בכל הגילאים על ידי אחים ואחיות מוסמכים במערך האשפוז ובקהילה,פרסום רשמי של משרד הבריאות באתר gov.il (חוזרים ונהלים). התוכן המלא בקישור המקור.,government_page,,direct,https://www.gov.il/he/departments/policies/nd236-2025
act-publications-sec-23-molsa-people-with-disabilities-procedure-5-7-supplementary-instructions-27042025,sec-23,2025-04-27,"נוהל הנחיות משלימות להנחיות הקבועות בתע""ס 5.7 לצורך קבלת החזר עבור אביזרי עזר לתקשורת",פרסום רשמי של משרד הרווחה והביטחון החברתי באתר gov.il (נהלים והנחיות). התוכן המלא בקישור המקור.,government_page,regulation,direct,https://www.gov.il/he/departments/policies/molsa-people-with-disabilities-procedure-5-7-supplementary-instructions-27042025
act-publications-sec-7-news2704,sec-7,2025-04-27,הוראת שעה האצלת סמכויות מסוימות הנתונות לסגן הנציב,פרסום רשמי של שירות בתי הסוהר באתר gov.il (פקודות והוראות). התוכן המלא בקישור המקור.,government_page,,direct,https://www.gov.il/he/departments/policies/news2704
act-publications-health-dphn-032025,health,2025-04-23,נוהל בקרה בשירות מונע לפרט בתחנות טיפת חלב,פרסום רשמי של משרד הבריאות באתר gov.il (נהלים והנחיות). התוכן המלא בקישור המקור.,government_page,regulation,direct,https://www.gov.il/he/departments/policies/dphn-032025
act-publications-sec-33-kinneret_seasonal_fishing_restrictions2025,sec-33,2025-04-23,הודעה בדבר תקופת הקינון וההטלה בים כנרת לשנת 2025 והודעה בדבר גודל שטח חוף מגדל גינוסר,פרסום רשמי של משרד החקלאות וביטחון המזון באתר gov.il (נהלים רגולטוריים). התוכן המלא בקישור המקור.,government_page,,direct,https://www.gov.il/he/departments/policies/kinneret_seasonal_fishing_restrictions2025
act-publications-sec-6-regulation-22-4-25,sec-6,2025-04-23,נוהל לבחינת מידע פלילי של מועמד לתפקיד נציג הרשויות המקומיות במועצת הקרן להרחבת ההשקעה בתושב ולהגדלת היצע הדיור,פרסום רשמי של משרד הפנים באתר gov.il (נהלים והנחיות). התוכן המלא בקישור המקור.,government_page,regulation,direct,https://www.gov.il/he/departments/policies/regulation-22-4-25
act-publications-health-fcs-149512925,health,2025-04-22,"חרבות ברזל - הוראת מנהל שירות המזון לבדיקות יזומות מיוחדות של מזון מיובא לפי סעיף 86(ב)(2) לחוק הגנה על בריאות הציבור (מזון), התשע""ו - 2015",פרסום רשמי של משרד הבריאות באתר gov.il (נהלים והנחיות). התוכן המלא בקישור המקור.,government_page,health,direct,https://www.gov.il/he/departments/policies/fcs-149512925
act-publications-health-tm-150029925,health,2025-04-22,עדכון סימון פורמלדהיד (formaldehyde) והבהרה בדבר הארכה מנהלית,פרסום רשמי של משרד הבריאות באתר gov.il (נהלים והנחיות). התוכן המלא בקישור המקור.,government_page,,direct,https://www.gov.il/he/departments/policies/tm-150029925
act-publications-sec-19-ishursratim2142025,sec-19,2025-04-22,אישור סרטים - פרוטוקול מישיבת המליאה שהתקיימה ביום שני  21.4.25,פרסום רשמי של משרד התרבות והספורט באתר gov.il (מסמכי מדיניות). התוכן המלא בקישור המקור.,government_page,,direct,https://www.gov.il/he/departments/policies/ishursratim2142025
act-publications-sec-19-sratim2142025,sec-19,2025-04-22,אישור סרטים 21.4.2025,פרסום רשמי של משרד התרבות והספורט באתר gov.il (מסמכי מדיניות). התוכן המלא בקישור המקור.,government_page,,direct,https://www.gov.il/he/departments/policies/sratim2142025
act-publications-health-epi-134902525,health,2025-04-21,"המלצות לחיסונים ולהתנהגות בריאות לעולי הרגל למכה (החאג'), ערב הסעודית - יוני 2025",פרסום רשמי של משרד הבריאות באתר gov.il (נהלים והנחיות). התוכן המלא בקישור המקור.,government_page,regulation,direct,https://www.gov.il/he/departments/policies/epi-134902525
act-publications-sec-4-dec-charter210425,sec-4,2025-04-21,החלטה של ועדת המנכלים בנושא עדכון שכר עובדים זרים מומחים,פרסום רשמי של משרד ראש הממשלה באתר gov.il (החלטות). התוכן המלא בקישור המקור.,government_page,,direct,https://www.gov.il/he/departments/policies/dec-charter210425
act-publications-sec-4-dec-discussion210425,sec-4,2025-04-21,דיון מעקב בנושא הבאת עובדים זרים לתת ענף תשתיות תחבורה,פרסום רשמי של משרד ראש הממשלה באתר gov.il (החלטות). התוכן המלא בקישור המקור.,government_page,,direct,https://www.gov.il/he/departments/policies/dec-discussion210425
act-publications-sec-4-dec-updating210425,sec-4,2025-04-21,עדכון החלטה של ועדת המנכלים לעניין עובדים זרים על הקצאת מכסה למוסדות בפיקוח משרד הבריאות,פרסום רשמי של משרד ראש הממשלה באתר gov.il (החלטות). התוכן המלא בקישור המקור.,government_page,,direct,https://www.gov.il/he/departments/policies/dec-updating210425
act-publications-sec-68-increasing-enforcement-ban-on-employing-jordanian-workers-outside-eilat,sec-68,2025-04-21,הגברת אכיפת האיסור על העסקת עובדים ירדנים מחוץ לאזור אילת בכל הענפים,פרסום רשמי של רשות האוכלוסין וההגירה באתר gov.il (חוזרים ונהלים). התוכן המלא בקישור המקור.,government_page,,direct,https://www.gov.il/he/departments/policies/increasing-enforcement-ban-on-employing-jordanian-workers-outside-eilat
act-publications-sec-7-news2104,sec-7,2025-04-21,הוראת שעה בנושא קנטינה מקוונת למשפחות אסירים ועצורים פליליים הארכה - מס' 2,פרסום רשמי של שירות בתי הסוהר באתר gov.il (נהלים והנחיות). התוכן המלא בקישור המקור.,government_page,regulation,direct,https://www.gov.il/he/departments/policies/news2104
act-publications-sec-4-doctorssubjectscoordinator2025,sec-4,2025-04-20,"רופאים מרכזי תחומים - הוראות ביצוע לעניין אופן קביעת התפקידים, פרסום, איוש וקידום",פרסום רשמי של נציבות שירות המדינה באתר gov.il (נהלים והנחיות). התוכן המלא בקישור המקור.,government_page,regulation,direct,https://www.gov.il/he/departments/policies/doctorssubjectscoordinator2025
act-publications-sec-5-vat-200425,sec-5,2025-04-20,הסדרי תשלומים במשרדי מע''מ באמצעות הרשאה לחיוב חשבון,פרסום רשמי של רשות המסים בישראל באתר gov.il (חוזרים ונהלים). התוכן המלא בקישור המקור.,government_page,,direct,https://www.gov.il/he/departments/policies/vat-200425
act-publications-sec-34-electricity-100425,sec-34,2025-04-10,"הארכת ""תקופת הביניים"" ביחס ליחידות ייצור חשמל 1-4 בתחנת הכוח אורות רבין",פרסום רשמי של משרד האנרגיה והתשתיות באתר gov.il (מסמכי מדיניות). התוכן המלא בקישור המקור.,government_page,regulation,direct,https://www.gov.il/he/departments/policies/electricity-100425
act-publications-sec-37-hozer-mankal-022025,sec-37,2025-04-10,"חוזר מנכ""ל 02/2025: מבחנים לתמיכה בפעולות השיווק לאירועים תיירותיים לשנת 2025","פרסום רשמי של משרד התיירות באתר gov.il (חוזרים והוראות מנכ""ל). התוכן המלא בקישור המקור.",government_page,grants; regulation,direct,https://www.gov.il/he/departments/policies/hozer-mankal-022025
act-publications-sec-68-update_minimun_apr25,sec-68,2025-04-10,עדכון העלאת שכר המינימום במשק החל מחודש אפריל 2025,פרסום רשמי של רשות האוכלוסין וההגירה באתר gov.il (חוזרים ונהלים). התוכן המלא בקישור המקור.,government_page,,direct,https://www.gov.il/he/departments/policies/update_minimun_apr25
act-publications-sec-33-brucellosis_in_sheep_and_cattle_herds,sec-33,2025-04-09,נוהל פיקוח וניטור מחלת הברוצלה,פרסום רשמי של משרד החקלאות וביטחון המזון באתר gov.il (נהלים והנחיות). התוכן המלא בקישור המקור.,government_page,regulation,direct,https://www.gov.il/he/departments/policies/brucellosis_in_sheep_and_cattle_herds
act-publications-sec-33-public_of_breeders_and_veterinarians,sec-33,2025-04-09,"השירותים הווטרינריים בשדה יעברו לפעילות פיקוח בלבד – חיסון, סימון ודיגום בעלי חיים באחריות המגדלים החל מ-16.04.2025",פרסום רשמי של משרד החקלאות וביטחון המזון באתר gov.il (נהלים והנחיות). התוכן המלא בקישור המקור.,government_page,health,direct,https://www.gov.il/he/departments/policies/public_of_breeders_and_veterinarians
act-publications-sec-33-vaccination_procedure_by_breeders,sec-33,2025-04-09,"נוהל חיסוני חובה לבעלי חיים – פיקוח, ביצוע ואכיפה",פרסום רשמי של משרד החקלאות וביטחון המזון באתר gov.il (נהלים והנחיות). התוכן המלא בקישור המקור.,government_page,regulation,direct,https://www.gov.il/he/departments/policies/vaccination_procedure_by_breeders
act-publications-sec-33-veterinary_services_system,sec-33,2025-04-09,נוהל פיקוח השירותים הווטרינריים בשדה,פרסום רשמי של משרד החקלאות וביטחון המזון באתר gov.il (נהלים והנחיות). התוכן המלא בקישור המקור.,government_page,regulation,direct,https://www.gov.il/he/departments/policies/veterinary_services_system
act-publications-sec-4-doctors-collective-agreement-25112012,sec-4,2025-04-09,הסכם קיבוצי רופאים מיום 25.11.2012 - הרחבת בסיס השכר הפנסיוני,פרסום רשמי של נציבות שירות המדינה באתר gov.il (הסכמים). התוכן המלא בקישור המקור.,government_page,,direct,https://www.gov.il/he/departments/policies/doctors-collective-agreement-25112012
act-publications-sec-4-doctors-collective-agreement-31032025,sec-4,2025-04-09,הסכם רופאים מיום 31.03.25,פרסום רשמי של נציבות שירות המדינה באתר gov.il (הסכמים). התוכן המלא בקישור המקור.,government_page,,direct,https://www.gov.il/he/departments/policies/doctors-collective-agreement-31032025
act-publications-sec-5-professional-directives-090425,sec-5,2025-04-09,חוזר מס הכנסה מספר 05/2025- רשות המסים בנושא: פרק שביעי 1 לחוק עידוד השקעות הון - הטבות במס לגבי בניינים לשכירות מוסדית,פרסום רשמי של רשות המסים בישראל באתר gov.il (חוזרים ונהלים). התוכן המלא בקישור המקור.,government_page,,direct,https://www.gov.il/he/departments/policies/professional-directives-090425
act-publications-sec-36-procedure-criminal-information,sec-36,2025-04-08,נוהל קבלת מידע פלילי – משרד העבודה,פרסום רשמי של משרד העבודה באתר gov.il (נהלים והנחיות). התוכן המלא בקישור המקור.,government_page,regulation,direct,https://www.gov.il/he/departments/policies/procedure-criminal-information
act-publications-sec-4-inddec080425,sec-4,2025-04-08,עדכון החלטה של ועדת המנכלים בעניים הקצאת מכסה בענף התעשייה,פרסום רשמי של משרד ראש הממשלה באתר gov.il (החלטות). התוכן המלא בקישור המקור.,government_page,,direct,https://www.gov.il/he/departments/policies/inddec080425
act-publications-sec-4-tradedec080425,sec-4,2025-04-08,החלטה של ועדת המנכלים בנושא עדכון המכסה להבאת עובדים זרים לענף המסחר והשירותים,פרסום רשמי של משרד ראש הממשלה באתר gov.il (החלטות). התוכן המלא בקישור המקור.,government_page,,direct,https://www.gov.il/he/departments/policies/tradedec080425
act-publications-sec-68-b1-extension-foreign-workers-construction-industry-8425,sec-68,2025-04-08,הארכת רישיונות העבודה (ב/ 1) לעובדים זרים בענף הבניין לתקופה נוספת מעל 63 חודשים,פרסום רשמי של רשות האוכלוסין וההגירה באתר gov.il (חוזרים ונהלים). התוכן המלא בקישור המקור.,government_page,,direct,https://www.gov.il/he/departments/policies/b1-extension-foreign-workers-construction-industry-8425
act-publications-sec-68-exemption-permit-fees-foreign-workers-construction-industry1425,sec-68,2025-04-08,עדכונים בנוגע לפטור מדמי היתר עבור עובדים זרים בענף הבניין,פרסום רשמי של רשות האוכלוסין וההגירה באתר gov.il (מידע למעסיקים). התוכן המלא בקישור המקור.,government_page,,direct,https://www.gov.il/he/departments/policies/exemption-permit-fees-foreign-workers-construction-industry1425
act-publications-sec-23-molsa-precedures-66-001,sec-23,2025-04-07,בדיקות רישום פלילי לעובדים המועסקים במסגרות חוץ ביתיות,פרסום רשמי של משרד הרווחה והביטחון החברתי באתר gov.il (נהלים והנחיות). התוכן המלא בקישור המקור.,government_page,,direct,https://www.gov.il/he/departments/policies/molsa-precedures-66-001
act-publications-sec-4-dec070425,sec-4,2025-04-07,החלטה של ועדת המנכלים בנושא עדכון המכסה להבאת עובדים זרים לענף המסחר והשירותים,פרסום רשמי של משרד ראש הממשלה באתר gov.il (החלטות). התוכן המלא בקישור המקור.,government_page,,direct,https://www.gov.il/he/departments/policies/dec070425
act-publications-sec-5-professional-directives-070425,sec-5,2025-04-07,חוזר מס הכנסה מספר 04/2025 - רשות המסים בנושא: פרק שביעי 1 לחוק עידוד השקעות הון - הטבות במס לגבי בניינים להשכרה,פרסום רשמי של רשות המסים בישראל באתר gov.il (חוזרים ונהלים). התוכן המלא בקישור המקור.,government_page,,direct,https://www.gov.il/he/departments/policies/professional-directives-070425
act-publications-sec-7-news7425,sec-7,2025-04-07,הוראת שעה לפקודת נציבות 03.22.00 - הליך התאמה תעסיקתית לתפקיד - הארכה מס' 1,פרסום רשמי של שירות בתי הסוהר באתר gov.il (פקודות והוראות). התוכן המלא בקישור המקור.,government_page,,direct,https://www.gov.il/he/departments/policies/news7425
act-publications-sec-7-news9425,sec-7,2025-04-07,הוראת שעה: צמצום פעילויות שגרה בעת מלחמה - הארכה מס' 28,פרסום רשמי של שירות בתי הסוהר באתר gov.il (פקודות והוראות). התוכן המלא בקישור המקור.,government_page,emergency; regulation,direct,https://www.gov.il/he/departments/policies/news9425
act-publications-health-mch-115136725,health,2025-04-06,"הבהרות באשר המלצת משרד הבריאות בנוגע הנקה, חשיפה לתמ""ל ומניעת אלרגיות",פרסום רשמי של משרד הבריאות באתר gov.il (נהלים והנחיות). התוכן המלא בקישור המקור.,government_page,,direct,https://www.gov.il/he/departments/policies/mch-115136725
act-publications-sec-34-70802,sec-34,2025-04-06,"החלטה מס' 70802- מתן רישיון מותנה מס' 00850524 להקמת תחנת כוח בטכנולוגיה קונבנציונלית לחברת דליה אנרגיות הרחבה בע""מ",פרסום רשמי של רשות החשמל באתר gov.il (החלטות). התוכן המלא בקישור המקור.,government_page,,direct,https://www.gov.il/he/departments/policies/70802
act-publications-sec-37-hozer-mankal-012025,sec-37,2025-04-03,"חוזר מנכ""ל 01/2025: מבחן תמיכה לשיקום מתקני אכסון שקלטו מפונים במלחמת ""חרבות ברזל""","פרסום רשמי של משרד התיירות באתר gov.il (חוזרים והוראות מנכ""ל). התוכן המלא בקישור המקור.",government_page,grants; regulation,direct,https://www.gov.il/he/departments/policies/hozer-mankal-012025
act-publications-sec-5-professional-directives-030425,sec-5,2025-04-03,"חוזר מס הכנסה ומיסוי מקרקעין מספר 03/2025 - רשות המסים בנושא: סעיף 6 לחוק ההתייעלות הכלכלית (תיקוני חקיקה להשגת יעדי התקציב לשנת 2025) (מיסוי רווחים לא מחולקים), התשפ""ה - 2024",פרסום רשמי של רשות המסים בישראל באתר gov.il (חוזרים ונהלים). התוכן המלא בקישור המקור.,government_page,,direct,https://www.gov.il/he/departments/policies/professional-directives-030425
act-publications-environment-invasive-species-in-quarries,environment,2025-04-02,הנחיות להכנת תוכנית מתעדכנת לטיפול במיני צמחים פולשים במחצבות ולניטורם,פרסום רשמי של המשרד להגנת הסביבה באתר gov.il (נהלים רגולטוריים). התוכן המלא בקישור המקור.,government_page,,direct,https://www.gov.il/he/departments/policies/invasive-species-in-quarries
act-publications-sec-19-ishur_s3132025,sec-19,2025-04-02,אישור סרטים 31.3.2025,פרסום רשמי של משרד התרבות והספורט באתר gov.il (מסמכי מדיניות). התוכן המלא בקישור המקור.,government_page,,direct,https://www.gov.il/he/departments/policies/ishur_s3132025
act-publications-sec-19-ishur3132025,sec-19,2025-04-02,אישור סרטים - פרוטוקול מישיבת המליאה שהתקיימה ביום שני  31.3.25,פרסום רשמי של משרד התרבות והספורט באתר gov.il (מסמכי מדיניות). התוכן המלא בקישור המקור.,government_page,,direct,https://www.gov.il/he/departments/policies/ishur3132025
act-publications-sec-39-01042025,sec-39,2025-04-01,הודעה על דחיית מועד תשלום אגרה בעד רישיון ובעד הקצאת תדרים חדשים לתחנות החד-מגמיות (סימפלקס) ולעסקי ממסרים – כיתת כוננות – עדכון מס' 5,פרסום רשמי של משרד התקשורת באתר gov.il (נהלים והנחיות). התוכן המלא בקישור המקור.,government_page,,direct,https://www.gov.il/he/departments/policies/01042025
act-publications-sec-4-directive-6-2025,sec-4,2025-04-01,השקת מערכת דיגיטלית להצטרפות וניהול תכניות פנסיוניות בשירות המדינה,"פרסום רשמי של נציבות שירות המדינה באתר gov.il (חוזרים והוראות מנכ""ל). התוכן המלא בקישור המקור.",government_page,digital,direct,https://www.gov.il/he/departments/policies/directive-6-2025
act-publications-health-physio-31032025,health,2025-03-31,הנחיות מקצועיות ליישום פעולה חריגה לפיזיותרפיסטים בנושא שאיבת כיח וחיבור וניתוק ממנשם לצורך שאיבת כיח,פרסום רשמי של משרד הבריאות באתר gov.il (חוזרים ונהלים). התוכן המלא בקישור המקור.,government_page,regulation,direct,https://www.gov.il/he/departments/policies/physio-31032025
act-publications-health-physio-31032025-2,health,2025-03-31,הנחיות מקצועיות ליישום פעולה חריגה לפיזיותרפיסטים בנושא שינוי פרמטרים של חמצן בזמן הטיפול בפיזיותרפיה,פרסום רשמי של משרד הבריאות באתר gov.il (חוזרים ונהלים). התוכן המלא בקישור המקור.,government_page,regulation,direct,https://www.gov.il/he/departments/policies/physio-31032025-2
act-publications-sec-4-dec310325,sec-4,2025-03-31,עדכון החלטה של ועדת המנכלים בעניין הבאה פרטית בענף התעשייה,פרסום רשמי של משרד ראש הממשלה באתר gov.il (החלטות). התוכן המלא בקישור המקור.,government_page,,direct,https://www.gov.il/he/departments/policies/dec310325
act-publications-sec-5-inst-06-2025-1,sec-5,2025-03-31,הוראת ביצוע מספר 06/2025 רשות המסים - הוראות הפעלה ושימוש במערכת קשרי לקוחות CRM,פרסום רשמי של רשות המסים בישראל באתר gov.il (הוראות ביצוע). התוכן המלא בקישור המקור.,government_page,regulation,direct,https://www.gov.il/he/departments/policies/inst-06-2025-1
act-publications-sec-5-inst-07-2025,sec-5,2025-03-30,הוראת ביצוע מס הכנסה מספר 07/2025 - ניתוב שלב א ושינויים בשידור דוחות ושומות יחידים וחברות לשנת המס 2024,פרסום רשמי של רשות המסים בישראל באתר gov.il (הוראות ביצוע). התוכן המלא בקישור המקור.,government_page,regulation,direct,https://www.gov.il/he/departments/policies/inst-07-2025
act-publications-sec-34-70805,sec-34,2025-03-27,"החלטה מס' 70805 – תיקון אמת מידה 35לא – ""בדיקות מתקן והכנסה לניצול""",פרסום רשמי של רשות החשמל באתר gov.il (החלטות). התוכן המלא בקישור המקור.,government_page,regulation; workforce,direct,https://www.gov.il/he/departments/policies/70805
act-publications-sec-4-dec270325,sec-4,2025-03-27,החלטה של ועדת המנכלים בנושא מיכון וטכנולוגיה,פרסום רשמי של משרד ראש הממשלה באתר gov.il (החלטות). התוכן המלא בקישור המקור.,government_page,,direct,https://www.gov.il/he/departments/policies/dec270325
act-publications-health-nd237-2025,health,2025-03-26,אמות מידה לתפקיד אחים ואחיות מוסמכים במתארי שיקום באשפוז ובקהילה,פרסום רשמי של משרד הבריאות באתר gov.il (חוזרים ונהלים). התוכן המלא בקישור המקור.,government_page,,direct,https://www.gov.il/he/departments/policies/nd237-2025
act-publications-sec-19-ishur_sratim2432025,sec-19,2025-03-26,אישור סרטים 24.3.2025,פרסום רשמי של משרד התרבות והספורט באתר gov.il (מסמכי מדיניות). התוכן המלא בקישור המקור.,government_page,,direct,https://www.gov.il/he/departments/policies/ishur_sratim2432025
act-publications-sec-19-sartim_24320225,sec-19,2025-03-26,פרוטוקול מישיבת המליאה שהתקיימה ביום שני   24.3.25,פרסום רשמי של משרד התרבות והספורט באתר gov.il (מסמכי מדיניות). התוכן המלא בקישור המקור.,government_page,,direct,https://www.gov.il/he/departments/policies/sartim_24320225
act-publications-sec-34-70804,sec-34,2025-03-26,"החלטה מספר 70804  – עדכון להחלטה מספר 69407 מיום 12.08.2024 בעניין ""אסדרה ליחידות ייצור קונבנציונאליות""",פרסום רשמי של רשות החשמל באתר gov.il (החלטות). התוכן המלא בקישור המקור.,government_page,regulation,direct,https://www.gov.il/he/departments/policies/70804
act-publications-sec-34-aruar-mining,sec-34,2025-03-26,"רון וירון בע""מ - מחצבת ערוער",פרסום רשמי של משרד האנרגיה והתשתיות באתר gov.il (רישיונות). התוכן המלא בקישור המקור.,government_page,,direct,https://www.gov.il/he/departments/policies/aruar-mining
act-publications-sec-36-agreement-document-payment-appendix,sec-36,2025-03-26,"סיוע ללומדים בהשכלה טכנולוגית על-תיכונית לשנת תשפ""ה (מתווה משותף בין מנהלת תקומה למה""ט)",פרסום רשמי של משרד העבודה באתר gov.il (נהלים והנחיות). התוכן המלא בקישור המקור.,government_page,,direct,https://www.gov.il/he/departments/policies/agreement-document-payment-appendix
act-publications-sec-68-policy-applications-submition-for-employment-of-jordanian-hotel-eilat26325,sec-68,2025-03-26,פתיחת אפשרות להגשת בקשות להעסקת עובדים ירדנים בענף המלונאות באזור אילת,פרסום רשמי של רשות האוכלוסין וההגירה באתר gov.il (מידע למעסיקים). התוכן המלא בקישור המקור.,government_page,,direct,https://www.gov.il/he/departments/policies/policy-applications-submition-for-employment-of-jordanian-hotel-eilat26325
act-publications-health-dr-246187824,health,2025-03-25,מתווה פיילוט לרישום תכשירים 2025-2026,פרסום רשמי של משרד הבריאות באתר gov.il (חוזרים ונהלים). התוכן המלא בקישור המקור.,government_page,,direct,https://www.gov.il/he/departments/policies/dr-246187824
act-publications-health-dr-86,health,2025-03-25,קביעת תיעדוף ברישום תכשירים רפואיים,פרסום רשמי של משרד הבריאות באתר gov.il (חוזרים ונהלים). התוכן המלא בקישור המקור.,government_page,,direct,https://www.gov.il/he/departments/policies/dr-86
act-publications-sec-34-70801,sec-34,2025-03-25,"החלטה מס' 70801- ביטול רישיונות ייצור בטכנולוגיה פוטוולטאית, שהספקם נמוך מ 16 מגהוואט, המחוברים לרשת החלוקה, שלא עמדו בכשירות הנדרשת להחזיק ברישיונם.",פרסום רשמי של רשות החשמל באתר gov.il (החלטות). התוכן המלא בקישור המקור.,government_page,procurement; regulation,direct,https://www.gov.il/he/departments/policies/70801
act-publications-sec-34-70806,sec-34,2025-03-25,החלטה מס' 70806-  הכללת היישוב אופקים ברשימת היישובים הזכאים לפרמיה אורבנית,פרסום רשמי של רשות החשמל באתר gov.il (החלטות). התוכן המלא בקישור המקור.,government_page,,direct,https://www.gov.il/he/departments/policies/70806
act-publications-sec-68-policy-preparing-for-discontinuation-of-a-voucher-like-recovery-service,sec-68,2025-03-25,"היערכות להפסקת שירות שחזור דמוי תלוש על ידי חברת מל""מ שכר",פרסום רשמי של רשות האוכלוסין וההגירה באתר gov.il (מידע למעסיקים). התוכן המלא בקישור המקור.,government_page,emergency,direct,https://www.gov.il/he/departments/policies/policy-preparing-for-discontinuation-of-a-voucher-like-recovery-service
act-publications-sec-7-national_control_center_procedures,sec-7,2025-03-25,"נהלי משל""ט ארצי",פרסום רשמי של כבאות והצלה לישראל באתר gov.il (נהלים והנחיות). התוכן המלא בקישור המקור.,government_page,,direct,https://www.gov.il/he/departments/policies/national_control_center_procedures
act-publications-sec-7-national_fire_and_rescue_college_procedures,sec-7,2025-03-25,נהלי המכללה הלאומית לכבאות והצלה,פרסום רשמי של כבאות והצלה לישראל באתר gov.il (נהלים והנחיות). התוכן המלא בקישור המקור.,government_page,,direct,https://www.gov.il/he/departments/policies/national_fire_and_rescue_college_procedures
act-publications-sec-7-operations_division_procedures,sec-7,2025-03-25,נהלי חטיבת מבצעים 2,פרסום רשמי של כבאות והצלה לישראל באתר gov.il (נהלים והנחיות). התוכן המלא בקישור המקור.,government_page,,direct,https://www.gov.il/he/departments/policies/operations_division_procedures
act-publications-sec-7-operations_division_procedures_extension,sec-7,2025-03-25,נהלי חטיבת מבצעים 1,פרסום רשמי של כבאות והצלה לישראל באתר gov.il (נהלים והנחיות). התוכן המלא בקישור המקור.,government_page,,direct,https://www.gov.il/he/departments/policies/operations_division_procedures_extension
act-publications-environment-cattle-manure,environment,2025-03-24,הנחיות בין-משרדיות ליישום זבל בקר מטופל לדישון ולטיוב של קרקע בשטחים חקלאיים מעובדים,פרסום רשמי של המשרד להגנת הסביבה באתר gov.il (נהלים בין-משרדיים). התוכן המלא בקישור המקור.,government_page,,direct,https://www.gov.il/he/departments/policies/cattle-manure
act-publications-health-nd240-2025,health,2025-03-24,פרוטוקולים טיפוליים מונחי אחיוּת,פרסום רשמי של משרד הבריאות באתר gov.il (חוזרים ונהלים). התוכן המלא בקישור המקור.,government_page,,direct,https://www.gov.il/he/departments/policies/nd240-2025
act-publications-sec-19-ishur_sretim1732025,sec-19,2025-03-24,פרוטוקול מישיבת המליאה שהתקיימה ביום שני   17.3.25,פרסום רשמי של משרד התרבות והספורט באתר gov.il (מסמכי מדיניות). התוכן המלא בקישור המקור.,government_page,,direct,https://www.gov.il/he/departments/policies/ishur_sretim1732025
act-publications-sec-7-lehava_unit_procedures,sec-7,2025-03-24,נהלי יחידת להבה,פרסום רשמי של כבאות והצלה לישראל באתר gov.il (נהלים והנחיות). התוכן המלא בקישור המקור.,government_page,,direct,https://www.gov.il/he/departments/policies/lehava_unit_procedures
act-publications-health-mk02-2025,health,2025-03-23,היתר זמני לעיסוק ברפואת שיניים בישראל,פרסום רשמי של משרד הבריאות באתר gov.il (חוזרים ונהלים). התוכן המלא בקישור המקור.,government_page,,direct,https://www.gov.il/he/departments/policies/mk02-2025
act-publications-sec-23-molsa-executive-circulars-002-2025,sec-23,2025-03-23,"אירוח אזרחים ותיקים בבתי אבות בחג פסח תשפ""ה","פרסום רשמי של משרד הרווחה והביטחון החברתי באתר gov.il (חוזרים והוראות מנכ""ל). התוכן המלא בקישור המקור.",government_page,,direct,https://www.gov.il/he/departments/policies/molsa-executive-circulars-002-2025
act-publications-sec-34-license-11-440,sec-34,2025-03-23,"הענקת רישיון מספר 440/""11""",פרסום רשמי של משרד האנרגיה והתשתיות באתר gov.il (רישיונות). התוכן המלא בקישור המקור.,government_page,,direct,https://www.gov.il/he/departments/policies/license-11-440
act-publications-sec-34-license-4-435,sec-34,2025-03-23,"הענקת רישיון מספר 435/""4""",פרסום רשמי של משרד האנרגיה והתשתיות באתר gov.il (רישיונות). התוכן המלא בקישור המקור.,government_page,,direct,https://www.gov.il/he/departments/policies/license-4-435
act-publications-sec-34-license-5-436,sec-34,2025-03-23,"הענקת רישיון מספר 436/""5""",פרסום רשמי של משרד האנרגיה והתשתיות באתר gov.il (רישיונות). התוכן המלא בקישור המקור.,government_page,,direct,https://www.gov.il/he/departments/policies/license-5-436
act-publications-sec-34-license-6-437,sec-34,2025-03-23,"הענקת רישיון מספר 437/""6""",פרסום רשמי של משרד האנרגיה והתשתיות באתר gov.il (רישיונות). התוכן המלא בקישור המקור.,government_page,,direct,https://www.gov.il/he/departments/policies/license-6-437
act-publications-sec-34-license-7-438,sec-34,2025-03-23,"הענקת רישיון מספר 438/""7""",פרסום רשמי של משרד האנרגיה והתשתיות באתר gov.il (רישיונות). התוכן המלא בקישור המקור.,government_page,,direct,https://www.gov.il/he/departments/policies/license-7-438
act-publications-sec-34-license-8-439,sec-34,2025-03-23,"הענקת רישיון מספר 439/""8""",פרסום רשמי של משרד האנרגיה והתשתיות באתר gov.il (רישיונות). התוכן המלא בקישור המקור.,government_page,,direct,https://www.gov.il/he/departments/policies/license-8-439
act-publications-sec-7-human_resources_procedures,sec-7,2025-03-23,"נהלי אגף משאבי אנוש (משא""ן)",פרסום רשמי של כבאות והצלה לישראל באתר gov.il (נהלים והנחיות). התוכן המלא בקישור המקור.,government_page,,direct,https://www.gov.il/he/departments/policies/human_resources_procedures
act-publications-sec-7-ict_procedures,sec-7,2025-03-23,נהלי חטיבת תקשוב,פרסום רשמי של כבאות והצלה לישראל באתר gov.il (נהלים והנחיות). התוכן המלא בקישור המקור.,government_page,,direct,https://www.gov.il/he/departments/policies/ict_procedures
act-publications-health-ic-737196124,health,2025-03-20,הנחיות שימוש בג'ל לצורכי ביצוע בדיקות אולטרסאונד,פרסום רשמי של משרד הבריאות באתר gov.il (נהלים והנחיות). התוכן המלא בקישור המקור.,government_page,regulation,direct,https://www.gov.il/he/departments/policies/ic-737196124
act-publications-sec-19-sifryot_1292025,sec-19,2025-03-19,סיכום ישיבת המועצה לספריות ציבוריות מתאריך 12.9.24,פרסום רשמי של משרד התרבות והספורט באתר gov.il (מסמכי מדיניות). התוכן המלא בקישור המקור.,government_page,,direct,https://www.gov.il/he/departments/policies/sifryot_1292025
act-publications-sec-19-sifryot_14112024,sec-19,2025-03-19,סיכום ישיבת המועצה לספריות ציבוריות מתאריך 14.11.24,פרסום רשמי של משרד התרבות והספורט באתר gov.il (מסמכי מדיניות). התוכן המלא בקישור המקור.,government_page,,direct,https://www.gov.il/he/departments/policies/sifryot_14112024
act-publications-sec-19-sifryot_1892024,sec-19,2025-03-19,סיכום ישיבת המועצה לספריות ציבוריות מתאריך 18.9.24,פרסום רשמי של משרד התרבות והספורט באתר gov.il (מסמכי מדיניות). התוכן המלא בקישור המקור.,government_page,,direct,https://www.gov.il/he/departments/policies/sifryot_1892024
act-publications-sec-19-sifryot_23122024,sec-19,2025-03-19,סיכום ישיבת המועצה לספריות ציבוריות מתאריך 23.12.24,פרסום רשמי של משרד התרבות והספורט באתר gov.il (מסמכי מדיניות). התוכן המלא בקישור המקור.,government_page,,direct,https://www.gov.il/he/departments/policies/sifryot_23122024
act-publications-sec-19-sifryot_30122024,sec-19,2025-03-19,סיכום ישיבת המועצה לספריות ציבוריות מתאריך 30.12.24,פרסום רשמי של משרד התרבות והספורט באתר gov.il (מסמכי מדיניות). התוכן המלא בקישור המקור.,government_page,,direct,https://www.gov.il/he/departments/policies/sifryot_30122024
act-publications-sec-19-sifryot_9122024,sec-19,2025-03-19,סיכום ישיבת המועצה לספריות ציבוריות מתאריך 9.12.24,פרסום רשמי של משרד התרבות והספורט באתר gov.il (מסמכי מדיניות). התוכן המלא בקישור המקור.,government_page,,direct,https://www.gov.il/he/departments/policies/sifryot_9122024
act-publications-sec-5-procedures-190325-1,sec-5,2025-03-19,נייר עמדה מקצועי מספר 02/2025 – רשות המיסים בתחום: אופציות לעובדים בנושא: קיזוז הפסדים הוניים,פרסום רשמי של רשות המסים בישראל באתר gov.il (ניירות עמדה). התוכן המלא בקישור המקור.,government_page,regulation,direct,https://www.gov.il/he/departments/policies/procedures-190325-1
act-publications-sec-5-page-rules-and-guidelines-tax-authority,sec-5,2025-03-17,נהלים והנחיות פנימיות,פרסום רשמי של רשות המסים בישראל באתר gov.il (נהלים והנחיות). התוכן המלא בקישור המקור.,government_page,,direct,https://www.gov.il/he/departments/policies/page-rules-and-guidelines-tax-authority
act-publications-health-mk-16032025,health,2025-03-16,נוהל הצגת מידע לאדם בדבר חיסונים הכלולים במאגר החיסונים הלאומי,פרסום רשמי של משרד הבריאות באתר gov.il (נהלים והנחיות). התוכן המלא בקישור המקור.,government_page,regulation,direct,https://www.gov.il/he/departments/policies/mk-16032025
act-publications-sec-4-dec-130325,sec-4,2025-03-13,עדכון החלטה של ועדת המנכלים בעניין הבאה פרטית בענף הבניין,פרסום רשמי של משרד ראש הממשלה באתר gov.il (החלטות). התוכן המלא בקישור המקור.,government_page,,direct,https://www.gov.il/he/departments/policies/dec-130325
act-publications-health-blg-72791025,health,2025-03-12,חלבון β-Lactoglobulin המיוצר באמצעות השמר Komagataella phaffi מבוטל מיום 06.11.2025,פרסום רשמי של משרד הבריאות באתר gov.il (נהלים והנחיות). התוכן המלא בקישור המקור.,government_page,,direct,https://www.gov.il/he/departments/policies/blg-72791025
act-publications-sec-19-sratim1032025,sec-19,2025-03-12,אישור סרטים - פרוטוקול מישיבת המליאה שהתקיימה ביום שני  10.3.25,פרסום רשמי של משרד התרבות והספורט באתר gov.il (מסמכי מדיניות). התוכן המלא בקישור המקור.,government_page,,direct,https://www.gov.il/he/departments/policies/sratim1032025
act-publications-sec-4-dec-120325,sec-4,2025-03-12,"עדכון ל החלטה של ועדת המנכ ""לים בעניין הבאה פרטית בענף התעשייה",פרסום רשמי של משרד ראש הממשלה באתר gov.il (החלטות). התוכן המלא בקישור המקור.,government_page,,direct,https://www.gov.il/he/departments/policies/dec-120325
act-publications-sec-7-news140325,sec-7,2025-03-12,הוראת שעה: צמצום פעילויות שגרה בעת מלחמה - הארכה מס' 27,פרסום רשמי של שירות בתי הסוהר באתר gov.il (פקודות והוראות). התוכן המלא בקישור המקור.,government_page,emergency; regulation,direct,https://www.gov.il/he/departments/policies/news140325
act-publications-environment-certification-procedure,environment,2025-03-11,הליך הסמכה להגשת תוכנית בוועדה לתשתיות לאומיות ליזמים בתחום מתקני טיפול בפסולת,פרסום רשמי של המשרד להגנת הסביבה באתר gov.il (נהלים רגולטוריים). התוכן המלא בקישור המקור.,government_page,environment,direct,https://www.gov.il/he/departments/policies/certification-procedure
act-publications-sec-19-nohalmoatza,sec-19,2025-03-11,נוהל עבודת המועצה לביקורת סרטים,פרסום רשמי של משרד התרבות והספורט באתר gov.il (מסמכי מדיניות). התוכן המלא בקישור המקור.,government_page,regulation,direct,https://www.gov.il/he/departments/policies/nohalmoatza
act-publications-sec-19-sifriyot_2422025,sec-19,2025-03-11,סיכום ישיבת המועצה לספריות ציבוריות מתאריך 24.2.25,פרסום רשמי של משרד התרבות והספורט באתר gov.il (מסמכי מדיניות). התוכן המלא בקישור המקור.,government_page,,direct,https://www.gov.il/he/departments/policies/sifriyot_2422025
act-publications-sec-5-income-procedures-1132025,sec-5,2025-03-11,נייר עמדה מקצועי מספר 01/2025 – רשות המסים בתחום: אופציות לעובדים בנושא: מנגנון האצת תקופת ההבשלה בעת הנפק או הנפקה,פרסום רשמי של רשות המסים בישראל באתר gov.il (ניירות עמדה). התוכן המלא בקישור המקור.,government_page,regulation,direct,https://www.gov.il/he/departments/policies/income-procedures-1132025
act-publications-health-policy-document-promoting-community-genetics-society,health,2025-03-10,מסמך מדיניות לקידום התחום של גנטיקה קהילתית בחברה הערבית,פרסום רשמי של משרד הבריאות באתר gov.il (מסמכי מדיניות). התוכן המלא בקישור המקור.,government_page,,direct,https://www.gov.il/he/departments/policies/policy-document-promoting-community-genetics-society
act-publications-sec-7-firefighting_and_rescue_israel_instructions,sec-7,2025-03-10,הוראות כבאות והצלה לישראל,פרסום רשמי של כבאות והצלה לישראל באתר gov.il (נהלים והנחיות). התוכן המלא בקישור המקור.,government_page,,direct,https://www.gov.il/he/departments/policies/firefighting_and_rescue_israel_instructions
act-publications-sec-7-information_law_2024,sec-7,2025-03-10,דין וחשבון שנתי של כבאות והצלה לישראל על פי חוק חופש המידע לשנת 2024,פרסום רשמי של כבאות והצלה לישראל באתר gov.il (מסמכי מדיניות). התוכן המלא בקישור המקור.,government_page,,direct,https://www.gov.il/he/departments/policies/information_law_2024
act-publications-health-nd235-2025,health,2025-03-09,"תחומי עיסוק, אחריות ופעילות אחים ואחיות מתאמים טיפול בתחום קליני -במערך האשפוז והקהילה",פרסום רשמי של משרד הבריאות באתר gov.il (חוזרים ונהלים). התוכן המלא בקישור המקור.,government_page,,direct,https://www.gov.il/he/departments/policies/nd235-2025
act-publications-sec-19-protokol332025,sec-19,2025-03-09,אישור סרטים,פרסום רשמי של משרד התרבות והספורט באתר gov.il (מסמכי מדיניות). התוכן המלא בקישור המקור.,government_page,,direct,https://www.gov.il/he/departments/policies/protokol332025
act-publications-sec-19-protokol932505,sec-19,2025-03-09,אישור סרטים 3.3.2025,פרסום רשמי של משרד התרבות והספורט באתר gov.il (מסמכי מדיניות). התוכן המלא בקישור המקור.,government_page,,direct,https://www.gov.il/he/departments/policies/protokol932505
act-publications-sec-4-dec-update090325,sec-4,2025-03-09,עדכון החלטה של ועדת המנכלים בעניין הקצאת מכסה בענף התעשייה,פרסום רשמי של משרד ראש הממשלה באתר gov.il (החלטות). התוכן המלא בקישור המקור.,government_page,,direct,https://www.gov.il/he/departments/policies/dec-update090325
act-publications-sec-33-nohal-sorogum-3-10-22,sec-33,2025-03-06,נוהל הזנת בעלי חיים במספוא סורגום - 06.03.2025,פרסום רשמי של משרד החקלאות וביטחון המזון באתר gov.il (נהלים רגולטוריים). התוכן המלא בקישור המקור.,government_page,regulation,direct,https://www.gov.il/he/departments/policies/nohal-sorogum-3-10-22
act-publications-sec-36-electricity-complaint,sec-36,2025-03-06,שלבי טיפול בתלונה - חשמל,פרסום רשמי של משרד העבודה באתר gov.il (נהלים והנחיות). התוכן המלא בקישור המקור.,government_page,,direct,https://www.gov.il/he/departments/policies/electricity-complaint
act-publications-sec-36-engineering-complaint,sec-36,2025-03-06,שלבי טיפול בתלונה - מקצועות ההנדסה,פרסום רשמי של משרד העבודה באתר gov.il (נהלים והנחיות). התוכן המלא בקישור המקור.,government_page,regulation,direct,https://www.gov.il/he/departments/policies/engineering-complaint
act-publications-sec-68-hitech_pls-2025,sec-68,2025-03-06,הקצאות היתרים להעסקת עובדים פלשתינאים כדין בישראל בענף ההייטק 2025,"פרסום רשמי של רשות האוכלוסין וההגירה באתר gov.il (חוזרים והוראות מנכ""ל). התוכן המלא בקישור המקור.",government_page,,direct,https://www.gov.il/he/departments/policies/hitech_pls-2025
act-publications-sec-68-qouta_agri-2025,sec-68,2025-03-06,הקצאות היתרים להעסקת עובדים פלשתינאים כדין בישראל בענף החקלאות 2025,"פרסום רשמי של רשות האוכלוסין וההגירה באתר gov.il (חוזרים והוראות מנכ""ל). התוכן המלא בקישור המקור.",government_page,,direct,https://www.gov.il/he/departments/policies/qouta_agri-2025
act-publications-sec-68-qouta_press-2025,sec-68,2025-03-06,הקצאות היתרים להעסקת עובדים פלשתינאים כדין בישראל בענף העיתונאות 2025,"פרסום רשמי של רשות האוכלוסין וההגירה באתר gov.il (חוזרים והוראות מנכ""ל). התוכן המלא בקישור המקור.",government_page,,direct,https://www.gov.il/he/departments/policies/qouta_press-2025
act-publications-sec-68-qouta_restaurants-2025,sec-68,2025-03-06,הקצאות היתרים להעסקת עובדים פלשתינאים כדין בישראל בענף המסעדנות - 2025,"פרסום רשמי של רשות האוכלוסין וההגירה באתר gov.il (חוזרים והוראות מנכ""ל). התוכן המלא בקישור המקור.",government_page,,direct,https://www.gov.il/he/departments/policies/qouta_restaurants-2025
act-publications-sec-5-inst-050325,sec-5,2025-03-05,"נוהל לטיפול בהצהרה על פעולה באיגוד מקרקעין, הקצאה באיגוד מקרקעין - ובהודעה על פעולה באיגוד לפי סעיף 16(ג) וסעיף 75(ג) לחוק מיסוי מקרקעין",פרסום רשמי של רשות המסים בישראל באתר gov.il (נהלים והנחיות). התוכן המלא בקישור המקור.,government_page,grants; regulation,direct,https://www.gov.il/he/departments/policies/inst-050325
act-publications-sec-7-news06032025,sec-7,2025-03-05,"הוראת שעה לפקודת נציבות 04.13.00 - ""דין משמעתי אסירים"" - הארכה מס' 3",פרסום רשמי של שירות בתי הסוהר באתר gov.il (פקודות והוראות). התוכן המלא בקישור המקור.,government_page,,direct,https://www.gov.il/he/departments/policies/news06032025
act-publications-sec-23-molsa-executive-circulars-001-2025,sec-23,2025-03-04,טיפול ומעברים של מקבלי שירות דרי רחוב אזרחים ותיקים במסגרות דיור,"פרסום רשמי של משרד הרווחה והביטחון החברתי באתר gov.il (חוזרים והוראות מנכ""ל). התוכן המלא בקישור המקור.",government_page,,direct,https://www.gov.il/he/departments/policies/molsa-executive-circulars-001-2025
act-publications-sec-68-opening_extension_hotel_permits2325,sec-68,2025-03-04,פתיחת האפשרות להגשת בקשות להיתרים להעסקת עובדים זרים בענף המלונאות,פרסום רשמי של רשות האוכלוסין וההגירה באתר gov.il (מידע למעסיקים). התוכן המלא בקישור המקור.,government_page,,direct,https://www.gov.il/he/departments/policies/opening_extension_hotel_permits2325
act-publications-sec-68-opening_extension_hotel_permits2325-d,sec-68,2025-03-04,פתיחת האפשרות להגשת בקשות להיתרים להעסקת עובדים זרים בענף המלונאות,פרסום רשמי של רשות האוכלוסין וההגירה באתר gov.il (מידע למעסיקים). התוכן המלא בקישור המקור.,government_page,,direct,https://www.gov.il/he/departments/policies/opening_extension_hotel_permits2325-d
act-publications-economy-diamond-import-procedure-deadline-extension-03032025,economy,2025-03-03,תיקון נוהל יבוא יהלום מלוטש - היטל פרומיל והארכת מועד יהלומים לבחינה,פרסום רשמי של משרד הכלכלה והתעשייה באתר gov.il (נהלים רגולטוריים). התוכן המלא בקישור המקור.,government_page,regulation,direct,https://www.gov.il/he/departments/policies/diamond-import-procedure-deadline-extension-03032025
act-publications-sec-19-protokol1712025,sec-19,2025-03-03,פרוטוקול מועצת הקולנוע,פרסום רשמי של משרד התרבות והספורט באתר gov.il (מסמכי מדיניות). התוכן המלא בקישור המקור.,government_page,,direct,https://www.gov.il/he/departments/policies/protokol1712025
act-publications-sec-19-protokol2812025,sec-19,2025-03-03,פרוטוקול מועצת הקולנוע,פרסום רשמי של משרד התרבות והספורט באתר gov.il (מסמכי מדיניות). התוכן המלא בקישור המקור.,government_page,,direct,https://www.gov.il/he/departments/policies/protokol2812025
act-publications-sec-19-protokol712025,sec-19,2025-03-03,פרוטוקול מועצת הקולנוע,פרסום רשמי של משרד התרבות והספורט באתר gov.il (מסמכי מדיניות). התוכן המלא בקישור המקור.,government_page,,direct,https://www.gov.il/he/departments/policies/protokol712025
act-publications-sec-34-amat35,sec-34,2025-03-02,שימוע - מישיבה מס' 707 מיום 25.02.2025 לעניין תיקון אמת מידה 35א – פריסת תשלומים,פרסום רשמי של רשות החשמל באתר gov.il (החלטות). התוכן המלא בקישור המקור.,government_page,,direct,https://www.gov.il/he/departments/policies/amat35
act-publications-sec-34-shim707,sec-34,2025-03-02,"שימוע - העמדה לעיון הציבור של הצעת רשות החשמל לשר האנרגיה והתשתיות לתיקון התוספת השנייה לתקנות משק החשמל (תנאים ונהלים למתן רשיון וחובות בעל רשיון), תשנ""ח-1997",פרסום רשמי של רשות החשמל באתר gov.il (החלטות). התוכן המלא בקישור המקור.,government_page,regulation,direct,https://www.gov.il/he/departments/policies/shim707
act-publications-sec-5-procedures-020325,sec-5,2025-03-02,נוהל טיפול בנזקי עזובה מכח החלטת ממשלה 2677,פרסום רשמי של רשות המסים בישראל באתר gov.il (נהלים והנחיות). התוכן המלא בקישור המקור.,government_page,regulation,direct,https://www.gov.il/he/departments/policies/procedures-020325
act-publications-sec-5-regulation_cmisa_12,sec-5,2025-02-27,מדיניות בנושא יעד יחס כושר פירעון,"פרסום רשמי של רשות שוק ההון, ביטוח וחיסכון באתר gov.il (נהלים והנחיות). התוכן המלא בקישור המקור.",government_page,,direct,https://www.gov.il/he/departments/policies/regulation_cmisa_12
act-publications-sec-34-70701,sec-34,2025-02-26,החלטת רשות החשמל מס' 70701- עדכון שעות הפעלה מינימאליות לצרכן לשנת 2025 באמת מידה 47א. (הסדר השלה,פרסום רשמי של רשות החשמל באתר gov.il (החלטות). התוכן המלא בקישור המקור.,government_page,,direct,https://www.gov.il/he/departments/policies/70701
act-publications-sec-34-70703,sec-34,2025-02-26,"החלטה מס' 70703 - אישור לשעבוד נכסים ברישיון מותנה מס' 02575623 של תענך אנרגיה ירוקה 2 בע""מ",פרסום רשמי של רשות החשמל באתר gov.il (החלטות). התוכן המלא בקישור המקור.,government_page,,direct,https://www.gov.il/he/departments/policies/70703
act-publications-sec-34-70704,sec-34,2025-02-26,"החלטה מס' 70704-  מעבר יחידת ייצור לפעולה בהסדר קוגנרציה עבור רפק אלון תבור בע""מ, בעלת רישיון ייצור מס' 2009-03-4-0401",פרסום רשמי של רשות החשמל באתר gov.il (החלטות). התוכן המלא בקישור המקור.,government_page,regulation,direct,https://www.gov.il/he/departments/policies/70704
act-publications-sec-34-70705,sec-34,2025-02-26,"החלטה מס' 70705- מעבר יחידת ייצור לפעולה בהסדר קוגנרציה עבור רמת נגב אנרגיה בע""מ, בעלת רישיון ייצור מס' 2007-02-4-046",פרסום רשמי של רשות החשמל באתר gov.il (החלטות). התוכן המלא בקישור המקור.,government_page,regulation,direct,https://www.gov.il/he/departments/policies/70705
act-publications-sec-34-70706,sec-34,2025-02-26,החלטה מס' 70706 - מישיבה 707 מיום 25.02.2025: הוראה למנהל המערכת לתוספת פרויקט בתכנית הפיתוח למקטע המסירה,פרסום רשמי של רשות החשמל באתר gov.il (החלטות). התוכן המלא בקישור המקור.,government_page,,direct,https://www.gov.il/he/departments/policies/70706
act-publications-sec-5-professional-directives-260225,sec-5,2025-02-26,"חוזר מס הכנסה מספר 02/2025 - בנושא: חוק לעידוד תעשייה עתירת ידע (הוראת שעה), התשפ""ג - 2023 - השקעה במניות חברת מו""פ",פרסום רשמי של רשות המסים בישראל באתר gov.il (חוזרים ונהלים). התוכן המלא בקישור המקור.,government_page,,direct,https://www.gov.il/he/departments/policies/professional-directives-260225
act-publications-health-fcs-03-001-02,health,2025-02-25,"נוהל הסדרת עבודת הוועדה המקצועית המייעצת לשר הבריאות לפי סעיף 3ב. לחוק הגנה על בריאות הציבור (מזון), תשע""ו 2015",פרסום רשמי של משרד הבריאות באתר gov.il (נהלים והנחיות). התוכן המלא בקישור המקור.,government_page,health; regulation,direct,https://www.gov.il/he/departments/policies/fcs-03-001-02
act-publications-sec-39-25022025,sec-39,2025-02-25,החלטת המועצה לשידורי כבלים ולשידורי לוויין מספר 2-1/2025 מיום 21.1.2025,פרסום רשמי של משרד התקשורת באתר gov.il (החלטות). התוכן המלא בקישור המקור.,government_page,,direct,https://www.gov.il/he/departments/policies/25022025
act-publications-sec-5-inst-05-2025,sec-5,2025-02-25,"הוראת ביצוע מס הכנסה מספר 05/2025 - מס על הכנסות גבוהות עפ""י סעיף 121ב לפקודה (תיקון 276 לפקודת מס הכנסה)",פרסום רשמי של רשות המסים בישראל באתר gov.il (הוראות ביצוע). התוכן המלא בקישור המקור.,government_page,regulation,direct,https://www.gov.il/he/departments/policies/inst-05-2025
act-publications-health-nd-234-2025,health,2025-02-24,ריכוז הפעולות שנוספו מעת לעת לליבת העיסוק של האחים והאחיות המוסמכים,פרסום רשמי של משרד הבריאות באתר gov.il (חוזרים ונהלים). התוכן המלא בקישור המקור.,government_page,,direct,https://www.gov.il/he/departments/policies/nd-234-2025
act-publications-sec-36-architects-booklet,sec-36,2025-02-24,חוברת מרישום לרישוי,פרסום רשמי של משרד העבודה באתר gov.il (נהלים והנחיות). התוכן המלא בקישור המקור.,government_page,regulation,direct,https://www.gov.il/he/departments/policies/architects-booklet
act-publications-sec-39-24022025,sec-39,2025-02-24,הוראת מינהל לחיבור ציוד קצה לרשת לוויינית,פרסום רשמי של משרד התקשורת באתר gov.il (רישיונות). התוכן המלא בקישור המקור.,government_page,,direct,https://www.gov.il/he/departments/policies/24022025
act-publications-sec-39-24022025_1,sec-39,2025-02-24,החלטת המועצה לשידורי כבלים ולשידורי לוויין מספר 3-1/2025 מיום 21.1.2025,פרסום רשמי של משרד התקשורת באתר gov.il (החלטות). התוכן המלא בקישור המקור.,government_page,,direct,https://www.gov.il/he/departments/policies/24022025_1
act-publications-health-blg-420688925,health,2025-02-23,עדכון הנחיה מתאריך 23 בפברואר 2025 (סימוכין 72791025) בנושא מזון חדש: חלבון β-Lactoglobulin המיוצר באמצעות השמר Komagataella phaffi,פרסום רשמי של משרד הבריאות באתר gov.il (נהלים והנחיות). התוכן המלא בקישור המקור.,government_page,,direct,https://www.gov.il/he/departments/policies/blg-420688925
act-publications-sec-34-70601,sec-34,2025-02-20,החלטה מס' 70601 - מתן רישיון ייצור חשמל בטכנולוגית אגירה שאובה,פרסום רשמי של רשות החשמל באתר gov.il (החלטות). התוכן המלא בקישור המקור.,government_page,regulation,direct,https://www.gov.il/he/departments/policies/70601
act-publications-sec-68-notice-foreign-workers-employers-20225,sec-68,2025-02-20,"הזמנת עובדים זרים ע""י מעסיקים בעלי היתרים להעסקת עובדים זרים בענף מסחר ושירותים",פרסום רשמי של רשות האוכלוסין וההגירה באתר gov.il (מידע למעסיקים). התוכן המלא בקישור המקור.,government_page,,direct,https://www.gov.il/he/departments/policies/notice-foreign-workers-employers-20225
act-publications-health-fcs-94419226,health,2025-02-19,"הודעת מנהלת מערך רגולציה בריאות (מזון, משקאות משכרים ותמרוקים) בדבר מדיניות אכיפה מנהלית זמנית לעניין הוראה מאומצת בסימון",פרסום רשמי של משרד הבריאות באתר gov.il (נהלים והנחיות). התוכן המלא בקישור המקור.,government_page,regulation,direct,https://www.gov.il/he/departments/policies/fcs-94419226
act-publications-health-mk03-2025,health,2025-02-19,הרחבת סל שירותי הבריאות לשנת 2025,פרסום רשמי של משרד הבריאות באתר gov.il (חוזרים ונהלים). התוכן המלא בקישור המקור.,government_page,,direct,https://www.gov.il/he/departments/policies/mk03-2025
act-publications-health-mtr01-2025,health,2025-02-19,הרחבת סל שירותי הבריאות לשנת 2025,פרסום רשמי של משרד הבריאות באתר gov.il (חוזרים ונהלים). התוכן המלא בקישור המקור.,government_page,,direct,https://www.gov.il/he/departments/policies/mtr01-2025
act-publications-sec-68-bileteral-forms-agri,sec-68,2025-02-19,נספחים לנהלי הרשות - אגף הסכמים בילטרליים - ענף חקלאות,פרסום רשמי של רשות האוכלוסין וההגירה באתר gov.il (מסמכי מדיניות). התוכן המלא בקישור המקור.,government_page,,direct,https://www.gov.il/he/departments/policies/bileteral-forms-agri
act-publications-sec-68-bileteral-forms-build,sec-68,2025-02-19,נספחים לנהלי הרשות - הסכמים בילטרליים לאגף בניין,פרסום רשמי של רשות האוכלוסין וההגירה באתר gov.il (מסמכי מדיניות). התוכן המלא בקישור המקור.,government_page,,direct,https://www.gov.il/he/departments/policies/bileteral-forms-build
act-publications-sec-68-bileteral-forms-foreign-workers,sec-68,2025-02-19,נספחים לנהלי הרשות - אגף הסכמים בילטרליים,פרסום רשמי של רשות האוכלוסין וההגירה באתר gov.il (מסמכי מדיניות). התוכן המלא בקישור המקור.,government_page,,direct,https://www.gov.il/he/departments/policies/bileteral-forms-foreign-workers
act-publications-sec-68-bileteral-forms-hotels,sec-68,2025-02-19,נספחים לנהלי הרשות - הסכמים בילטרליים למלונאות,פרסום רשמי של רשות האוכלוסין וההגירה באתר gov.il (מסמכי מדיניות). התוכן המלא בקישור המקור.,government_page,,direct,https://www.gov.il/he/departments/policies/bileteral-forms-hotels
act-publications-sec-68-bileteral-forms-ind,sec-68,2025-02-19,נספחים לנהלי הרשות - הסכמים בילטרליים לענף תעשייה,פרסום רשמי של רשות האוכלוסין וההגירה באתר gov.il (מסמכי מדיניות). התוכן המלא בקישור המקור.,government_page,,direct,https://www.gov.il/he/departments/policies/bileteral-forms-ind
act-publications-sec-68-bileteral-forms-nursing,sec-68,2025-02-19,נספחים לנהלי הרשות - הסכמים בילטרליים לסיעוד,פרסום רשמי של רשות האוכלוסין וההגירה באתר gov.il (מסמכי מדיניות). התוכן המלא בקישור המקור.,government_page,,direct,https://www.gov.il/he/departments/policies/bileteral-forms-nursing
act-publications-sec-68-bileteral-forms-nursing-institutions,sec-68,2025-02-19,נספחים לנהלי הרשות - הסכמים בילטרליים למוסדות סיעוד,פרסום רשמי של רשות האוכלוסין וההגירה באתר gov.il (מסמכי מדיניות). התוכן המלא בקישור המקור.,government_page,,direct,https://www.gov.il/he/departments/policies/bileteral-forms-nursing-institutions
act-publications-sec-68-bileteral-forms-rest,sec-68,2025-02-19,נספחים לנהלי הרשות - הסכמים בילטרליים לענף מסעדות,פרסום רשמי של רשות האוכלוסין וההגירה באתר gov.il (מסמכי מדיניות). התוכן המלא בקישור המקור.,government_page,,direct,https://www.gov.il/he/departments/policies/bileteral-forms-rest
act-publications-sec-19-sratim_1822025,sec-19,2025-02-18,אישור סרטים,פרסום רשמי של משרד התרבות והספורט באתר gov.il (מסמכי מדיניות). התוכן המלא בקישור המקור.,government_page,,direct,https://www.gov.il/he/departments/policies/sratim_1822025
act-publications-sec-19-sratim_protokol122025,sec-19,2025-02-18,אישור סרטים - פרוטוקול מישיבת המליאה שהתקיימה ביום שני  10.2.25,פרסום רשמי של משרד התרבות והספורט באתר gov.il (מסמכי מדיניות). התוכן המלא בקישור המקור.,government_page,,direct,https://www.gov.il/he/departments/policies/sratim_protokol122025
act-publications-sec-19-sratim1022025,sec-19,2025-02-18,אישור סרטים 10.2.2025,פרסום רשמי של משרד התרבות והספורט באתר gov.il (מסמכי מדיניות). התוכן המלא בקישור המקור.,government_page,,direct,https://www.gov.il/he/departments/policies/sratim1022025
act-publications-sec-19-sratimprotokol1822025,sec-19,2025-02-18,אישור סרטים - פרוטוקול מישיבת המליאה שהתקיימה ביום שני   18.2.25,פרסום רשמי של משרד התרבות והספורט באתר gov.il (מסמכי מדיניות). התוכן המלא בקישור המקור.,government_page,,direct,https://www.gov.il/he/departments/policies/sratimprotokol1822025
act-publications-sec-36-disciplinary-licensing,sec-36,2025-02-18,נוהל ועדת משמעת של בחינות הרישוי הממשלתיות,פרסום רשמי של משרד העבודה באתר gov.il (נהלים והנחיות). התוכן המלא בקישור המקור.,government_page,regulation,direct,https://www.gov.il/he/departments/policies/disciplinary-licensing
act-publications-sec-19-kolnoa_2025,sec-19,2025-02-17,סיכום ישיבת מועצת הקולנוע מתאריך 1.12.24,פרסום רשמי של משרד התרבות והספורט באתר gov.il (מסמכי מדיניות). התוכן המלא בקישור המקור.,government_page,,direct,https://www.gov.il/he/departments/policies/kolnoa_2025
act-publications-sec-19-protokol_202517122024,sec-19,2025-02-17,סיכום ישיבת מועצת הקולנוע מתאריך 17.12.24,פרסום רשמי של משרד התרבות והספורט באתר gov.il (מסמכי מדיניות). התוכן המלא בקישור המקור.,government_page,,direct,https://www.gov.il/he/departments/policies/protokol_202517122024
act-publications-sec-34-70502_cap,sec-34,2025-02-17,"החלטה מס 70502-  קביעת תעריף מפוקח  לתשלומים הנוספים באסדרת השוק, ליצרנים המחוברים או המשולבים ברשת ההולכה הפועלים לפי סימנים ג1 וה1 באמות המידה",פרסום רשמי של רשות החשמל באתר gov.il (החלטות). התוכן המלא בקישור המקור.,government_page,,direct,https://www.gov.il/he/departments/policies/70502_cap
act-publications-sec-39-17022025,sec-39,2025-02-17,תיקון רישיון בזק החברה הישראלית לתקשורת (מספר 98),פרסום רשמי של משרד התקשורת באתר gov.il (רישיונות). התוכן המלא בקישור המקור.,government_page,,direct,https://www.gov.il/he/departments/policies/17022025
act-publications-sec-39-17022025_1,sec-39,2025-02-17,החלטת המועצה לשידורי כבלים ולשידורי לוויין מספר 1-1/2025 מיום 21.1.2025,פרסום רשמי של משרד התקשורת באתר gov.il (החלטות). התוכן המלא בקישור המקור.,government_page,,direct,https://www.gov.il/he/departments/policies/17022025_1
act-publications-sec-39-17022025_2,sec-39,2025-02-17,החלטה על תיקון רישיון בזק החברה הישראלית לתקשורת (מספר 98),פרסום רשמי של משרד התקשורת באתר gov.il (החלטות). התוכן המלא בקישור המקור.,government_page,,direct,https://www.gov.il/he/departments/policies/17022025_2
act-publications-sec-33-fishing_mediterranean_2025,sec-33,2025-02-13,הודעה בדבר תקופות הרבייה והגיוס בים התיכון ובמכמורת שנת 2025,פרסום רשמי של משרד החקלאות וביטחון המזון באתר gov.il (נהלים רגולטוריים). התוכן המלא בקישור המקור.,government_page,,direct,https://www.gov.il/he/departments/policies/fishing_mediterranean_2025
act-publications-sec-34-70501,sec-34,2025-02-13,החלטה מס' 70501 – בחירת הצעות זוכות בהליך תחרותי מס' 1 לקביעת תעריף זמינות למתקני אגירה המתחברים או המשתלבים ברשת המתח העליון,פרסום רשמי של רשות החשמל באתר gov.il (החלטות). התוכן המלא בקישור המקור.,government_page,,direct,https://www.gov.il/he/departments/policies/70501
act-publications-sec-39-13022025,sec-39,2025-02-13,"תיקון רישיון פרטנר תקשורת בע""מ (מספר 140)",פרסום רשמי של משרד התקשורת באתר gov.il (רישיונות). התוכן המלא בקישור המקור.,government_page,,direct,https://www.gov.il/he/departments/policies/13022025
act-publications-sec-7-news180225,sec-7,2025-02-13,הוראת שעה: צמצום פעילויות שגרה בעת מלחמה - הארכה מס' 26,פרסום רשמי של שירות בתי הסוהר באתר gov.il (פקודות והוראות). התוכן המלא בקישור המקור.,government_page,emergency; regulation,direct,https://www.gov.il/he/departments/policies/news180225
act-publications-health-epi-51599525,health,2025-02-12,המלצות לנוסעים לקרנבל ברזיל – פברואר 2025,פרסום רשמי של משרד הבריאות באתר gov.il (נהלים והנחיות). התוכן המלא בקישור המקור.,government_page,regulation,direct,https://www.gov.il/he/departments/policies/epi-51599525
act-publications-sec-19-ishur_sretim_1312025,sec-19,2025-02-12,אישור סרטים פרוטוקול 13.1,פרסום רשמי של משרד התרבות והספורט באתר gov.il (מסמכי מדיניות). התוכן המלא בקישור המקור.,government_page,,direct,https://www.gov.il/he/departments/policies/ishur_sretim_1312025
act-publications-sec-19-ishur_sretim_23120251,sec-19,2025-02-12,אישור סרטים פרוטוקול 23.1.2025,פרסום רשמי של משרד התרבות והספורט באתר gov.il (מסמכי מדיניות). התוכן המלא בקישור המקור.,government_page,,direct,https://www.gov.il/he/departments/policies/ishur_sretim_23120251
act-publications-sec-19-ishur_sretim_2712025,sec-19,2025-02-12,אישור סרטים פרוטוקול 27.1.2025,פרסום רשמי של משרד התרבות והספורט באתר gov.il (מסמכי מדיניות). התוכן המלא בקישור המקור.,government_page,,direct,https://www.gov.il/he/departments/policies/ishur_sretim_2712025
act-publications-sec-19-ishur_sretim_3220251,sec-19,2025-02-12,אישור סרטים פרוטוקול 3.2.2025,פרסום רשמי של משרד התרבות והספורט באתר gov.il (מסמכי מדיניות). התוכן המלא בקישור המקור.,government_page,,direct,https://www.gov.il/he/departments/policies/ishur_sretim_3220251
act-publications-sec-19-ishur_sretim_612025,sec-19,2025-02-12,אישור סרטים פרוטוקול 6.1.2025,פרסום רשמי של משרד התרבות והספורט באתר gov.il (מסמכי מדיניות). התוכן המלא בקישור המקור.,government_page,,direct,https://www.gov.il/he/departments/policies/ishur_sretim_612025
act-publications-sec-39-12022025,sec-39,2025-02-12,החלטת המועצה לשידורי כבלים ולשידורי לוויין מספר 1-11/2024 מיום 16.12.2024,פרסום רשמי של משרד התקשורת באתר gov.il (החלטות). התוכן המלא בקישור המקור.,government_page,,direct,https://www.gov.il/he/departments/policies/12022025
act-publications-sec-5-professional-directives-110225,sec-5,2025-02-11,חוזר מס הכנסה מספר 01/2025 - רשות המסים בנושא: מחירי העברה – תיקון 261 לפקודת מס הכנסה – דוח ישות אם סופית (להלן: CBCr),פרסום רשמי של רשות המסים בישראל באתר gov.il (חוזרים ונהלים). התוכן המלא בקישור המקור.,government_page,,direct,https://www.gov.il/he/departments/policies/professional-directives-110225
act-publications-health-mk01-2025,health,2025-02-10,הגשת הצעות להרחבת סל שירותי הבריאות לשנת 2026 - קול קורא,פרסום רשמי של משרד הבריאות באתר gov.il (חוזרים ונהלים). התוכן המלא בקישור המקור.,government_page,grants,direct,https://www.gov.il/he/departments/policies/mk01-2025
act-publications-sec-68-policy-notice-07-056-9225,sec-68,2025-02-10,הקלות בעניין הסדר זמני לניוד עובדים זרים בין בתי מלון,פרסום רשמי של רשות האוכלוסין וההגירה באתר gov.il (חוזרים ונהלים). התוכן המלא בקישור המקור.,government_page,,direct,https://www.gov.il/he/departments/policies/policy-notice-07-056-9225
act-publications-sec-34-70403,sec-34,2025-02-06,החלטה מס' 70403 – תיקון אמת מידה 7א –פרסום מידע לציבור,פרסום רשמי של רשות החשמל באתר gov.il (החלטות). התוכן המלא בקישור המקור.,government_page,,direct,https://www.gov.il/he/departments/policies/70403
act-publications-health-mr01-2025,health,2025-02-05,קווים מנחים להפעלת מסוק לפינוי,פרסום רשמי של משרד הבריאות באתר gov.il (חוזרים ונהלים). התוכן המלא בקישור המקור.,government_page,emergency,direct,https://www.gov.il/he/departments/policies/mr01-2025
act-publications-sec-34-70404,sec-34,2025-02-05,החלטה מס' 70404  – עדכון והארכת תוקף האסדרה לייצור חשמל בטכנולוגיה פוטו-וולטאית במתקני חלוץ אגרו וולטאיים,פרסום רשמי של רשות החשמל באתר gov.il (החלטות). התוכן המלא בקישור המקור.,government_page,regulation,direct,https://www.gov.il/he/departments/policies/70404
act-publications-sec-36-school-move,sec-36,2025-02-05,הנחיות להעברת בית ספר קיים למבנה אחר,פרסום רשמי של משרד העבודה באתר gov.il (נהלים והנחיות). התוכן המלא בקישור המקור.,government_page,education,direct,https://www.gov.il/he/departments/policies/school-move
act-publications-sec-6-guidelines_determining_total_area,sec-6,2025-02-05,הנחיות לקביעת זכויות בנייה בשטח כולל,פרסום רשמי של מינהל התכנון באתר gov.il (נהלים רגולטוריים). התוכן המלא בקישור המקור.,government_page,,direct,https://www.gov.il/he/departments/policies/guidelines_determining_total_area
act-publications-health-fcs-dha03022025,health,2025-02-04,"שמן המכיל DHA המופק ממיקרואצה .Schizochytrium sp, מבוטל מיום 22.10.2025",פרסום רשמי של משרד הבריאות באתר gov.il (נהלים והנחיות). התוכן המלא בקישור המקור.,government_page,,direct,https://www.gov.il/he/departments/policies/fcs-dha03022025
act-publications-sec-19-ishur_sretim_27125,sec-19,2025-02-04,אישור סרטים,פרסום רשמי של משרד התרבות והספורט באתר gov.il (מסמכי מדיניות). התוכן המלא בקישור המקור.,government_page,,direct,https://www.gov.il/he/departments/policies/ishur_sretim_27125
act-publications-sec-19-ishur_sretim_322025,sec-19,2025-02-04,אישור סרטים,פרסום רשמי של משרד התרבות והספורט באתר gov.il (מסמכי מדיניות). התוכן המלא בקישור המקור.,government_page,,direct,https://www.gov.il/he/departments/policies/ishur_sretim_322025
act-publications-sec-5-procedures030225-1,sec-5,2025-02-03,"נוהל האצלת סמכויות למתן הקלות  במערכי מס הכנסה, ניכויים, מיסוי מקרקעין, מס רכוש והחוק לצמצום השימוש במזומן, תשע""ח - 2018",פרסום רשמי של רשות המסים בישראל באתר gov.il (נהלים והנחיות). התוכן המלא בקישור המקור.,government_page,regulation,direct,https://www.gov.il/he/departments/policies/procedures030225-1
act-publications-sec-68-applications-permits-foreign-workers-in-nursing-institutions-2225,sec-68,2025-02-03,פתיחת מועד להגשת בקשות להיתרים להעסקת עובדים זרים ככוח עזר במוסדות סיעוד ברישוי משרד הבריאות,פרסום רשמי של רשות האוכלוסין וההגירה באתר gov.il (חוזרים ונהלים). התוכן המלא בקישור המקור.,government_page,regulation,direct,https://www.gov.il/he/departments/policies/applications-permits-foreign-workers-in-nursing-institutions-2225
act-publications-health-fcs-40774625,health,2025-02-02,"חרבות ברזל הוראת מנהל שירות המזון לבדיקות יזומות מיוחדות של מזון מיובא לפי סעיף - 86 (ב)(2) לחוק הגנה על בריאות הציבור (מזון), התשע""ו - 2015",פרסום רשמי של משרד הבריאות באתר gov.il (נהלים והנחיות). התוכן המלא בקישור המקור.,government_page,health,direct,https://www.gov.il/he/departments/policies/fcs-40774625
act-publications-health-fcs-685200824,health,2025-02-02,נוהל הפעלת סמכויות פיקוח להבאה של מים מינרלים מהאזור לפי סעיף 250 לחוק המזון,פרסום רשמי של משרד הבריאות באתר gov.il (נהלים והנחיות). התוכן המלא בקישור המקור.,government_page,regulation,direct,https://www.gov.il/he/departments/policies/fcs-685200824
act-publications-sec-68-notice-employers-payment-from-the-wages-of-palestinian-workers-january25,sec-68,2025-02-02,תשלום המעסיק משכר העובדים הפלשתינאים החל מחודש ינואר 2025,פרסום רשמי של רשות האוכלוסין וההגירה באתר gov.il (מידע למעסיקים). התוכן המלא בקישור המקור.,government_page,,direct,https://www.gov.il/he/departments/policies/notice-employers-payment-from-the-wages-of-palestinian-workers-january25
act-publications-health-fcs-vet-07,health,2025-02-01,קביעת היקף פיקוח ווטרינרי ובחינה מחדש,פרסום רשמי של משרד הבריאות באתר gov.il (נהלים והנחיות). התוכן המלא בקישור המקור.,government_page,,direct,https://www.gov.il/he/departments/policies/fcs-vet-07
act-publications-sec-34-70401,sec-34,2025-01-30,"החלטה מס' 70401 - עדכון רישיון מס' 02575623 לחברת תענך אנרגיה ירוקה 2 בע""מ",פרסום רשמי של רשות החשמל באתר gov.il (החלטות). התוכן המלא בקישור המקור.,government_page,,direct,https://www.gov.il/he/departments/policies/70401
act-publications-sec-34-70402,sec-34,2025-01-30,החלטה מס' 70402- עדכון תעריף 2025 לצרכני חברת החשמל מזרח ירושלים,פרסום רשמי של רשות החשמל באתר gov.il (החלטות). התוכן המלא בקישור המקור.,government_page,,direct,https://www.gov.il/he/departments/policies/70402
act-publications-sec-34-70405,sec-34,2025-01-30,"החלטה מס' 70405– תוכנית פריסת מתקני אגירה בתחמ""שים",פרסום רשמי של רשות החשמל באתר gov.il (החלטות). התוכן המלא בקישור המקור.,government_page,,direct,https://www.gov.il/he/departments/policies/70405
act-publications-sec-34-70406,sec-34,2025-01-30,"החלטה מס' 70406 - הסבת זכייה של אתר סטארפלסט תעשיות (1967) בע""מ  להליוס סולארי אלון תבור בע""מ",פרסום רשמי של רשות החשמל באתר gov.il (החלטות). התוכן המלא בקישור המקור.,government_page,,direct,https://www.gov.il/he/departments/policies/70406
act-publications-sec-37-criteria-employment-of-foreign-workers,sec-37,2025-01-30,קריטריונים לחלוקת היתרים להעסקת עובדים זרים מסרי לנקה בענף המלונאות - כפי שיושמו בפעימה שכבר הסתיימה,פרסום רשמי של משרד התיירות באתר gov.il (חוזרים ונהלים). התוכן המלא בקישור המקור.,government_page,,direct,https://www.gov.il/he/departments/policies/criteria-employment-of-foreign-workers
act-publications-health-kanfei-dror,health,2025-01-29,"איגרת ראש האגף לבריאות הנפש במשרד הבריאות על הדרכים להתמודדות נפשית בזמן מבצע ""כנפי דרור""",פרסום רשמי של משרד הבריאות באתר gov.il (נהלים והנחיות). התוכן המלא בקישור המקור.,government_page,,direct,https://www.gov.il/he/departments/policies/kanfei-dror
act-publications-sec-29-transparent-noise-barriers-birds,sec-29,2025-01-29,עקרונות יישום חדשים למניעת התנגשות בעלי כנף בקירות אקוסטיים שקופים,פרסום רשמי של משרד הבינוי והשיכון באתר gov.il (נהלים והנחיות). התוכן המלא בקישור המקור.,government_page,,direct,https://www.gov.il/he/departments/policies/transparent-noise-barriers-birds
act-publications-sec-5-procedures-290125,sec-5,2025-01-29,הנחיות בעניין היבטי המס שיחולו בהשקעה בחברה באמצעות SAFE - (Simple Agreement for Future Equity),פרסום רשמי של רשות המסים בישראל באתר gov.il (נהלים והנחיות). התוכן המלא בקישור המקור.,government_page,,direct,https://www.gov.il/he/departments/policies/procedures-290125
act-publications-sec-23-molsa-noshmim-precedures-derech-kedem-28012025,sec-23,2025-01-28,"תדריך עולים לדרך קד""ם - קבוצת דיון משפחתית להגנת הילד",פרסום רשמי של משרד הרווחה והביטחון החברתי באתר gov.il (נהלים והנחיות). התוכן המלא בקישור המקור.,government_page,,direct,https://www.gov.il/he/departments/policies/molsa-noshmim-precedures-derech-kedem-28012025
act-publications-sec-23-molsa-noshmim-precedures-noshmim-soldiers-28012025,sec-23,2025-01-28,"תוכנית נושמים חיילים ומלש""בים - תשתית להקמת שותפויות רב מקצועיות למען צעירים ומשפחותיהם",פרסום רשמי של משרד הרווחה והביטחון החברתי באתר gov.il (נהלים והנחיות). התוכן המלא בקישור המקור.,government_page,infrastructure; regulation,direct,https://www.gov.il/he/departments/policies/molsa-noshmim-precedures-noshmim-soldiers-28012025
act-publications-health-fcs-13-002,health,2025-01-27,נוהל אכיפה מינהלית עיצומים כספיים: איחוד הפרות,פרסום רשמי של משרד הבריאות באתר gov.il (נהלים והנחיות). התוכן המלא בקישור המקור.,government_page,regulation,direct,https://www.gov.il/he/departments/policies/fcs-13-002
act-publications-sec-5-procedures-270125,sec-5,2025-01-27,סעיף 9א(ב) לפקודת מס הכנסה - הנחיות לעניין הפטור ממס על קצבה מזכה - שנת 2025,פרסום רשמי של רשות המסים בישראל באתר gov.il (נהלים והנחיות). התוכן המלא בקישור המקור.,government_page,,direct,https://www.gov.il/he/departments/policies/procedures-270125
act-publications-sec-68-non_enforcement_nursing27125,sec-68,2025-01-27,חרבות ברזל – הודעה על הארכת תקופת אי אכיפה זמנית לגבי עובדי סיעוד זרים שבקשה לוועדה ההומניטרית לסיעוד בגינם נדחתה בין התאריכים 7.10.23 - 30.04.25,פרסום רשמי של רשות האוכלוסין וההגירה באתר gov.il (מידע למעסיקים). התוכן המלא בקישור המקור.,government_page,regulation,direct,https://www.gov.il/he/departments/policies/non_enforcement_nursing27125
act-publications-sec-7-news280125,sec-7,2025-01-27,"הוראת שעה לפקודת נציבות 04.36.00 - ""קשר טלפוני של אסירים ועצורים"" - הארכה מס' 2",פרסום רשמי של שירות בתי הסוהר באתר gov.il (פקודות והוראות). התוכן המלא בקישור המקור.,government_page,regulation,direct,https://www.gov.il/he/departments/policies/news280125
act-publications-sec-34-70201,sec-34,2025-01-26,החלטה מס' 70201- מתן רישיון ייצור חשמל בטכנולוגיה פוטוולטאית,פרסום רשמי של רשות החשמל באתר gov.il (החלטות). התוכן המלא בקישור המקור.,government_page,regulation,direct,https://www.gov.il/he/departments/policies/70201
act-publications-sec-34-70301,sec-34,2025-01-26,"החלטה מס' 70301 - מתן רישיון ייצור חשמל לתחנת כוח בטכנולוגיה קונבנציונלית לחברת נתיב האור – אורות רבין בע""מ",פרסום רשמי של רשות החשמל באתר gov.il (החלטות). התוכן המלא בקישור המקור.,government_page,regulation,direct,https://www.gov.il/he/departments/policies/70301
act-publications-sec-39-26082025_4,sec-39,2025-01-26,התראות מינהליות – פקודת הטלגרף לשנת 2025,פרסום רשמי של משרד התקשורת באתר gov.il (סמכויות פיקוח ואכיפה). התוכן המלא בקישור המקור.,government_page,regulation,direct,https://www.gov.il/he/departments/policies/26082025_4
act-publications-sec-34-70102,sec-34,2025-01-22,"החלטה מס' 70102 - אישור לשעבוד נכסים ברישיון מותנה מס' 02857123 של דוראל הדרי שאן פרויקט מתח עליון, שותפות מוגבלת",פרסום רשמי של רשות החשמל באתר gov.il (החלטות). התוכן המלא בקישור המקור.,government_page,,direct,https://www.gov.il/he/departments/policies/70102
act-publications-sec-39-1_22012025,sec-39,2025-01-22,החלטת המועצה לשידורי כבלים ולשידורי לוויין מספר 2-11/2024 מיום 16.12.2024,פרסום רשמי של משרד התקשורת באתר gov.il (החלטות). התוכן המלא בקישור המקור.,government_page,,direct,https://www.gov.il/he/departments/policies/1_22012025
act-publications-sec-39-22012025,sec-39,2025-01-22,החלטת המועצה לשידורי כבלים ולשידורי לוויין מספר 3-11/2024 מיום 16.12.2024,פרסום רשמי של משרד התקשורת באתר gov.il (החלטות). התוכן המלא בקישור המקור.,government_page,,direct,https://www.gov.il/he/departments/policies/22012025
act-publications-sec-5-inst-210125,sec-5,2025-01-21,הוראת ביצוע - מענקים למשרתי מילואים - מתווה שני,פרסום רשמי של רשות המסים בישראל באתר gov.il (הוראות ביצוע). התוכן המלא בקישור המקור.,government_page,grants; regulation,direct,https://www.gov.il/he/departments/policies/inst-210125
act-publications-sec-19-sratim_13_1_2025,sec-19,2025-01-20,אישור סרטים,פרסום רשמי של משרד התרבות והספורט באתר gov.il (מסמכי מדיניות). התוכן המלא בקישור המקור.,government_page,,direct,https://www.gov.il/he/departments/policies/sratim_13_1_2025
act-publications-sec-34-69901,sec-34,2025-01-20,"החלטה מס' 69901- ביטול רישיון להספקת חשמל ללא אמצעי ייצור מס' 00154522 לסולגרין אנרגיה וסחר, שותפות מוגבלת",פרסום רשמי של רשות החשמל באתר gov.il (החלטות). התוכן המלא בקישור המקור.,government_page,procurement; regulation,direct,https://www.gov.il/he/departments/policies/69901
act-publications-sec-34-70001,sec-34,2025-01-20,"החלטה מס' 70001- מתן רישיון הספקה למספקים שאין ברשותם אמצעי ייצור לחברת אמות השקעות אנרגיה בע""מ",פרסום רשמי של רשות החשמל באתר gov.il (החלטות). התוכן המלא בקישור המקור.,government_page,procurement; regulation,direct,https://www.gov.il/he/departments/policies/70001
act-publications-sec-34-70002,sec-34,2025-01-20,"החלטה מס' 70002 - תיקון רישיון מותנה מס' 00540413 לכוכב אגירה שאובה בע""מ",פרסום רשמי של רשות החשמל באתר gov.il (החלטות). התוכן המלא בקישור המקור.,government_page,,direct,https://www.gov.il/he/departments/policies/70002
act-publications-sec-34-70101,sec-34,2025-01-20,"החלטה מס' 70101- ביטול רישיון להספקת חשמל ללא אמצעי ייצור מס' 00534422 לחברת פופאי חשמל ישראל בע""מ",פרסום רשמי של רשות החשמל באתר gov.il (החלטות). התוכן המלא בקישור המקור.,government_page,procurement; regulation,direct,https://www.gov.il/he/departments/policies/70101
act-publications-sec-7-ministers_policy_25,sec-7,2025-01-20,מדיניות השר לביטחון לאומי לשנת העבודה 2025,פרסום רשמי של המשרד לביטחון לאומי באתר gov.il (מסמכי מדיניות). התוכן המלא בקישור המקור.,government_page,,direct,https://www.gov.il/he/departments/policies/ministers_policy_25
act-publications-health-fcs-666314624,health,2025-01-19,"הנחיה בנושא מזון חדש: מוצר מזון המכיל ""תרבית תאים שמקורם מבקר""",פרסום רשמי של משרד הבריאות באתר gov.il (נהלים והנחיות). התוכן המלא בקישור המקור.,government_page,,direct,https://www.gov.il/he/departments/policies/fcs-666314624
act-publications-sec-36-adjust-procedure-civil,sec-36,2025-01-19,נוהל מתן התאמות לבחינות הרישוי,פרסום רשמי של משרד העבודה באתר gov.il (נהלים והנחיות). התוכן המלא בקישור המקור.,government_page,regulation,direct,https://www.gov.il/he/departments/policies/adjust-procedure-civil
act-publications-sec-39-16012025,sec-39,2025-01-16,"תיקון רישיון אקסלרה טלקום בע""מ (תיקון 5)",פרסום רשמי של משרד התקשורת באתר gov.il (רישיונות). התוכן המלא בקישור המקור.,government_page,,direct,https://www.gov.il/he/departments/policies/16012025
act-publications-sec-5-inst-01-2025-2,sec-5,2025-01-16,"תוספת מספר 1 להוראה מספר 3: ""הצהרת הון –אסמכתא על הוצאה להשבחה"" שבהוראת ביצוע 28/87 מס שבח",פרסום רשמי של רשות המסים בישראל באתר gov.il (הוראות ביצוע). התוכן המלא בקישור המקור.,government_page,regulation,direct,https://www.gov.il/he/departments/policies/inst-01-2025-2
act-publications-sec-5-inst-01-2025-3,sec-5,2025-01-16,"הוראת ביצוע מיסוי מקרקעין מספר 1/2025: עדכון הסכומים והקפאת הסכומים בחוק מיסוי מקרקעין ובתקנות מס רכישה במסגרת חוק ההתייעלות הכלכלית (תיקוני חקיקה להשגת יעדי התקציב לשנת התקציב 2025) (הקפאת עדכוני מס ומס יסף), התשפ""ה-2024",פרסום רשמי של רשות המסים בישראל באתר gov.il (הוראות ביצוע). התוכן המלא בקישור המקור.,government_page,regulation,direct,https://www.gov.il/he/departments/policies/inst-01-2025-3
act-publications-sec-5-inst-02-2025,sec-5,2025-01-16,הוראת ביצוע מיסוי מקרקעין מספר: 2/2025 הנחיה בנושא תקנה 2(1א) לתקנות מס רכישה,פרסום רשמי של רשות המסים בישראל באתר gov.il (הוראות ביצוע). התוכן המלא בקישור המקור.,government_page,regulation,direct,https://www.gov.il/he/departments/policies/inst-02-2025
act-publications-sec-5-procedures-160125-1,sec-5,2025-01-16,הבהרה לגבי הגשת תביעה במסלול שכר לגבי עובד שמוסד החינוך שלו נסגר באופן חלקי,פרסום רשמי של רשות המסים בישראל באתר gov.il (נהלים והנחיות). התוכן המלא בקישור המקור.,government_page,,direct,https://www.gov.il/he/departments/policies/procedures-160125-1
act-publications-sec-34-70103,sec-34,2025-01-15,החלטה מס'  70103 – הארכת תוקף ועדכון האסדרה והתעריפים למתקני יצור חשמל בטכנולוגיה פוטו-וולטאית  לצריכה עצמית והעברת עודפים לרשת,פרסום רשמי של רשות החשמל באתר gov.il (החלטות). התוכן המלא בקישור המקור.,government_page,regulation,direct,https://www.gov.il/he/departments/policies/70103
act-publications-sec-34-70104,sec-34,2025-01-15,החלטה מס' 70104 – הרחבת המסלול מהיר לחיבור מתקן ייצור בטכנולוגיה פוטו וולטאית או מיתקן אגירה (RIA),פרסום רשמי של רשות החשמל באתר gov.il (החלטות). התוכן המלא בקישור המקור.,government_page,regulation; workforce,direct,https://www.gov.il/he/departments/policies/70104
act-publications-sec-39-15012025,sec-39,2025-01-15,הודעה על דחיית מועד תשלום אגרה בעד רישיון ובעד הקצאת תדרים חדשים לתחנות החד-מגמיות (סימפלקס) ולעסקי ממסרים – כיתות כוננות – עדכון מס' 4,פרסום רשמי של משרד התקשורת באתר gov.il (נהלים והנחיות). התוכן המלא בקישור המקור.,government_page,,direct,https://www.gov.il/he/departments/policies/15012025
act-publications-sec-39-15012025_1,sec-39,2025-01-15,תיקון רישיון בזק החברה הישראלית לתקשורת (מספר 97),פרסום רשמי של משרד התקשורת באתר gov.il (רישיונות). התוכן המלא בקישור המקור.,government_page,,direct,https://www.gov.il/he/departments/policies/15012025_1
act-publications-sec-5-procedures-150125-1,sec-5,2025-01-15,הבהרה לגבי זכאות באזור שנפגע בספטמבר-אוקטובר ונובמבר-דצמבר למסלול הוצאות מזכות וזכאות למסלול מחזורים ושכר בשכונות קריית חיים וקריית שמואל,פרסום רשמי של רשות המסים בישראל באתר gov.il (נהלים והנחיות). התוכן המלא בקישור המקור.,government_page,,direct,https://www.gov.il/he/departments/policies/procedures-150125-1
act-publications-environment-weighing,environment,2025-01-14,"אמות מידה, הנחיות ונוהל פנימי לשקילת מידע פלילי בעניין מבקשי הכרה לפי חוקי אחריות יצרן",פרסום רשמי של המשרד להגנת הסביבה באתר gov.il (נהלים רגולטוריים). התוכן המלא בקישור המקור.,government_page,regulation,direct,https://www.gov.il/he/departments/policies/weighing
act-publications-health-iscp-04092022,health,2025-01-13,"מפעלים פרמצבטיים, יבואנים, בתי מסחר ומעבדות שירות מפוקחים בישראל/חו""ל  GMP GDP status of inspected sites",פרסום רשמי של משרד הבריאות באתר gov.il (חוזרים ונהלים). התוכן המלא בקישור המקור.,government_page,,direct,https://www.gov.il/he/departments/policies/iscp-04092022
act-publications-sec-68-940007,sec-68,2025-01-13,תנאי ההיתר להעסקת עובדים זרים בענף תשתיות תחבורה (ענף משנה של ענף הבניין),פרסום רשמי של רשות האוכלוסין וההגירה באתר gov.il (נהלים והנחיות). התוכן המלא בקישור המקור.,government_page,,direct,https://www.gov.il/he/departments/policies/940007
act-publications-health-ot-12012025,health,2025-01-12,הנחיות מקצועיות לביצוע פעולה חריגה – ריפוי בעיסוק דיקור יבש לגף עליון וכתף על-ידי מרפאים בעיסוק,פרסום רשמי של משרד הבריאות באתר gov.il (נהלים והנחיות). התוכן המלא בקישור המקור.,government_page,regulation,direct,https://www.gov.il/he/departments/policies/ot-12012025
act-publications-sec-7-news150125,sec-7,2025-01-12,הוראת שעה: צמצום פעילויות שגרה בעת מלחמה - הארכה מס' 25,פרסום רשמי של שירות בתי הסוהר באתר gov.il (פקודות והוראות). התוכן המלא בקישור המקור.,government_page,emergency; regulation,direct,https://www.gov.il/he/departments/policies/news150125
act-publications-health-ex-010,health,2025-01-09,נוהל להגשת השגה על החלטת המנהל בנושא תנאי ייצור נאותים,פרסום רשמי של משרד הבריאות באתר gov.il (נהלים והנחיות). התוכן המלא בקישור המקור.,government_page,regulation,direct,https://www.gov.il/he/departments/policies/ex-010
act-publications-health-ic-midline,health,2025-01-09,הנחיות מניעת זיהומים בהחדרה ושימוש בצנתר midline,פרסום רשמי של משרד הבריאות באתר gov.il (נהלים והנחיות). התוכן המלא בקישור המקור.,government_page,,direct,https://www.gov.il/he/departments/policies/ic-midline
act-publications-sec-34-electricity-251124,sec-34,2025-01-09,"הוראות לעניין מענה לצרכים הנובעים ממצב החירום הנוכחי, שנגרם עקב מלחמת ""חרבות ברזל"", הנדרשות לביצוע בזמן החירום הנוכחי",פרסום רשמי של משרד האנרגיה והתשתיות באתר gov.il (מסמכי מדיניות). התוכן המלא בקישור המקור.,government_page,emergency; regulation,direct,https://www.gov.il/he/departments/policies/electricity-251124
act-publications-sec-34-electricity-dec-2024,sec-34,2025-01-09,"מתווה הפעלת יחידות ייצור חשמל 1-4 בתחנת הכוח אורות רבין ב""תקופת הביניים"" עד כניסתם לשימור",פרסום רשמי של משרד האנרגיה והתשתיות באתר gov.il (מסמכי מדיניות). התוכן המלא בקישור המקור.,government_page,regulation,direct,https://www.gov.il/he/departments/policies/electricity-dec-2024
act-publications-health-hashavut01-2025,health,2025-01-08,נוהל עבודה לשכות הבריאות בתחום מימון האשפוז הגריאטרי - תהליך הגבייה וסרגל האכיפה,פרסום רשמי של משרד הבריאות באתר gov.il (חוזרים ונהלים). התוכן המלא בקישור המקור.,government_page,regulation,direct,https://www.gov.il/he/departments/policies/hashavut01-2025
act-publications-sec-19-sratim_162024,sec-19,2025-01-08,אישור סרטים,פרסום רשמי של משרד התרבות והספורט באתר gov.il (מסמכי מדיניות). התוכן המלא בקישור המקור.,government_page,,direct,https://www.gov.il/he/departments/policies/sratim_162024
act-publications-sec-7-news13012025,sec-7,2025-01-08,הוראת שעה לפקודת נציבות 03.22.00 - הליך התאמה תעסוקתית לתפקיד,פרסום רשמי של שירות בתי הסוהר באתר gov.il (פקודות והוראות). התוכן המלא בקישור המקור.,government_page,,direct,https://www.gov.il/he/departments/policies/news13012025
act-publications-sec-23-molsa-people-with-disabilities-information-database-in-emergencies,sec-23,2025-01-07,טפסים מומלצים לצורכי דיווח שונים של גופים ציבוריים אל משרד הרווחה והביטחון החברתי,פרסום רשמי של משרד הרווחה והביטחון החברתי באתר gov.il (נהלים והנחיות). התוכן המלא בקישור המקור.,government_page,regulation,direct,https://www.gov.il/he/departments/policies/molsa-people-with-disabilities-information-database-in-emergencies
act-publications-sec-5-inst-03-2025,sec-5,2025-01-07,"הוראת ביצוע מס הכנסה ומס ערך מוסף, מספר 03/2025 - מערכת מקוונת לרישום והקצאת מספר ישות ב""מרשם ללא רשם אחר בחוק""",פרסום רשמי של רשות המסים בישראל באתר gov.il (הוראות ביצוע). התוכן המלא בקישור המקור.,government_page,regulation,direct,https://www.gov.il/he/departments/policies/inst-03-2025
act-publications-sec-34-70005,sec-34,2025-01-06,"החלטה מס' 70005  – בנושא מתן הוראה למנהל המערכת להתחייב לחבר לרשת ההולכה את מתקן ""השבת אנרגיה מפסולת"" בנאות חובב",פרסום רשמי של רשות החשמל באתר gov.il (החלטות). התוכן המלא בקישור המקור.,government_page,environment; workforce,direct,https://www.gov.il/he/departments/policies/70005
act-publications-sec-5-procedures-060125,sec-5,2025-01-06,"הנפקת אישור תושבות ביישוב מוטב לשנת 2025 – הנחיות מיוחדות בעקבות מלחמת ""חרבות ברזל""",פרסום רשמי של רשות המסים בישראל באתר gov.il (נהלים והנחיות). התוכן המלא בקישור המקור.,government_page,,direct,https://www.gov.il/he/departments/policies/procedures-060125
act-publications-sec-7-news6125,sec-7,2025-01-06,הוראת שעה לפקודת נציבות 04.13.00 - דין משמעתי לאסירים - הארכה מס' 2,פרסום רשמי של שירות בתי הסוהר באתר gov.il (פקודות והוראות). התוכן המלא בקישור המקור.,government_page,,direct,https://www.gov.il/he/departments/policies/news6125
act-publications-health-nd233-2025,health,2025-01-05,קוים מנחים לניהול לידה שקטה על ידי האחות המוסמכת והמיילדת במערכי נשים ומיילדות במתארי האשפוז ובקהילה,פרסום רשמי של משרד הבריאות באתר gov.il (חוזרים ונהלים). התוכן המלא בקישור המקור.,government_page,,direct,https://www.gov.il/he/departments/policies/nd233-2025
act-publications-sec-19-sratim_2024,sec-19,2025-01-05,אישור סרטים,פרסום רשמי של משרד התרבות והספורט באתר gov.il (מסמכי מדיניות). התוכן המלא בקישור המקור.,government_page,,direct,https://www.gov.il/he/departments/policies/sratim_2024
act-publications-sec-68-notice-ordering-foreign-workers-ind-extension-311224,sec-68,2025-01-05,"הזמנת עובדים זרים ע""י מעסיקים בעלי היתרים להעסקת עובדים זרים בענף התעשייה",פרסום רשמי של רשות האוכלוסין וההגירה באתר gov.il (חוזרים ונהלים). התוכן המלא בקישור המקור.,government_page,,direct,https://www.gov.il/he/departments/policies/notice-ordering-foreign-workers-ind-extension-311224
act-publications-sec-68-notice-ordering-foreign-workers-ind-extension-311224-d,sec-68,2025-01-05,"הזמנת עובדים זרים ע""י מעסיקים בעלי היתרים להעסקת עובדים זרים בענף התעשייה",פרסום רשמי של רשות האוכלוסין וההגירה באתר gov.il (חוזרים ונהלים). התוכן המלא בקישור המקור.,government_page,,direct,https://www.gov.il/he/departments/policies/notice-ordering-foreign-workers-ind-extension-311224-d
act-publications-sec-68-notice-to-private-bureaus-increased-vat,sec-68,2025-01-05,"הודעת עדכון ללשכות הפרטיות בעניין גביית תשלומים מותרים בעקבות עליית המע""מ","פרסום רשמי של רשות האוכלוסין וההגירה באתר gov.il (חוזרים והוראות מנכ""ל). התוכן המלא בקישור המקור.",government_page,,direct,https://www.gov.il/he/departments/policies/notice-to-private-bureaus-increased-vat
act-publications-sec-39-02012025,sec-39,2025-01-02,החלטת המועצה לשידורי כבלים ולשידורי לוויין מספר 2-10/2024 מיום 14.11.2024,פרסום רשמי של משרד התקשורת באתר gov.il (החלטות). התוכן המלא בקישור המקור.,government_page,,direct,https://www.gov.il/he/departments/policies/02012025
act-publications-sec-39-02012025_1,sec-39,2025-01-02,החלטת המועצה לשידורי כבלים ולשידורי לוויין מספר 6-11/2024 מיום 16.12.2024,פרסום רשמי של משרד התקשורת באתר gov.il (החלטות). התוכן המלא בקישור המקור.,government_page,,direct,https://www.gov.il/he/departments/policies/02012025_1
act-publications-sec-5-inst-01-2025,sec-5,2025-01-01,הוראת ביצוע מס הכנסה מספר 01/2025 - אישורי ניכוי מס במקור ואישורים לפי חוק עסקאות גופים ציבוריים לשנת המס 2025,פרסום רשמי של רשות המסים בישראל באתר gov.il (הוראות ביצוע). התוכן המלא בקישור המקור.,government_page,regulation,direct,https://www.gov.il/he/departments/policies/inst-01-2025
act-publications-health-sbn06-2024,health,2024-12-31,עדכון תשלומים בעד שירותי בריאות ותרופות לשנת 2024 לאחר עדכוני מדד,פרסום רשמי של משרד הבריאות באתר gov.il (חוזרים ונהלים). התוכן המלא בקישור המקור.,government_page,,direct,https://www.gov.il/he/departments/policies/sbn06-2024
act-publications-sec-34-70003,sec-34,2024-12-31,"החלטה מס' 70003  - אישור העברת אחזקות ברישיונות הייצור וההספקה שבשליטת דליה חברות אנרגיה בע""מ",פרסום רשמי של רשות החשמל באתר gov.il (החלטות). התוכן המלא בקישור המקור.,government_page,procurement; regulation,direct,https://www.gov.il/he/departments/policies/70003
act-publications-sec-5-tax-report-station-2024,sec-5,2024-12-31,עמדות החייבות בדיווח שנת 2024,פרסום רשמי של רשות המסים בישראל באתר gov.il (חוזרים ונהלים). התוכן המלא בקישור המקור.,government_page,,direct,https://www.gov.il/he/departments/policies/tax-report-station-2024
act-publications-sec-68-agrot_2025_foreign-workers,sec-68,2024-12-31,"עדכון סכומי אגרות, פיקדון, ערובה, ניכוי בעד מגורים הולמים, הוצאות נלוות וזיכוי בעד ביטוח רפואי - לשנת 2025","פרסום רשמי של רשות האוכלוסין וההגירה באתר gov.il (חוזרים והוראות מנכ""ל). התוכן המלא בקישור המקור.",government_page,,direct,https://www.gov.il/he/departments/policies/agrot_2025_foreign-workers
act-publications-economy-extended-laboratory-approval-procedure,economy,2024-12-29,"הנחיות והוראות הממונה על התקינה לעניין קבלת ""אישור מורחב"" על-פי סעיף 12(א4) בחוק התקנים, התשי""ג–1953",פרסום רשמי של משרד הכלכלה והתעשייה באתר gov.il (נהלים רגולטוריים). התוכן המלא בקישור המקור.,government_page,workforce,direct,https://www.gov.il/he/departments/policies/extended-laboratory-approval-procedure
act-publications-sec-34-70004,sec-34,2024-12-29,החלטה מס' 70004-  עדכון שנתי לתעריף החשמל 2025 לצרכני חברת חשמל,פרסום רשמי של רשות החשמל באתר gov.il (החלטות). התוכן המלא בקישור המקור.,government_page,,direct,https://www.gov.il/he/departments/policies/70004
act-publications-sec-5-procedures-291224,sec-5,2024-12-29,חוזר מקצועי מספר 02/2024 (מיסוי מקרקעין) בנושא: תיקוני חקיקה - חוק ההסדרים,פרסום רשמי של רשות המסים בישראל באתר gov.il (חוזרים ונהלים). התוכן המלא בקישור המקור.,government_page,regulation,direct,https://www.gov.il/he/departments/policies/procedures-291224
act-publications-sec-68-940006,sec-68,2024-12-29,תנאי ההיתר להעסקת עובדים זרים בענף השיפוצים (ענף משנה של ענף הבניין),פרסום רשמי של רשות האוכלוסין וההגירה באתר gov.il (נהלים והנחיות). התוכן המלא בקישור המקור.,government_page,,direct,https://www.gov.il/he/departments/policies/940006
act-publications-sec-39-271224,sec-39,2024-12-27,החלטת המועצה לשידורי כבלים ולשידורי לוויין מספר 4-11/2024 מיום 16.12.2024,פרסום רשמי של משרד התקשורת באתר gov.il (החלטות). התוכן המלא בקישור המקור.,government_page,,direct,https://www.gov.il/he/departments/policies/271224
act-publications-environment-scr,environment,2024-12-26,מדיניות התקנת SCR בתחנות כוח חדשות מסוג מחזור משולב,פרסום רשמי של המשרד להגנת הסביבה באתר gov.il (נהלים רגולטוריים). התוכן המלא בקישור המקור.,government_page,,direct,https://www.gov.il/he/departments/policies/scr
act-publications-health-dphn-682185524,health,2024-12-26,נוהל שירות מניעת עששת בטיפות חלב,פרסום רשמי של משרד הבריאות באתר gov.il (נהלים והנחיות). התוכן המלא בקישור המקור.,government_page,regulation,direct,https://www.gov.il/he/departments/policies/dphn-682185524
act-publications-sec-33-app_submission_cultivators,sec-33,2024-12-25,הסבר להליך הגשת בקשה לרישום זכות מטפחים בזן,פרסום רשמי של משרד החקלאות וביטחון המזון באתר gov.il (נהלים רגולטוריים). התוכן המלא בקישור המקור.,government_page,,direct,https://www.gov.il/he/departments/policies/app_submission_cultivators
act-publications-sec-7-risk_level_classification_of_sprinkler_systems_in_indoor_parking_lots,sec-7,2024-12-25,הנחיית סגן נציב כבאות והצלה בנושא סיווג רמת הסיכון של מערכות מתזים בחניונים מקורים,פרסום רשמי של כבאות והצלה לישראל באתר gov.il (נהלים והנחיות). התוכן המלא בקישור המקור.,government_page,,direct,https://www.gov.il/he/departments/policies/risk_level_classification_of_sprinkler_systems_in_indoor_parking_lots
act-publications-sec-7-information_procedures,sec-7,2024-12-24,נהלי הסברה ודוברות,פרסום רשמי של כבאות והצלה לישראל באתר gov.il (נהלים והנחיות). התוכן המלא בקישור המקור.,government_page,,direct,https://www.gov.il/he/departments/policies/information_procedures
act-publications-health-nd229-2024,health,2024-12-19,לא בתוקף - סמכויות אחים ואחיות מומחים קליניים באונקולוגיה והמטולוגיה,פרסום רשמי של משרד הבריאות באתר gov.il (חוזרים ונהלים). התוכן המלא בקישור המקור.,government_page,,direct,https://www.gov.il/he/departments/policies/nd229-2024
act-publications-health-nd230-2024,health,2024-12-19,סמכויות אחים ואחיות מומחים קליניים בנוירולוגיה בבתי החולים,פרסום רשמי של משרד הבריאות באתר gov.il (חוזרים ונהלים). התוכן המלא בקישור המקור.,government_page,,direct,https://www.gov.il/he/departments/policies/nd230-2024
act-publications-health-nd231-2024,health,2024-12-19,סמכויות אחים ואחיות מומחים קליניים ברפואה דחופה,פרסום רשמי של משרד הבריאות באתר gov.il (חוזרים ונהלים). התוכן המלא בקישור המקור.,government_page,,direct,https://www.gov.il/he/departments/policies/nd231-2024
act-publications-health-nd232-2024,health,2024-12-19,עדכון סמכויות אחים ואחיות מומחים בסוכרת,פרסום רשמי של משרד הבריאות באתר gov.il (חוזרים ונהלים). התוכן המלא בקישור המקור.,government_page,,direct,https://www.gov.il/he/departments/policies/nd232-2024
act-publications-economy-dgi-instructions-04-80,economy,2024-12-18,"הוראת מנכ""ל 4.80 - מסלול סיוע לתעשייה בהפחתת פליטות באמצעות לכידה וסילוק גזי חממה","פרסום רשמי של משרד הכלכלה והתעשייה באתר gov.il (חוזרים והוראות מנכ""ל). התוכן המלא בקישור המקור.",government_page,environment,direct,https://www.gov.il/he/departments/policies/dgi-instructions-04-80
act-publications-sec-19-film_review_council_18_12_2022,sec-19,2024-12-18,אישור סרטים,פרסום רשמי של משרד התרבות והספורט באתר gov.il (מסמכי מדיניות). התוכן המלא בקישור המקור.,government_page,,direct,https://www.gov.il/he/departments/policies/film_review_council_18_12_2022
act-publications-sec-33-cultivators_inst,sec-33,2024-12-18,הנחיות למילוי טופס בקשה לרישום זכות מטפחים בזן,פרסום רשמי של משרד החקלאות וביטחון המזון באתר gov.il (נהלים רגולטוריים). התוכן המלא בקישור המקור.,government_page,,direct,https://www.gov.il/he/departments/policies/cultivators_inst
act-publications-sec-5-agreement-2020-2027-fix,sec-5,2024-12-18,הסכם קיבוצי (מסגרת) לשנים 2020-2027 – הוראות ביצוע מיום 11.12.2024 בנושא תשלום תוספת אחוזית 2024 - תיקון,פרסום רשמי של משרד האוצר באתר gov.il (הוראות ביצוע). התוכן המלא בקישור המקור.,government_page,regulation,direct,https://www.gov.il/he/departments/policies/agreement-2020-2027-fix
act-publications-sec-68-relief_ukraine_russia181224,sec-68,2024-12-18,"הקלות מעודכנות לזכאי שבות נתיני אוקראינה, רוסיה ובילורוסיה - Оновлені полегшення для претендентів на повернення з України, Росії та Білорусі",פרסום רשמי של רשות האוכלוסין וההגירה באתר gov.il (חוזרים ונהלים). התוכן המלא בקישור המקור.,government_page,,direct,https://www.gov.il/he/departments/policies/relief_ukraine_russia181224
act-publications-environment-guidelines-archive,environment,2024-12-17,ארכיון הנחיות,פרסום רשמי של המשרד להגנת הסביבה באתר gov.il (נהלים והנחיות). התוכן המלא בקישור המקור.,government_page,,direct,https://www.gov.il/he/departments/policies/guidelines-archive
act-publications-health-bz07-2024,health,2024-12-17,תדריך לביצוע הערכת גדילה לתלמידים ולתלמידות בבית הספר,פרסום רשמי של משרד הבריאות באתר gov.il (חוזרים ונהלים). התוכן המלא בקישור המקור.,government_page,education; regulation,direct,https://www.gov.il/he/departments/policies/bz07-2024
act-publications-sec-34-69904,sec-34,2024-12-16,החלטה מס' 69904  – הארכת מועדים בהליך תחרותי למתקני אגירה המתחברים או המשתלבים ברשת המתח העליון,פרסום רשמי של רשות החשמל באתר gov.il (החלטות). התוכן המלא בקישור המקור.,government_page,,direct,https://www.gov.il/he/departments/policies/69904
act-publications-sec-68-qouta_health-pal-2025,sec-68,2024-12-16,הקצאות היתרים להעסקת עובדים פלשתינאים כדין בישראל בענף הבריאות - 2025,"פרסום רשמי של רשות האוכלוסין וההגירה באתר gov.il (חוזרים והוראות מנכ""ל). התוכן המלא בקישור המקור.",government_page,,direct,https://www.gov.il/he/departments/policies/qouta_health-pal-2025
act-publications-sec-68-qouta_health-pal-23-24,sec-68,2024-12-16,הקצאות היתרים להעסקת עובדים פלשתינאים כדין בישראל בענף הבריאות - 2023-2024,"פרסום רשמי של רשות האוכלוסין וההגירה באתר gov.il (חוזרים והוראות מנכ""ל). התוכן המלא בקישור המקור.",government_page,,direct,https://www.gov.il/he/departments/policies/qouta_health-pal-23-24
act-publications-sec-9-foreign_trainees_in_agriculture,sec-9,2024-12-16,נוהל משתלמים זרים בחקלאות,פרסום רשמי של משרד החוץ באתר gov.il (נהלים והנחיות). התוכן המלא בקישור המקור.,government_page,regulation,direct,https://www.gov.il/he/departments/policies/foreign_trainees_in_agriculture
act-publications-sec-34-69902,sec-34,2024-12-15,"החלטה מס' 69902 - אישור העברת שליטה ברישיון ייצור  מספר 608011 וברישיון הספקה מספר 00874019 של או.פי.סי. תחנת הכוח גת, שותפות מוגבלת",פרסום רשמי של רשות החשמל באתר gov.il (החלטות). התוכן המלא בקישור המקור.,government_page,procurement; regulation,direct,https://www.gov.il/he/departments/policies/69902
act-publications-sec-34-69903,sec-34,2024-12-15,"החלטה מס' 69903 - אישור העברת אמצעי שליטה ברישיון הייצור של אשדוד אנרגיה בע""מ  וברישיונות הייצור וההספקה של רמת נגב אנרגיה בע""מ",פרסום רשמי של רשות החשמל באתר gov.il (החלטות). התוכן המלא בקישור המקור.,government_page,procurement; regulation,direct,https://www.gov.il/he/departments/policies/69903
act-publications-sec-68-qouta_agri-2023-2024,sec-68,2024-12-15,הקצאות היתרים להעסקת עובדים פלשתינאים כדין בישראל בענף החקלאות 2023-2024,"פרסום רשמי של רשות האוכלוסין וההגירה באתר gov.il (חוזרים והוראות מנכ""ל). התוכן המלא בקישור המקור.",government_page,,direct,https://www.gov.il/he/departments/policies/qouta_agri-2023-2024
act-publications-health-hashavut05-2024,health,2024-12-12,פעולות לביצוע ודיווח בסיום שנת כספים 2024  - תאגידי הבריאות,פרסום רשמי של משרד הבריאות באתר gov.il (חוזרים ונהלים). התוכן המלא בקישור המקור.,government_page,regulation,direct,https://www.gov.il/he/departments/policies/hashavut05-2024
act-publications-health-reg-716699924,health,2024-12-12,תאריכי וועדות מייעצות לשנת 2025,פרסום רשמי של משרד הבריאות באתר gov.il (נהלים והנחיות). התוכן המלא בקישור המקור.,government_page,regulation,direct,https://www.gov.il/he/departments/policies/reg-716699924
act-publications-health-reg-716960424,health,2024-12-12,מיפוי הגשת בקשות לרישום תכשירים ושינויי התוויה ומשטר מינון למחלקה לרישום תכשירים במהלך שנת 2026,פרסום רשמי של משרד הבריאות באתר gov.il (נהלים והנחיות). התוכן המלא בקישור המקור.,government_page,,direct,https://www.gov.il/he/departments/policies/reg-716960424
act-publications-sec-19-film_review_council_9_12_2022,sec-19,2024-12-12,אישור סרטים,פרסום רשמי של משרד התרבות והספורט באתר gov.il (מסמכי מדיניות). התוכן המלא בקישור המקור.,government_page,,direct,https://www.gov.il/he/departments/policies/film_review_council_9_12_2022
act-publications-sec-36-appendix-increasing-diploma-rate,sec-36,2024-12-12,"נספח לתקצוב תכנית המעטפת לצמצום נשירה והעלאת שיעור הדיפלום לסטודנטים ערבים בשנת תשפ""ה וקורסי הכנה לתשפ""ו",פרסום רשמי של משרד העבודה באתר gov.il (נהלים והנחיות). התוכן המלא בקישור המקור.,government_page,regulation,direct,https://www.gov.il/he/departments/policies/appendix-increasing-diploma-rate
act-publications-sec-7-news151224,sec-7,2024-12-12,הוראת שעה: צמצום פעילויות שגרה בעת מלחמה - הארכה מס' 24,פרסום רשמי של שירות בתי הסוהר באתר gov.il (נהלים והנחיות). התוכן המלא בקישור המקור.,government_page,emergency; regulation,direct,https://www.gov.il/he/departments/policies/news151224
act-publications-health-hashavut03-2024,health,2024-12-11,"פעולות לביצוע ודיווח בסיום שנת כספים - בי""ח כלליים ובי""ח לבריאות הנפש",פרסום רשמי של משרד הבריאות באתר gov.il (חוזרים ונהלים). התוכן המלא בקישור המקור.,government_page,regulation,direct,https://www.gov.il/he/departments/policies/hashavut03-2024
act-publications-health-hashavut04-2024,health,2024-12-11,"פעולות לביצוע ודיווח בסיום שנת כספים - בי""ח גריאטריים",פרסום רשמי של משרד הבריאות באתר gov.il (חוזרים ונהלים). התוכן המלא בקישור המקור.,government_page,regulation,direct,https://www.gov.il/he/departments/policies/hashavut04-2024
act-publications-health-nd227-2024,health,2024-12-11,"שטיפת נקז בכיס מרה ונקז בדרכי מרה כפעולת סיעוד לאחות מוסמכת במערך האשפוז, קהילה ובמתאר הבית",פרסום רשמי של משרד הבריאות באתר gov.il (חוזרים ונהלים). התוכן המלא בקישור המקור.,government_page,,direct,https://www.gov.il/he/departments/policies/nd227-2024
act-publications-health-nd228-2024,health,2024-12-11,סמכות הזלפת תרופה ביולוגית ו/או כימותרפית לכיס השתן כפעולת סיעוד לאחות מוסמכת במערך אורולוגי באשפוז ובקהילה,פרסום רשמי של משרד הבריאות באתר gov.il (חוזרים ונהלים). התוכן המלא בקישור המקור.,government_page,,direct,https://www.gov.il/he/departments/policies/nd228-2024
act-publications-sec-6-threshol_procedure,sec-6,2024-12-10,נוהל תנאי סף להגשת תכנית,פרסום רשמי של מינהל התכנון באתר gov.il (נהלים רגולטוריים). התוכן המלא בקישור המקור.,government_page,regulation,direct,https://www.gov.il/he/departments/policies/threshol_procedure
act-publications-economy-dgi-instructions-04-79,economy,2024-12-09,"הוראת מנכ""ל 4.79 - סיוע לתעשייה להסתגלות העלייה במס הבלו – ""מס פחמן""","פרסום רשמי של משרד הכלכלה והתעשייה באתר gov.il (חוזרים והוראות מנכ""ל). התוכן המלא בקישור המקור.",government_page,,direct,https://www.gov.il/he/departments/policies/dgi-instructions-04-79
act-publications-health-nd226-2024,health,2024-12-09,"עדכון תקנות בריאות העם אישור תואר מומחה באחיוּת (סיעוד), התשפ""ד, 2024",פרסום רשמי של משרד הבריאות באתר gov.il (חוזרים ונהלים). התוכן המלא בקישור המקור.,government_page,regulation,direct,https://www.gov.il/he/departments/policies/nd226-2024
act-publications-health-psy-693671124,health,2024-12-09,התאמת דרישות ההתמחות עד סוף דצמבר 2025 בעקבות המצב הביטחוני,פרסום רשמי של משרד הבריאות באתר gov.il (נהלים והנחיות). התוכן המלא בקישור המקור.,government_page,,direct,https://www.gov.il/he/departments/policies/psy-693671124
act-publications-sec-34-energy-commissioner,sec-34,2024-12-09,ממונה אנרגיה,פרסום רשמי של משרד האנרגיה והתשתיות באתר gov.il (נהלים רגולטוריים). התוכן המלא בקישור המקור.,government_page,,direct,https://www.gov.il/he/departments/policies/energy-commissioner
act-publications-sec-34-se-registration,sec-34,2024-12-09,בקשה להיכלל ברשימת בעלי התפקידים המאושרים באתר משרד האנרגיה והתשתיות,פרסום רשמי של משרד האנרגיה והתשתיות באתר gov.il (נהלים רגולטוריים). התוכן המלא בקישור המקור.,government_page,,direct,https://www.gov.il/he/departments/policies/se-registration
act-publications-sec-5-procedures-091224,sec-5,2024-12-09,חוזר מקצועי מס הכנסה 01/2024  הגשת תוכנית הקצאת מניות באמצעות נאמן על פי סעיף 102 לפקודה,פרסום רשמי של רשות המסים בישראל באתר gov.il (נהלים והנחיות). התוכן המלא בקישור המקור.,government_page,regulation,direct,https://www.gov.il/he/departments/policies/procedures-091224
act-publications-health-titis-081122024,health,2024-12-08,קשר בין אוטיזם ושימוש באצטאמינופן/פראצטאמול בהריון – האמנם?,פרסום רשמי של משרד הבריאות באתר gov.il (ניירות עמדה). התוכן המלא בקישור המקור.,government_page,,direct,https://www.gov.il/he/departments/policies/titis-081122024
act-publications-sec-39-08122024,sec-39,2024-12-08,החלטת המועצה לשידורי כבלים ולשידורי לוויין מספר 2-7/2024 מיום  4.9.2024,פרסום רשמי של משרד התקשורת באתר gov.il (החלטות). התוכן המלא בקישור המקור.,government_page,,direct,https://www.gov.il/he/departments/policies/08122024
act-publications-sec-5-state-budget-2025,sec-5,2024-12-08,תקציב המדינה 2025,פרסום רשמי של משרד האוצר באתר gov.il (תקציב המדינה). התוכן המלא בקישור המקור.,government_page,,direct,https://www.gov.il/he/departments/policies/state-budget-2025
act-publications-sec-5-state-budget-gov-offices-2025,sec-5,2024-12-08,הצעת תקציב משרדי הממשלה לשנת 2025,פרסום רשמי של משרד האוצר באתר gov.il (תקציב המדינה). התוכן המלא בקישור המקור.,government_page,,direct,https://www.gov.il/he/departments/policies/state-budget-gov-offices-2025
act-publications-sec-5-state-budget-main-2025,sec-5,2024-12-08,עיקרי תקציב 2025,פרסום רשמי של משרד האוצר באתר gov.il (תקציב המדינה). התוכן המלא בקישור המקור.,government_page,,direct,https://www.gov.il/he/departments/policies/state-budget-main-2025
act-publications-sec-39-05122024,sec-39,2024-12-05,תיקון רישיון פרטנר פתרונות תקשורת נייחים (מספר 39),פרסום רשמי של משרד התקשורת באתר gov.il (רישיונות). התוכן המלא בקישור המקור.,government_page,,direct,https://www.gov.il/he/departments/policies/05122024
act-publications-health-mr14-2024,health,2024-12-04,אמות מידה לשירות פסיכולוגי בבתי חולים כלליים,פרסום רשמי של משרד הבריאות באתר gov.il (חוזרים ונהלים). התוכן המלא בקישור המקור.,government_page,health,direct,https://www.gov.il/he/departments/policies/mr14-2024
act-publications-sec-19-film_review_council_december_2024,sec-19,2024-12-04,אישור סרטים,פרסום רשמי של משרד התרבות והספורט באתר gov.il (מסמכי מדיניות). התוכן המלא בקישור המקור.,government_page,,direct,https://www.gov.il/he/departments/policies/film_review_council_december_2024
act-publications-sec-68-allocation_agri_2025,sec-68,2024-12-04,רשימת ההקצאות להעסקת עובדים זרים בענף החקלאות לשנת 2025,"פרסום רשמי של רשות האוכלוסין וההגירה באתר gov.il (חוזרים והוראות מנכ""ל). התוכן המלא בקישור המקור.",government_page,,direct,https://www.gov.il/he/departments/policies/allocation_agri_2025
act-publications-health-mr11-2024,health,2024-12-03,"אמות מידה ליחידות להפרייה חוץ גופית (הח""ג, IVF, הפריה)",פרסום רשמי של משרד הבריאות באתר gov.il (חוזרים ונהלים). התוכן המלא בקישור המקור.,government_page,,direct,https://www.gov.il/he/departments/policies/mr11-2024
act-publications-health-mr12-2024,health,2024-12-03,הנחיות ליחידות הפריה חוץ גופית (IVF) אודות טיפול בביציות מופרות,פרסום רשמי של משרד הבריאות באתר gov.il (חוזרים ונהלים). התוכן המלא בקישור המקור.,government_page,,direct,https://www.gov.il/he/departments/policies/mr12-2024
act-publications-health-mr13-2024,health,2024-12-03,הקפאת ביציות ושימורן,פרסום רשמי של משרד הבריאות באתר gov.il (חוזרים ונהלים). התוכן המלא בקישור המקור.,government_page,,direct,https://www.gov.il/he/departments/policies/mr13-2024
act-publications-sec-33-removing_geographical_restrictions,sec-33,2024-12-03,הסרת מגבלה גיאוגרפית על פתיחת בתי מטבחיים,פרסום רשמי של משרד החקלאות וביטחון המזון באתר gov.il (נהלים כלליים). התוכן המלא בקישור המקור.,government_page,,direct,https://www.gov.il/he/departments/policies/removing_geographical_restrictions
act-publications-sec-34-fuel-company-procedure,sec-34,2024-12-03,נוהל רישום חברות הדלק,פרסום רשמי של משרד האנרגיה והתשתיות באתר gov.il (נהלים רגולטוריים). התוכן המלא בקישור המקור.,government_page,regulation,direct,https://www.gov.il/he/departments/policies/fuel-company-procedure
act-publications-sec-39-03122024,sec-39,2024-12-03,החלטת המועצה לשידורי כבלים ולשידורי לוויין מספר 1-10/2024 מיום 14.11.2024 בעניין:,פרסום רשמי של משרד התקשורת באתר gov.il (החלטות). התוכן המלא בקישור המקור.,government_page,,direct,https://www.gov.il/he/departments/policies/03122024
act-publications-health-emg-65,health,2024-12-02,הנחיות לשעת חירום לבני +65 ובני משפחותיהם,פרסום רשמי של משרד הבריאות באתר gov.il (נהלים והנחיות). התוכן המלא בקישור המקור.,government_page,emergency,direct,https://www.gov.il/he/departments/policies/emg-65
act-publications-health-psyc-702709424,health,2024-12-02,ארגון עבודת הפסיכולוג במסגרת אמבולטורית,פרסום רשמי של משרד הבריאות באתר gov.il (חוזרים ונהלים). התוכן המלא בקישור המקור.,government_page,,direct,https://www.gov.il/he/departments/policies/psyc-702709424
act-publications-sec-23-molsa-executive-circulars-007-2024,sec-23,2024-12-01,בינוי ושיפוץ מחלקות לשירותים חברתיים,"פרסום רשמי של משרד הרווחה והביטחון החברתי באתר gov.il (חוזרים והוראות מנכ""ל). התוכן המלא בקישור המקור.",government_page,,direct,https://www.gov.il/he/departments/policies/molsa-executive-circulars-007-2024
act-publications-sec-29-neyar-emda-20112024,sec-29,2024-11-28,עמדת רשם הקבלנים - הדרישה להחזקת רישיון קבלן לצורך ייצור והקמה של מבנה יביל,פרסום רשמי של משרד הבינוי והשיכון באתר gov.il (ניירות עמדה). התוכן המלא בקישור המקור.,government_page,regulation,direct,https://www.gov.il/he/departments/policies/neyar-emda-20112024
act-publications-health-mr10-2024,health,2024-11-27,לא בתוקף - היערכות לחורף 2024-2025,פרסום רשמי של משרד הבריאות באתר gov.il (חוזרים ונהלים). התוכן המלא בקישור המקור.,government_page,emergency,direct,https://www.gov.il/he/departments/policies/mr10-2024
act-publications-sec-5-customs-procedures-271124-1,sec-5,2024-11-27,הוראות נוהל : הסכם סחר בין ממשלת מדינת ישראל  לבין ממשלת הרפובליקה הסוציאליסטית של וייטנאם,פרסום רשמי של רשות המסים בישראל באתר gov.il (נהלים והנחיות). התוכן המלא בקישור המקור.,government_page,regulation,direct,https://www.gov.il/he/departments/policies/customs-procedures-271124-1
act-publications-sec-19-film_review_council_november26_2024,sec-19,2024-11-26,אישור סרטים,פרסום רשמי של משרד התרבות והספורט באתר gov.il (מסמכי מדיניות). התוכן המלא בקישור המקור.,government_page,,direct,https://www.gov.il/he/departments/policies/film_review_council_november26_2024
act-publications-sec-68-qouta_constructions2024,sec-68,2024-11-25,הקצאות היתרים להעסקת עובדים פלשתינאים כדין בישראל בענף הבניין 2023-2024,"פרסום רשמי של רשות האוכלוסין וההגירה באתר gov.il (חוזרים והוראות מנכ""ל). התוכן המלא בקישור המקור.",government_page,,direct,https://www.gov.il/he/departments/policies/qouta_constructions2024
act-publications-sec-68-qouta_constructions2025,sec-68,2024-11-25,הקצאות היתרים להעסקת עובדים פלשתינאים כדין בישראל בענף הבניין 2025,"פרסום רשמי של רשות האוכלוסין וההגירה באתר gov.il (חוזרים והוראות מנכ""ל). התוכן המלא בקישור המקור.",government_page,,direct,https://www.gov.il/he/departments/policies/qouta_constructions2025
act-publications-sec-68-qouta_constructions21-22,sec-68,2024-11-25,הקצאות היתרים להעסקת עובדים פלשתינאים כדין בישראל בענף הבניין - 2021-2022,"פרסום רשמי של רשות האוכלוסין וההגירה באתר gov.il (חוזרים והוראות מנכ""ל). התוכן המלא בקישור המקור.",government_page,,direct,https://www.gov.il/he/departments/policies/qouta_constructions21-22
act-publications-health-epi-692132524,health,2024-11-24,נוהל לביצוע בדיקות סינון לשחפת בפנימיות,פרסום רשמי של משרד הבריאות באתר gov.il (חוזרים ונהלים). התוכן המלא בקישור המקור.,government_page,regulation,direct,https://www.gov.il/he/departments/policies/epi-692132524
act-publications-sec-6-regulatori-10,sec-6,2024-11-24,מפרט תנאים ברישיון עסק מפעל בטחוני: פרק י' - תנאים לשינוע חומרים מסוכנים,פרסום רשמי של משרד הפנים באתר gov.il (נהלים רגולטוריים). התוכן המלא בקישור המקור.,government_page,,direct,https://www.gov.il/he/departments/policies/regulatori-10
act-publications-sec-6-regulatori-11,sec-6,2024-11-24,מפרט תנאים ברישיון עסק מפעל בטחוני: פרק יא - תנאים משלימים להבטחת מטרות החוק בטיפול בכלי ירייה ותחמושתם,פרסום רשמי של משרד הפנים באתר gov.il (נהלים רגולטוריים). התוכן המלא בקישור המקור.,government_page,public-transport,direct,https://www.gov.il/he/departments/policies/regulatori-11
act-publications-sec-6-regulatori-6,sec-6,2024-11-24,מפרט תנאים ברישיון עסק מפעל בטחוני: פרק ו' - תנאים להבטחת בטיחות הנמצאים בעסק וסביבתו,פרסום רשמי של משרד הפנים באתר gov.il (נהלים רגולטוריים). התוכן המלא בקישור המקור.,government_page,,direct,https://www.gov.il/he/departments/policies/regulatori-6
act-publications-sec-6-regulatori-7,sec-6,2024-11-24,מפרט תנאים ברישיון עסק מפעל בטחוני: פרק ז' - תנאים למניעת דליקות ולחימה באש,פרסום רשמי של משרד הפנים באתר gov.il (נהלים רגולטוריים). התוכן המלא בקישור המקור.,government_page,,direct,https://www.gov.il/he/departments/policies/regulatori-7
act-publications-sec-6-regulatori-8,sec-6,2024-11-24,מפרט תנאים ברישיון עסק מפעל בטחוני: פרק ח' - תנאים להבטחת מניעת סכנה לשלום הציבור,פרסום רשמי של משרד הפנים באתר gov.il (נהלים רגולטוריים). התוכן המלא בקישור המקור.,government_page,,direct,https://www.gov.il/he/departments/policies/regulatori-8
act-publications-sec-68-950003,sec-68,2024-11-24,תנאי ההיתר להעסקת עובדים זרים בישראל בעבודת עוזרי מטבח בענף המסעדות,פרסום רשמי של רשות האוכלוסין וההגירה באתר gov.il (נהלים והנחיות). התוכן המלא בקישור המקור.,government_page,,direct,https://www.gov.il/he/departments/policies/950003
act-publications-sec-7-news241124,sec-7,2024-11-21,"הוראת שעה לפקודת נציבות 04.40.00 - חופשות אסירים"" (חופשה מיוחדת ""חרבות ברזל"") - הארכה מס' 2",פרסום רשמי של שירות בתי הסוהר באתר gov.il (פקודות והוראות). התוכן המלא בקישור המקור.,government_page,,direct,https://www.gov.il/he/departments/policies/news241124
act-publications-sec-34-69701,sec-34,2024-11-20,החלטה מס' 69701- הוראה למנהל המערכת לקידום תכנון למתקני ייצור קונבנציונאליים,פרסום רשמי של רשות החשמל באתר gov.il (החלטות). התוכן המלא בקישור המקור.,government_page,regulation,direct,https://www.gov.il/he/departments/policies/69701
act-publications-sec-6-regulatori-1,sec-6,2024-11-19,מפרט תנאים ברישיון עסק מפעל בטחוני: פרק א' - תנאים כללים,פרסום רשמי של משרד הפנים באתר gov.il (נהלים רגולטוריים). התוכן המלא בקישור המקור.,government_page,,direct,https://www.gov.il/he/departments/policies/regulatori-1
act-publications-sec-6-regulatori-2,sec-6,2024-11-19,מפרט תנאים ברישיון עסק מפעל בטחוני: פרק ב' - תנאים להבטחת קיום תכליות דיני תכנון ובניה,פרסום רשמי של משרד הפנים באתר gov.il (נהלים רגולטוריים). התוכן המלא בקישור המקור.,government_page,,direct,https://www.gov.il/he/departments/policies/regulatori-2
act-publications-sec-6-regulatori-3,sec-6,2024-11-19,מפרט תנאים ברישיון עסק מפעל בטחוני: פרק ג' - הבטחת מניעת סיכוני העיסוק בנפיצים,פרסום רשמי של משרד הפנים באתר gov.il (נהלים רגולטוריים). התוכן המלא בקישור המקור.,government_page,,direct,https://www.gov.il/he/departments/policies/regulatori-3
act-publications-sec-6-regulatori-4,sec-6,2024-11-19,מפרט תנאים ברישיון עסק מפעל בטחוני: פרק ד' - תנאים להבטחת איכות נאותה של הסביבה,פרסום רשמי של משרד הפנים באתר gov.il (נהלים רגולטוריים). התוכן המלא בקישור המקור.,government_page,,direct,https://www.gov.il/he/departments/policies/regulatori-4
act-publications-sec-6-regulatori-5,sec-6,2024-11-19,מפרט תנאים ברישיון עסק מפעל בטחוני: פרק ה' -  תנאים להבטחת בריאות הציבור,פרסום רשמי של משרד הפנים באתר gov.il (נהלים רגולטוריים). התוכן המלא בקישור המקור.,government_page,health,direct,https://www.gov.il/he/departments/policies/regulatori-5
act-publications-sec-6-regulatori-mancal82020,sec-6,2024-11-19,חוזר מנכל 08/2020 - תבנית להכנת תיק מפעל,פרסום רשמי של משרד הפנים באתר gov.il (נהלים רגולטוריים). התוכן המלא בקישור המקור.,government_page,,direct,https://www.gov.il/he/departments/policies/regulatori-mancal82020
act-publications-sec-68-constructions_permits_2025_request_foreign_execution_companies,sec-68,2024-11-19,הארכת התרים לחברות הביצוע הזרות להעסקת עובדים זרים בישראל בענף הבניין לשנת 2025,"פרסום רשמי של רשות האוכלוסין וההגירה באתר gov.il (חוזרים והוראות מנכ""ל). התוכן המלא בקישור המקור.",government_page,regulation,direct,https://www.gov.il/he/departments/policies/constructions_permits_2025_request_foreign_execution_companies
act-publications-sec-5-customs-procedures-181124,sec-5,2024-11-18,נוהל לאישור יבוא רכישה שימוש והחזקת מונית בהטבת מס,פרסום רשמי של רשות המסים בישראל באתר gov.il (נהלים והנחיות). התוכן המלא בקישור המקור.,government_page,regulation,direct,https://www.gov.il/he/departments/policies/customs-procedures-181124
act-publications-health-epid-flu-corona-2024-2025,health,2024-11-17,חיסוני שפעת וקורונה לעונת החורף 2024-2025,פרסום רשמי של משרד הבריאות באתר gov.il (נהלים והנחיות). התוכן המלא בקישור המקור.,government_page,,direct,https://www.gov.il/he/departments/policies/epid-flu-corona-2024-2025
act-publications-sec-29-neyar-emda-17112024,sec-29,2024-11-17,דיונים בוועדה המייעצת לרשם הקבלנים – אי הגעה או דחיית דיונים,פרסום רשמי של משרד הבינוי והשיכון באתר gov.il (ניירות עמדה). התוכן המלא בקישור המקור.,government_page,,direct,https://www.gov.il/he/departments/policies/neyar-emda-17112024
act-publications-sec-34-se-survey-procedure,sec-34,2024-11-17,מפרט לביצוע סקר לאיתור פוטנציאל לשימור אנרגיה במפעלים ובמוסדות,פרסום רשמי של משרד האנרגיה והתשתיות באתר gov.il (נהלים רגולטוריים). התוכן המלא בקישור המקור.,government_page,regulation,direct,https://www.gov.il/he/departments/policies/se-survey-procedure
act-publications-sec-68-nursing_permits_2025_request,sec-68,2024-11-17,"בקשות להארכת היתר ללשכות פרטיות להבאה, לתיווך ולטיפול בעובדים זרים בענף הסיעוד – 2025-2026 עבור ""לשכה ממשיכה""","פרסום רשמי של רשות האוכלוסין וההגירה באתר gov.il (חוזרים והוראות מנכ""ל). התוכן המלא בקישור המקור.",government_page,,direct,https://www.gov.il/he/departments/policies/nursing_permits_2025_request
act-publications-sec-34-se-notification,sec-34,2024-11-14,נוהל התראה מינהלית - חוק מקורות אנרגיה,פרסום רשמי של משרד האנרגיה והתשתיות באתר gov.il (נהלים והנחיות). התוכן המלא בקישור המקור.,government_page,regulation,direct,https://www.gov.il/he/departments/policies/se-notification
act-publications-environment-irbca,environment,2024-11-13,הנחיות ונהלים לסקרי סיכונים IRBCA,פרסום רשמי של המשרד להגנת הסביבה באתר gov.il (נהלים והנחיות). התוכן המלא בקישור המקור.,government_page,,direct,https://www.gov.il/he/departments/policies/irbca
act-publications-environment-laboratories-and-analyses,environment,2024-11-13,הנחיות והבהרות למעבדות מוסמכות ולאנליזות קרקע,פרסום רשמי של המשרד להגנת הסביבה באתר gov.il (נהלים והנחיות). התוכן המלא בקישור המקור.,government_page,,direct,https://www.gov.il/he/departments/policies/laboratories-and-analyses
act-publications-environment-land-surveys,environment,2024-11-13,הנחיות והבהרות לסקרי קרקע,פרסום רשמי של המשרד להגנת הסביבה באתר gov.il (נהלים והנחיות). התוכן המלא בקישור המקור.,government_page,,direct,https://www.gov.il/he/departments/policies/land-surveys
act-publications-environment-prioritization,environment,2024-11-13,מודלים,פרסום רשמי של המשרד להגנת הסביבה באתר gov.il (נהלים והנחיות). התוכן המלא בקישור המקור.,government_page,,direct,https://www.gov.il/he/departments/policies/prioritization
act-publications-environment-request-forms,environment,2024-11-13,הנחיות להגשת טופסי בקשה למשרד,פרסום רשמי של המשרד להגנת הסביבה באתר gov.il (נהלים והנחיות). התוכן המלא בקישור המקור.,government_page,,direct,https://www.gov.il/he/departments/policies/request-forms
act-publications-environment-restoration-and-evacuation,environment,2024-11-13,הנחיות והבהרות לשיקום ולפינוי,פרסום רשמי של המשרד להגנת הסביבה באתר gov.il (נהלים והנחיות). התוכן המלא בקישור המקור.,government_page,emergency,direct,https://www.gov.il/he/departments/policies/restoration-and-evacuation
act-publications-environment-soil-gases,environment,2024-11-13,הנחיות והבהרות לגזי קרקע,פרסום רשמי של המשרד להגנת הסביבה באתר gov.il (נהלים והנחיות). התוכן המלא בקישור המקור.,government_page,,direct,https://www.gov.il/he/departments/policies/soil-gases
act-publications-health-mr09-2024,health,2024-11-13,אמות מידה לצילום בחדרי טראומה וטיפול נמרץ במחלקה לרפואה הדחופה,פרסום רשמי של משרד הבריאות באתר gov.il (חוזרים ונהלים). התוכן המלא בקישור המקור.,government_page,,direct,https://www.gov.il/he/departments/policies/mr09-2024
act-publications-sec-7-news141124,sec-7,2024-11-13,הוראת שעה: צמצום פעילויות שגרה בעת מלחמה - הארכה מס' 23,פרסום רשמי של שירות בתי הסוהר באתר gov.il (פקודות והוראות). התוכן המלא בקישור המקור.,government_page,emergency; regulation,direct,https://www.gov.il/he/departments/policies/news141124
act-publications-sec-7-news19012024,sec-7,2024-11-13,"הוראת שעה לפקודת נציבות 02.36.00 - פיצויי פיטורין, אישור פיצויי פיטורין או גמלה לסוהרים המפוטרים בגין עבירה",פרסום רשמי של שירות בתי הסוהר באתר gov.il (פקודות והוראות). התוכן המלא בקישור המקור.,government_page,regulation,direct,https://www.gov.il/he/departments/policies/news19012024
act-publications-health-bz06-2024,health,2024-11-12,תדריך לביצוע בדיקת סינון לשמיעה לתלמידים ולתלמידות בבתי הספר,פרסום רשמי של משרד הבריאות באתר gov.il (חוזרים ונהלים). התוכן המלא בקישור המקור.,government_page,education; regulation,direct,https://www.gov.il/he/departments/policies/bz06-2024
act-publications-sec-34-69702,sec-34,2024-11-12,החלטה מס' 69702 – הארכת תוקף אסדרה ליצרנים המחוברים לרשת מתח עליון הקמים ללא הליך תחרותי,פרסום רשמי של רשות החשמל באתר gov.il (החלטות). התוכן המלא בקישור המקור.,government_page,,direct,https://www.gov.il/he/departments/policies/69702
act-publications-economy-israel-vietnam-fta,economy,2024-11-11,הסכם אזור סחר חופשי בין ישראל לוייטנאם,פרסום רשמי של משרד הכלכלה והתעשייה באתר gov.il (הסכמים). התוכן המלא בקישור המקור.,government_page,,direct,https://www.gov.il/he/departments/policies/israel-vietnam-fta
act-publications-sec-19-hill_climb_event,sec-19,2024-11-10,טיפוס גבעה - כללי אירוע,פרסום רשמי של משרד התרבות והספורט באתר gov.il (נהלים והנחיות). התוכן המלא בקישור המקור.,government_page,,direct,https://www.gov.il/he/departments/policies/hill_climb_event
act-publications-sec-29-exceptions-committee-guidelines,sec-29,2024-11-07,קווים מנחים לטיפול בפניות לוועדת חריגים - אישור מכירת דירה בתקופת איסור המכירה והתאמת דירה לנכה,פרסום רשמי של משרד הבינוי והשיכון באתר gov.il (נהלים והנחיות). התוכן המלא בקישור המקור.,government_page,,direct,https://www.gov.il/he/departments/policies/exceptions-committee-guidelines
act-publications-sec-29-urban-renewal-agreement-changes,sec-29,2024-11-07,דיור ציבורי - נספח שינויים להסכמי התחדשות עירונית בין חברות משכנות לבין יזמים,פרסום רשמי של משרד הבינוי והשיכון באתר gov.il (הסכמים). התוכן המלא בקישור המקור.,government_page,,direct,https://www.gov.il/he/departments/policies/urban-renewal-agreement-changes
act-publications-sec-68-950002,sec-68,2024-11-07,נוהל תנאי ההיתר להעסקת עובדים זרים בענף המסחר והשירותים,פרסום רשמי של רשות האוכלוסין וההגירה באתר gov.il (נהלים והנחיות). התוכן המלא בקישור המקור.,government_page,regulation,direct,https://www.gov.il/he/departments/policies/950002
act-publications-sec-19-film_review_council_2024,sec-19,2024-11-06,1. אישור סרטים,פרסום רשמי של משרד התרבות והספורט באתר gov.il (מסמכי מדיניות). התוכן המלא בקישור המקור.,government_page,,direct,https://www.gov.il/he/departments/policies/film_review_council_2024
act-publications-sec-39-06112024_1,sec-39,2024-11-06,החלטת המועצה לשידורי כבלים ולשידורי לוויין מספר 1-9/2024 מיום 15.10.2024,פרסום רשמי של משרד התקשורת באתר gov.il (החלטות). התוכן המלא בקישור המקור.,government_page,,direct,https://www.gov.il/he/departments/policies/06112024_1
act-publications-sec-68-constructions_permits_2025-26_request,sec-68,2024-11-06,בקשה להארכת היתרים לקבלן כוח אדם מורשה להעסקת עובדים זרים בענף הבניין לשנים 2025-2026,"פרסום רשמי של רשות האוכלוסין וההגירה באתר gov.il (חוזרים והוראות מנכ""ל). התוכן המלא בקישור המקור.",government_page,workforce,direct,https://www.gov.il/he/departments/policies/constructions_permits_2025-26_request
act-publications-sec-5-regulation_cmisa_11,sec-5,2024-11-05,בינה מלאכותית בסקטור הפיננסי – דוח ביניים להערות הציבור,"פרסום רשמי של רשות שוק ההון, ביטוח וחיסכון באתר gov.il (מסמכי מדיניות). התוכן המלא בקישור המקור.",government_page,,direct,https://www.gov.il/he/departments/policies/regulation_cmisa_11
act-publications-sec-5-reinst-03-2024,sec-5,2024-11-05,הוראת ביצוע מיסוי מקרקעין מספר 3/2024 - תקנה 11 לתקנות מס רכישה – עדכון הנחיות,פרסום רשמי של רשות המסים בישראל באתר gov.il (הוראות ביצוע). התוכן המלא בקישור המקור.,government_page,regulation,direct,https://www.gov.il/he/departments/policies/reinst-03-2024
act-publications-economy-instruction-5-13,economy,2024-11-03,"הוראת מנכ""ל 5.13 - תוכנית צמיחה לעולם","פרסום רשמי של משרד הכלכלה והתעשייה באתר gov.il (חוזרים והוראות מנכ""ל). התוכן המלא בקישור המקור.",government_page,,direct,https://www.gov.il/he/departments/policies/instruction-5-13
act-publications-sec-34-69601,sec-34,2024-11-03,"החלטה מס' 69601- ביטול רישיון להספקת חשמל ללא אמצעי ייצור מס' 01817822 לחברת יבולי שמש אנרגיה מתחדשת בע""מ",פרסום רשמי של רשות החשמל באתר gov.il (החלטות). התוכן המלא בקישור המקור.,government_page,procurement; regulation,direct,https://www.gov.il/he/departments/policies/69601
act-publications-sec-68-notice-permit-employ-jordanian-workers-eilat-area-31124,sec-68,2024-11-03,פתיחת אפשרות להגשת בקשות להעסקת עובדים ירדנים באזור אילת לשנת 2025,פרסום רשמי של רשות האוכלוסין וההגירה באתר gov.il (מידע למעסיקים). התוכן המלא בקישור המקור.,government_page,,direct,https://www.gov.il/he/departments/policies/notice-permit-employ-jordanian-workers-eilat-area-31124
act-publications-sec-39-02112025,sec-39,2024-10-31,"תיקון רישיון פרטנר תקשורת בע""מ (מספר 139)",פרסום רשמי של משרד התקשורת באתר gov.il (רישיונות). התוכן המלא בקישור המקור.,government_page,,direct,https://www.gov.il/he/departments/policies/02112025
act-publications-sec-39-02112025_2,sec-39,2024-10-31,"תיקון רישיון פלאפון תקשורת בע""מ (מספר 142)",פרסום רשמי של משרד התקשורת באתר gov.il (רישיונות). התוכן המלא בקישור המקור.,government_page,,direct,https://www.gov.il/he/departments/policies/02112025_2
act-publications-sec-39-02112025_3,sec-39,2024-10-31,"תיקון רישיון סלקום ישראל בע""מ (מספר 147)",פרסום רשמי של משרד התקשורת באתר gov.il (רישיונות). התוכן המלא בקישור המקור.,government_page,,direct,https://www.gov.il/he/departments/policies/02112025_3
act-publications-sec-39-02112025_4,sec-39,2024-10-31,"תיקון רישיון הוט מובייל בע""מ (מספר 122)",פרסום רשמי של משרד התקשורת באתר gov.il (רישיונות). התוכן המלא בקישור המקור.,government_page,,direct,https://www.gov.il/he/departments/policies/02112025_4
act-publications-sec-5-procedures-311024-1,sec-5,2024-10-31,נייר עמדה מקצועי מספר 04/2024 - רשות המסים בתחום: חוק מיסוי מקרקעין בנושא: תקנה 2(1א) לתקנות מס רכישה,פרסום רשמי של רשות המסים בישראל באתר gov.il (ניירות עמדה). התוכן המלא בקישור המקור.,government_page,regulation,direct,https://www.gov.il/he/departments/policies/procedures-311024-1
act-publications-environment-excessive-use,environment,2024-10-30,שימוש חורג מהיתר בנייה,פרסום רשמי של המשרד להגנת הסביבה באתר gov.il (נהלים והנחיות). התוכן המלא בקישור המקור.,government_page,,direct,https://www.gov.il/he/departments/policies/excessive-use
act-publications-sec-68-extending-validity-of-permits-foreign-workers-291024,sec-68,2024-10-29,פתיחת אפשרות להגשת בקשות להארכת תוקף ההיתר להעסקת עובדים זרים ככוח עזר במוסדות סיעוד ברישוי משרד הבריאות,פרסום רשמי של רשות האוכלוסין וההגירה באתר gov.il (מידע למעסיקים). התוכן המלא בקישור המקור.,government_page,regulation,direct,https://www.gov.il/he/departments/policies/extending-validity-of-permits-foreign-workers-291024
act-publications-sec-7-news51124,sec-7,2024-10-29,הוראת שעה לפקודת נציבות 04.36.00 - קשר טלפוני של אסירים ועצורים - הארכה מס' 1,פרסום רשמי של שירות בתי הסוהר באתר gov.il (פקודות והוראות). התוכן המלא בקישור המקור.,government_page,regulation,direct,https://www.gov.il/he/departments/policies/news51124
act-publications-sec-34-regulation-281024,sec-34,2024-10-28,תכנית שר האנרגיה והתשתיות להפחתת נטל רגולטורי במשק האנרגיה,פרסום רשמי של משרד האנרגיה והתשתיות באתר gov.il (ניירות עמדה). התוכן המלא בקישור המקור.,government_page,,direct,https://www.gov.il/he/departments/policies/regulation-281024
act-publications-sec-39-28102024,sec-39,2024-10-28,החלטת המועצה לשידורי כבלים ולשידורי לוויין מספר 1-8/2024 מיום 30.9.2024,פרסום רשמי של משרד התקשורת באתר gov.il (החלטות). התוכן המלא בקישור המקור.,government_page,,direct,https://www.gov.il/he/departments/policies/28102024
act-publications-sec-39-28102024_1,sec-39,2024-10-28,החלטת המועצה לשידורי כבלים ולשידורי לוויין מספר 2-8/2024 מיום 30.9.2024 בעניין:  בקשת בעל הרישיון לשידורי טלוויזיה באמצעות לוויין לקביעת שעות צפיית שיא עבור ערוץ שידורים מיוחד ביום 7 לאוקטובר 2024,פרסום רשמי של משרד התקשורת באתר gov.il (החלטות). התוכן המלא בקישור המקור.,government_page,,direct,https://www.gov.il/he/departments/policies/28102024_1
act-publications-sec-68-forieng-workers-pilot-agri-malawi,sec-68,2024-10-28,פיילוט להבאתם לישראל של עובדים זרים ממלאווי לעבודה בענף החקלאות בישראל במסגרת הסדר בילטראלי בין המדינות,פרסום רשמי של רשות האוכלוסין וההגירה באתר gov.il (מידע למעסיקים). התוכן המלא בקישור המקור.,government_page,,direct,https://www.gov.il/he/departments/policies/forieng-workers-pilot-agri-malawi
act-publications-environment-conditions-by-sectors,environment,2024-10-15,תנאים בהיתר רעלים לפי סקטורים,פרסום רשמי של המשרד להגנת הסביבה באתר gov.il (נהלים והנחיות). התוכן המלא בקישור המקור.,government_page,,direct,https://www.gov.il/he/departments/policies/conditions-by-sectors
act-publications-environment-general-conditions,environment,2024-10-15,תנאים כלליים בהיתר רעלים,פרסום רשמי של המשרד להגנת הסביבה באתר gov.il (נהלים והנחיות). התוכן המלא בקישור המקור.,government_page,,direct,https://www.gov.il/he/departments/policies/general-conditions
act-publications-environment-hazardous-waste,environment,2024-10-15,תנאים בהיתר רעלים לעיסוק בפסולת מסוכנת,פרסום רשמי של המשרד להגנת הסביבה באתר gov.il (נהלים והנחיות). התוכן המלא בקישור המקור.,government_page,environment,direct,https://www.gov.il/he/departments/policies/hazardous-waste
act-publications-environment-risk-management,environment,2024-10-15,תנאים בהיתר רעלים לניהול סיכונים,פרסום רשמי של המשרד להגנת הסביבה באתר gov.il (נהלים והנחיות). התוכן המלא בקישור המקור.,government_page,,direct,https://www.gov.il/he/departments/policies/risk-management
act-publications-sec-34-69604,sec-34,2024-10-15,"החלטה מס' 69604 - אישור לשעבוד נכסים ברישיון מותנה מס' 02575623 של תענך אנרגיה ירוקה 2 בע""מ",פרסום רשמי של רשות החשמל באתר gov.il (החלטות). התוכן המלא בקישור המקור.,government_page,,direct,https://www.gov.il/he/departments/policies/69604
act-publications-sec-34-69605,sec-34,2024-10-15,החלטה מס' 69605- החלטה בעניין היוועצות השרים עם רשות החשמל בנושא תכנית הפיתוח למערכת החלוקה לשנים 2024-2030,פרסום רשמי של רשות החשמל באתר gov.il (החלטות). התוכן המלא בקישור המקור.,government_page,regulation,direct,https://www.gov.il/he/departments/policies/69605
act-publications-sec-39-06112024,sec-39,2024-10-15,"תיקון החלטה מיום 3 באפריל 2024 בעניין ""אמות מידה לקביעת יחס חלוקת תשלומים למימון הפקות מקומיות קנויות מסוגה עילית/מורכבת""",פרסום רשמי של משרד התקשורת באתר gov.il (החלטות). התוכן המלא בקישור המקור.,government_page,,direct,https://www.gov.il/he/departments/policies/06112024
act-publications-sec-5-procedures-151024-1,sec-5,2024-10-15,"נייר עמדה מקצועי מספר 03/2024 - רשות המסים. בתחום: חוק מיסוי מקרקעין. בנושא: מכר זכויות בנייה במסגרת עסקת תמ""א 38/2 ורכישת שירותי בנייה במזומן מהקבלן",פרסום רשמי של רשות המסים בישראל באתר gov.il (ניירות עמדה). התוכן המלא בקישור המקור.,government_page,regulation,direct,https://www.gov.il/he/departments/policies/procedures-151024-1
act-publications-sec-68-notice-reminder-privet-offices-agri-151024,sec-68,2024-10-15,תזכורת לגבי חובת הלשכות ליתן מענה לתלונות ופניות עובדי חקלאות זרים,פרסום רשמי של רשות האוכלוסין וההגירה באתר gov.il (מידע למעסיקים). התוכן המלא בקישור המקור.,government_page,,direct,https://www.gov.il/he/departments/policies/notice-reminder-privet-offices-agri-151024
act-publications-sec-36-appeal-procedure,sec-36,2024-10-14,נוהל הגשת השגה על תוצאות הבחינה לרישוי באדריכלות והנדסה אזרחית - מבנים,פרסום רשמי של משרד העבודה באתר gov.il (נהלים והנחיות). התוכן המלא בקישור המקור.,government_page,regulation,direct,https://www.gov.il/he/departments/policies/appeal-procedure
act-publications-sec-36-architectural-procedure,sec-36,2024-10-14,נוהל בחינות רישוי באדריכלות,פרסום רשמי של משרד העבודה באתר gov.il (נהלים והנחיות). התוכן המלא בקישור המקור.,government_page,regulation,direct,https://www.gov.il/he/departments/policies/architectural-procedure
act-publications-sec-36-electrical-procedure,sec-36,2024-10-14,נוהל בחינות רישוי בחשמל,פרסום רשמי של משרד העבודה באתר gov.il (נהלים והנחיות). התוכן המלא בקישור המקור.,government_page,regulation,direct,https://www.gov.il/he/departments/policies/electrical-procedure
act-publications-sec-36-engineering-procedure,sec-36,2024-10-14,נוהל בחינת רישוי בהנדסה אזרחית (מבנים),פרסום רשמי של משרד העבודה באתר gov.il (נהלים והנחיות). התוכן המלא בקישור המקור.,government_page,regulation,direct,https://www.gov.il/he/departments/policies/engineering-procedure
act-publications-sec-68-non_enforcement_nursing141024,sec-68,2024-10-14,חרבות ברזל – הודעה על הארכת תקופת אי אכיפה זמנית לגבי עובדי סיעוד זרים שבקשה לוועדה ההומניטרית לסיעוד בגינם נדחתה בין התאריכים 7.10.23 - 3,פרסום רשמי של רשות האוכלוסין וההגירה באתר gov.il (מידע למעסיקים). התוכן המלא בקישור המקור.,government_page,regulation,direct,https://www.gov.il/he/departments/policies/non_enforcement_nursing141024
act-publications-sec-68-notice0724-141024,sec-68,2024-10-14,הקלות בעניין הסדר זמני לניוד עובדים זרים בין בתי מלון,"פרסום רשמי של רשות האוכלוסין וההגירה באתר gov.il (חוזרים והוראות מנכ""ל). התוכן המלא בקישור המקור.",government_page,,direct,https://www.gov.il/he/departments/policies/notice0724-141024
act-publications-sec-68-relief-nursing-industry-iron-swords141024,sec-68,2024-10-14,חרבות ברזל - ענף הסיעוד הביתי - עדכון הנחיות והקלות,פרסום רשמי של רשות האוכלוסין וההגירה באתר gov.il (מידע למעסיקים). התוכן המלא בקישור המקור.,government_page,,direct,https://www.gov.il/he/departments/policies/relief-nursing-industry-iron-swords141024
act-publications-sec-5-procedures-131024-1,sec-5,2024-10-13,נייר עמדה מקצועי מספר 02/2024 - רשות המסים בנושא: חוק עידוד השקעות הון מפעל טכנולוגי מועדף מיוחד – כללי תרגום,פרסום רשמי של רשות המסים בישראל באתר gov.il (ניירות עמדה). התוכן המלא בקישור המקור.,government_page,regulation,direct,https://www.gov.il/he/departments/policies/procedures-131024-1
act-publications-sec-7-news141022,sec-7,2024-10-13,הוראת שעה: צמצום פעילויות שגרה בעת מלחמה - הארכה מס' 22,פרסום רשמי של שירות בתי הסוהר באתר gov.il (פקודות והוראות). התוכן המלא בקישור המקור.,government_page,emergency; regulation,direct,https://www.gov.il/he/departments/policies/news141022
act-publications-sec-34-69602,sec-34,2024-10-10,החלטה מס' 69602 - החלטה למתן רישיונות מותנים המשתלבים באסדרה 62704 – ברירת מחדל להקמת מתקן בטכנולוגיה פוטו-וולטאית,פרסום רשמי של רשות החשמל באתר gov.il (החלטות). התוכן המלא בקישור המקור.,government_page,workforce,direct,https://www.gov.il/he/departments/policies/69602
act-publications-sec-7-032200,sec-7,2024-10-10,פקודה מספר 03.22.00 - הליך התאמה תעסוקתית לתפקיד,פרסום רשמי של שירות בתי הסוהר באתר gov.il (פקודות והוראות). התוכן המלא בקישור המקור.,government_page,,direct,https://www.gov.il/he/departments/policies/032200
act-publications-sec-5-association-membership-fees-update-07102024,sec-5,2024-10-09,"דמי חבר באגודות מקצועיות - מהנדסים, אקדמאים במח""ר ועיתונאים בשירות הציבורי והשתתפות בדמי חבר באגודות מקצועיות בלשכת המבקרים הפנימיים- עדכון 7.10.24",פרסום רשמי של משרד האוצר באתר gov.il (נהלים והנחיות). התוכן המלא בקישור המקור.,government_page,regulation,direct,https://www.gov.il/he/departments/policies/association-membership-fees-update-07102024
act-publications-sec-39-08102024,sec-39,2024-10-08,נוהל רישום רשת לוויינית בארגון התקשורת הבינלאומי ITU על ידי המנהל הישראלי / משרד התקשורת,פרסום רשמי של משרד התקשורת באתר gov.il (נהלים והנחיות). התוכן המלא בקישור המקור.,government_page,regulation,direct,https://www.gov.il/he/departments/policies/08102024
act-publications-sec-5-procedures-081024-1,sec-5,2024-10-08,נייר עמדה מקצועי מספר 01/2024 - רשות המסים -בתחום: מס ערך מוסף. בנושא: ניכוי מס תשומות ברכישה או יבוא של רכב מסוג 'האמר',פרסום רשמי של רשות המסים בישראל באתר gov.il (ניירות עמדה). התוכן המלא בקישור המקור.,government_page,regulation,direct,https://www.gov.il/he/departments/policies/procedures-081024-1
act-publications-sec-33-ediblewheatfodderstocksria,sec-33,2024-10-07,מלאי חיטת המאכל ומספוא של מדינת ישראל - RIA,פרסום רשמי של משרד החקלאות וביטחון המזון באתר gov.il (מסמכי מדיניות). התוכן המלא בקישור המקור.,government_page,,direct,https://www.gov.il/he/departments/policies/ediblewheatfodderstocksria
act-publications-sec-39-07102024,sec-39,2024-10-07,הודעה על דחיית מועד תשלום אגרה בעד רישיון ובעד הקצאת תדרים חדשים לתחנות החד-מגמיות (סימפלקס) ולעסקי ממסרים – כיתות כוננות – עדכון מספר 3,פרסום רשמי של משרד התקשורת באתר gov.il (נהלים והנחיות). התוכן המלא בקישור המקור.,government_page,,direct,https://www.gov.il/he/departments/policies/07102024
act-publications-environment-gas-stations-guidelines,environment,2024-10-06,הנחיות בנושא תחנות דלק,פרסום רשמי של המשרד להגנת הסביבה באתר gov.il (נהלים רגולטוריים). התוכן המלא בקישור המקור.,government_page,,direct,https://www.gov.il/he/departments/policies/gas-stations-guidelines
act-publications-sec-5-guidance_superior_18092024,sec-5,2024-10-06,"הנחיית הממונה על השכר בנושא קצובת אש""ל- עדכון מיום 18.9.2024",פרסום רשמי של משרד האוצר באתר gov.il (נהלים והנחיות). התוכן המלא בקישור המקור.,government_page,regulation,direct,https://www.gov.il/he/departments/policies/guidance_superior_18092024
act-publications-sec-34-69603,sec-34,2024-10-01,החלטה מס' 69603- הארכת מועדים להקמת מתקנים לייצור חשמל בכל רחבי ישראל והארכה נוספת בעוטף נגב מערבי ובגבול הצפון עקב המצב הביטחוני,פרסום רשמי של רשות החשמל באתר gov.il (החלטות). התוכן המלא בקישור המקור.,government_page,regulation,direct,https://www.gov.il/he/departments/policies/69603
act-publications-sec-39-01102024,sec-39,2024-10-01,"תיקון רישיון בזק בינלאומי בע""מ (מספר 31)",פרסום רשמי של משרד התקשורת באתר gov.il (רישיונות). התוכן המלא בקישור המקור.,government_page,,direct,https://www.gov.il/he/departments/policies/01102024
act-publications-sec-39-01102024_1,sec-39,2024-10-01,"תיקון רישיון הוט מובייל בע""מ (מספר 121)",פרסום רשמי של משרד התקשורת באתר gov.il (רישיונות). התוכן המלא בקישור המקור.,government_page,,direct,https://www.gov.il/he/departments/policies/01102024_1
act-publications-sec-39-01102024_2,sec-39,2024-10-01,"תיקון רישיון וויקום מובייל בע""מ (מספר 45)",פרסום רשמי של משרד התקשורת באתר gov.il (רישיונות). התוכן המלא בקישור המקור.,government_page,,direct,https://www.gov.il/he/departments/policies/01102024_2
act-publications-sec-39-01102024_3,sec-39,2024-10-01,"תיקון רישיון סלקום ישראל בע""מ (מספר 146)",פרסום רשמי של משרד התקשורת באתר gov.il (רישיונות). התוכן המלא בקישור המקור.,government_page,,direct,https://www.gov.il/he/departments/policies/01102024_3
act-publications-sec-39-01102024_4,sec-39,2024-10-01,"תיקון רישיון הוט נט שירותי אינטרנט בע""מ (מספר 33)",פרסום רשמי של משרד התקשורת באתר gov.il (רישיונות). התוכן המלא בקישור המקור.,government_page,,direct,https://www.gov.il/he/departments/policies/01102024_4
act-publications-sec-39-01102024_5,sec-39,2024-10-01,תיקון רישיון סלקום תקשורת קווית (מספר 35),פרסום רשמי של משרד התקשורת באתר gov.il (רישיונות). התוכן המלא בקישור המקור.,government_page,,direct,https://www.gov.il/he/departments/policies/01102024_5
act-publications-sec-39-01102024_6,sec-39,2024-10-01,"תיקון רישיון פלאפון תקשורת בע""מ (מספר 141)",פרסום רשמי של משרד התקשורת באתר gov.il (רישיונות). התוכן המלא בקישור המקור.,government_page,,direct,https://www.gov.il/he/departments/policies/01102024_6
act-publications-sec-39-01102024_7,sec-39,2024-10-01,"תיקון רישיון פרטנר תקשורת בע""מ (מספר 138)",פרסום רשמי של משרד התקשורת באתר gov.il (רישיונות). התוכן המלא בקישור המקור.,government_page,,direct,https://www.gov.il/he/departments/policies/01102024_7
act-publications-sec-39-01102024_8,sec-39,2024-10-01,תיקון רישיון פרטנר פתרונות תקשורת נייחים (מספר 38),פרסום רשמי של משרד התקשורת באתר gov.il (רישיונות). התוכן המלא בקישור המקור.,government_page,,direct,https://www.gov.il/he/departments/policies/01102024_8
act-publications-sec-68-policy-foreign-workers-employers-letter30924,sec-68,2024-09-30,הודעה בדבר הקלות נוספות בעניין הארכת תקופת שהותם המותרת של עובדי חקלאות זרים הנמצאים בישראל ועדכון מתווה עובדי חקלאות זרים חוזרים,פרסום רשמי של רשות האוכלוסין וההגירה באתר gov.il (מידע למעסיקים). התוכן המלא בקישור המקור.,government_page,,direct,https://www.gov.il/he/departments/policies/policy-foreign-workers-employers-letter30924
act-publications-environment-section-24a3,environment,2024-09-25,הנחיות להעברת היתר רעלים לעסקי סיווג ופטור,פרסום רשמי של המשרד להגנת הסביבה באתר gov.il (נהלים והנחיות). התוכן המלא בקישור המקור.,government_page,,direct,https://www.gov.il/he/departments/policies/section-24a3
act-publications-economy-economy-dgi-instructions-04-78,economy,2024-09-24,"הוראת מנכ""ל 4.78 - תכנית סיוע לתשתיות בתחומי קלאסטרים","פרסום רשמי של משרד הכלכלה והתעשייה באתר gov.il (חוזרים והוראות מנכ""ל). התוכן המלא בקישור המקור.",government_page,,direct,https://www.gov.il/he/departments/policies/economy-dgi-instructions-04-78
act-publications-environment-folder,environment,2024-09-24,אוגדן דרישות סביבתיות לשלבי רישוי בנייה,פרסום רשמי של המשרד להגנת הסביבה באתר gov.il (נהלים והנחיות). התוכן המלא בקישור המקור.,government_page,regulation,direct,https://www.gov.il/he/departments/policies/folder
act-publications-environment-building-permits,environment,2024-09-23,עקרונות לניתוב בקשות מידע להיתר בנייה,פרסום רשמי של המשרד להגנת הסביבה באתר gov.il (נהלים והנחיות). התוכן המלא בקישור המקור.,government_page,,direct,https://www.gov.il/he/departments/policies/building-permits
act-publications-sec-23-molsa-people-with-disabilities-procedure-assistance-purchasing-aids-for-blind-001-2024-23092024,sec-23,2024-09-23,סיוע בהתאמה ורכישת עזרים לנושאי תעודת עיוור/לקוי ראייה נוהל ביניים – נוהל לקבלת סיוע במימון ציוד טכנולוגי,פרסום רשמי של משרד הרווחה והביטחון החברתי באתר gov.il (נהלים והנחיות). התוכן המלא בקישור המקור.,government_page,regulation,direct,https://www.gov.il/he/departments/policies/molsa-people-with-disabilities-procedure-assistance-purchasing-aids-for-blind-001-2024-23092024
act-publications-sec-39-19092024_2,sec-39,2024-09-19,"החלטת המועצה לשידורי כבלים ולשידורי לוויין מספר 1-7/2024 מיום 4.9.2024 בעניין: תיקון מספר 1 לכללי הרשות השניה לטלויזיה ורדיו (תכניות ממומנות של בעל רישיון כללי לשידורי כבלים או בעל רישיון לשידורי לוויין), התשפ""ב- 2021 – חלוקת כספי מימון נוספים",פרסום רשמי של משרד התקשורת באתר gov.il (החלטות). התוכן המלא בקישור המקור.,government_page,,direct,https://www.gov.il/he/departments/policies/19092024_2
act-publications-sec-68-hiring_foreign_workers_industry_sep24,sec-68,2024-09-19,הגשת בקשות לקבלת היתר לצורך העסקת עובדים זרים בענף התעשייה,"פרסום רשמי של רשות האוכלוסין וההגירה באתר gov.il (חוזרים והוראות מנכ""ל). התוכן המלא בקישור המקור.",government_page,regulation,direct,https://www.gov.il/he/departments/policies/hiring_foreign_workers_industry_sep24
act-publications-sec-7-planning_and_construction_regulations_part_d,sec-7,2024-09-19,"ריכוז מערכי שיעור והדרכות לתקנות תכנון ובנייה (""פרק ד"")",פרסום רשמי של כבאות והצלה לישראל באתר gov.il (נהלים והנחיות). התוכן המלא בקישור המקור.,government_page,regulation,direct,https://www.gov.il/he/departments/policies/planning_and_construction_regulations_part_d
act-publications-environment-hazard-prevention,environment,2024-09-16,מניעת מפגעים סביבתיים בעת בנייה,פרסום רשמי של המשרד להגנת הסביבה באתר gov.il (נהלים והנחיות). התוכן המלא בקישור המקור.,government_page,,direct,https://www.gov.il/he/departments/policies/hazard-prevention
act-publications-sec-37-hozer-mankal-052024,sec-37,2024-09-16,"חוזר מנכ""ל 05/2024: מבחן תמיכה במארגני תיירות נכנסת","פרסום רשמי של משרד התיירות באתר gov.il (חוזרים והוראות מנכ""ל). התוכן המלא בקישור המקור.",government_page,grants; regulation,direct,https://www.gov.il/he/departments/policies/hozer-mankal-052024
act-publications-sec-39-08102024_1,sec-39,2024-09-16,"ביטול החלטה בעניין ""הסרת חסמים תחרותיים בשירות 'קו כשר'"" מיום 1 במאי 2022 – החלטה",פרסום רשמי של משרד התקשורת באתר gov.il (החלטות). התוכן המלא בקישור המקור.,government_page,,direct,https://www.gov.il/he/departments/policies/08102024_1
act-publications-economy-economy-dgi-instructions-04-77,economy,2024-09-12,"הוראת מנכ""ל 4.77 - מסלול להשקעות הון לייעול ואוטומציה של בתי אריזה אזוריים בחבל תקומה","פרסום רשמי של משרד הכלכלה והתעשייה באתר gov.il (חוזרים והוראות מנכ""ל). התוכן המלא בקישור המקור.",government_page,,direct,https://www.gov.il/he/departments/policies/economy-dgi-instructions-04-77
act-publications-sec-7-news12092024,sec-7,2024-09-12,הוראת שעה: צמצום פעילויות שגרה בעת מלחמה - הארכה מס' 21,פרסום רשמי של שירות בתי הסוהר באתר gov.il (פקודות והוראות). התוכן המלא בקישור המקור.,government_page,emergency; regulation,direct,https://www.gov.il/he/departments/policies/news12092024
act-publications-sec-23-molsa-executive-circulars-006-2024,sec-23,2024-09-11,"אירוח אזרחים ותיקים בודדים בבתי אבות בחגי תשרי תשפ""ה","פרסום רשמי של משרד הרווחה והביטחון החברתי באתר gov.il (חוזרים והוראות מנכ""ל). התוכן המלא בקישור המקור.",government_page,,direct,https://www.gov.il/he/departments/policies/molsa-executive-circulars-006-2024
act-publications-sec-68-permits-extension-hotel-industry-2025,sec-68,2024-09-11,הארכת היתרים בענף המלונאות לשנת 2025,פרסום רשמי של רשות האוכלוסין וההגירה באתר gov.il (מידע למעסיקים). התוכן המלא בקישור המקור.,government_page,,direct,https://www.gov.il/he/departments/policies/permits-extension-hotel-industry-2025
act-publications-sec-39-09092024,sec-39,2024-09-09,נוסחים קודמים - דרישת מידע לעניין מסירת נתונים עיתיים,"פרסום רשמי של משרד התקשורת באתר gov.il (חוזרים והוראות מנכ""ל). התוכן המלא בקישור המקור.",government_page,,direct,https://www.gov.il/he/departments/policies/09092024
act-publications-sec-34-69403,sec-34,2024-09-04,"החלטה מס' 69403 - עדכון רישיון מס' 00135117 אתגל תחנות כוח, שותפות מוגבלת",פרסום רשמי של רשות החשמל באתר gov.il (החלטות). התוכן המלא בקישור המקור.,government_page,,direct,https://www.gov.il/he/departments/policies/69403
act-publications-sec-33-pikuahmetilotlulimnew,sec-33,2024-09-03,תגבור הפיקוח והאכיפה הווטרינרית בשלוחת תרנגולות המטילות ביצי מאכל,פרסום רשמי של משרד החקלאות וביטחון המזון באתר gov.il (נהלים רגולטוריים). התוכן המלא בקישור המקור.,government_page,regulation,direct,https://www.gov.il/he/departments/policies/pikuahmetilotlulimnew
act-publications-sec-34-69501,sec-34,2024-09-03,החלטה מס' 69501 - תיקון רישיונות ייצור חשמל בטכנולוגיה פוטוו-וולטאית,פרסום רשמי של רשות החשמל באתר gov.il (החלטות). התוכן המלא בקישור המקור.,government_page,regulation,direct,https://www.gov.il/he/departments/policies/69501
act-publications-sec-34-69502,sec-34,2024-09-03,"החלטה מס' 69502- תיקון החלטה 67805 וביטול רישיונות ייצור חשמל שהספקם נמוך מ 16 מגוואט, המחוברים לרשת החלוקה, בהתאם להחלטת רשות מס' 67805",פרסום רשמי של רשות החשמל באתר gov.il (החלטות). התוכן המלא בקישור המקור.,government_page,procurement; regulation,direct,https://www.gov.il/he/departments/policies/69502
act-publications-sec-34-69503,sec-34,2024-09-03,"החלטה מס'  69503- תיקון רישיון מותנה מס' 00760224 לכרמי רוח, שותפות מוגבלת",פרסום רשמי של רשות החשמל באתר gov.il (החלטות). התוכן המלא בקישור המקור.,government_page,,direct,https://www.gov.il/he/departments/policies/69503
act-publications-sec-34-69504,sec-34,2024-09-03,"החלטה מס' 69504 - אישור העברת אחזקות ברישיון הייצור של פי אס פי השקעות בע""מ ח.פ.  513862649",פרסום רשמי של רשות החשמל באתר gov.il (החלטות). התוכן המלא בקישור המקור.,government_page,regulation,direct,https://www.gov.il/he/departments/policies/69504
act-publications-sec-34-69505,sec-34,2024-09-03,"החלטה מס' 69505- כשירות קבוצת אדלטק-מנורה לקבלת רישיון ייצור במכרז שורק בהיבטי ריכוזיות ענפית, ריכוזיות כלל-משקית וכשירות פלילית",פרסום רשמי של רשות החשמל באתר gov.il (החלטות). התוכן המלא בקישור המקור.,government_page,procurement; regulation,direct,https://www.gov.il/he/departments/policies/69505
act-publications-economy-economy_dgi_instructions_02_06,economy,2024-09-01,"הוראת מנכ""ל 2.6 - הענקת פטור בהתאם לסעיף 2(ג)(2) לצו יבוא חופשי",פרסום רשמי של משרד הכלכלה והתעשייה באתר gov.il (נהלים רגולטוריים). התוכן המלא בקישור המקור.,government_page,regulation,direct,https://www.gov.il/he/departments/policies/economy_dgi_instructions_02_06
act-publications-sec-36-college-protection-procedure,sec-36,2024-08-29,נוהל מיגון מכללות - חרבות ברזל,פרסום רשמי של משרד העבודה באתר gov.il (נהלים והנחיות). התוכן המלא בקישור המקור.,government_page,emergency; regulation,direct,https://www.gov.il/he/departments/policies/college-protection-procedure
act-publications-environment-asbestos-survey,environment,2024-08-28,סקר אסבסט,פרסום רשמי של המשרד להגנת הסביבה באתר gov.il (נהלים והנחיות). התוכן המלא בקישור המקור.,government_page,,direct,https://www.gov.il/he/departments/policies/asbestos-survey
act-publications-sec-34-69401,sec-34,2024-08-28,"החלטה מס' 69401 - ביטול רישיון להספקת חשמל ללא אמצעי ייצור מס' 1559022 לקבוצת ניסקו בע""מ",פרסום רשמי של רשות החשמל באתר gov.il (החלטות). התוכן המלא בקישור המקור.,government_page,procurement; regulation,direct,https://www.gov.il/he/departments/policies/69401
act-publications-sec-29-urban-renewal-owner-organizer-interaction,sec-29,2024-08-27,התנהלות בעלי דירות מול מארגנים בהתחדשות עירונית,פרסום רשמי של הרשות הממשלתית להתחדשות עירונית באתר gov.il (נהלים והנחיות). התוכן המלא בקישור המקור.,government_page,,direct,https://www.gov.il/he/departments/policies/urban-renewal-owner-organizer-interaction
act-publications-sec-7-news27824,sec-7,2024-08-27,הארכת הוראת שעה לפקודת נציבות 04.13.00 - דין משמעתי אסירים,פרסום רשמי של שירות בתי הסוהר באתר gov.il (פקודות והוראות). התוכן המלא בקישור המקור.,government_page,,direct,https://www.gov.il/he/departments/policies/news27824
act-publications-environment-energy-storage-facilities,environment,2024-08-25,הנחיות להכנת בחינה סביבתית למתקני אגירת אנרגייה – שלב הגשת בקשה להיתר בנייה,פרסום רשמי של המשרד להגנת הסביבה באתר gov.il (נהלים והנחיות). התוכן המלא בקישור המקור.,government_page,,direct,https://www.gov.il/he/departments/policies/energy-storage-facilities
act-publications-environment-abnormal-operating-procedure,environment,2024-08-22,נוהל הפעלה חריגה במצב סיכון,פרסום רשמי של המשרד להגנת הסביבה באתר gov.il (נהלים והנחיות). התוכן המלא בקישור המקור.,government_page,regulation,direct,https://www.gov.il/he/departments/policies/abnormal-operating-procedure
act-publications-sec-34-69405,sec-34,2024-08-21,"החלטה מס' 69405 - החלטה לתיקון רישיון ייצור מס' 01178113 - רוח בראשית, שותפות מוגבלת",פרסום רשמי של רשות החשמל באתר gov.il (החלטות). התוכן המלא בקישור המקור.,government_page,regulation,direct,https://www.gov.il/he/departments/policies/69405
act-publications-environment-summer-water,environment,2024-08-19,מדיניות המשרד לצמצום ולמניעה של זיהום מקורות מים ממֵי קיץ,פרסום רשמי של המשרד להגנת הסביבה באתר gov.il (מסמכי מדיניות). התוכן המלא בקישור המקור.,government_page,environment; regulation,direct,https://www.gov.il/he/departments/policies/summer-water
act-publications-sec-7-finance_procedures,sec-7,2024-08-19,נהלי כספים (הכנסות),פרסום רשמי של כבאות והצלה לישראל באתר gov.il (נהלים והנחיות). התוכן המלא בקישור המקור.,government_page,,direct,https://www.gov.il/he/departments/policies/finance_procedures
act-publications-sec-34-public-gas-station-registration-procedure,sec-34,2024-08-18,נוהל רישום תחנה במרשם תחנות התדלוק הציבוריות,פרסום רשמי של משרד האנרגיה והתשתיות באתר gov.il (נהלים רגולטוריים). התוכן המלא בקישור המקור.,government_page,regulation,direct,https://www.gov.il/he/departments/policies/public-gas-station-registration-procedure
act-publications-sec-5-inst-180824-1,sec-5,2024-08-18,הוראת ביצוע מס ערך מוסף מספר 01/2024: מודל חשבוניות ישראל – הקצאת מספרי חשבוניות,פרסום רשמי של רשות המסים בישראל באתר gov.il (הוראות ביצוע). התוכן המלא בקישור המקור.,government_page,regulation,direct,https://www.gov.il/he/departments/policies/inst-180824-1
act-publications-sec-68-temporary-arrangement-of-foreign-workers-between-hotels624,sec-68,2024-08-18,הקלות בעניין הסדר זמני לניוד עובדים זרים בין בתי מלון,פרסום רשמי של רשות האוכלוסין וההגירה באתר gov.il (חוזרים ונהלים). התוכן המלא בקישור המקור.,government_page,,direct,https://www.gov.il/he/departments/policies/temporary-arrangement-of-foreign-workers-between-hotels624
act-publications-sec-7-news5125,sec-7,2024-08-18,נוהל מספר 04-1016 - הטיפול במתקני פעילות גופנית נטולי השגחה,פרסום רשמי של שירות בתי הסוהר באתר gov.il (נהלים והנחיות). התוכן המלא בקישור המקור.,government_page,regulation,direct,https://www.gov.il/he/departments/policies/news5125
act-publications-sec-33-guidelines_for_planning_the_installation_of_photovoltaic_systems_on_fish_ponds,sec-33,2024-08-15,הנחיות לתכנון התקנת מערכות פוטו-וולטאיות על גבי בריכות דגים,פרסום רשמי של משרד החקלאות וביטחון המזון באתר gov.il (נהלים והנחיות). התוכן המלא בקישור המקור.,government_page,,direct,https://www.gov.il/he/departments/policies/guidelines_for_planning_the_installation_of_photovoltaic_systems_on_fish_ponds
act-publications-economy-economy-dgi-instructions-04-76,economy,2024-08-14,"הוראת מנכ""ל 4.76 - מסלול השקעות הון לשימור פעילות עסקית בצפון הארץ","פרסום רשמי של משרד הכלכלה והתעשייה באתר gov.il (חוזרים והוראות מנכ""ל). התוכן המלא בקישור המקור.",government_page,,direct,https://www.gov.il/he/departments/policies/economy-dgi-instructions-04-76
act-publications-sec-34-68204,sec-34,2024-08-14,החלטה מס' 68204 - תיקון רישיון ניהול מערכת,פרסום רשמי של רשות החשמל באתר gov.il (החלטות). התוכן המלא בקישור המקור.,government_page,,direct,https://www.gov.il/he/departments/policies/68204
act-publications-sec-39-14082024_1,sec-39,2024-08-14,"הודעת הטלגרף האלחוטי (אגרות), התשפ""ד-2024",פרסום רשמי של משרד התקשורת באתר gov.il (תקנות ותעריפים). התוכן המלא בקישור המקור.,government_page,regulation,direct,https://www.gov.il/he/departments/policies/14082024_1
act-publications-sec-34-69407,sec-34,2024-08-13,החלטה מס' 69407  – אסדרה ליחידות ייצור קונבנציונליות,פרסום רשמי של רשות החשמל באתר gov.il (החלטות). התוכן המלא בקישור המקור.,government_page,regulation,direct,https://www.gov.il/he/departments/policies/69407
act-publications-sec-5-foreign-investment-board-methodology,sec-5,2024-08-13,מתודולוגיה לבחינת היבטי ביטחון לאומי בהשקעות זרות,פרסום רשמי של משרד האוצר באתר gov.il (החלטות). התוכן המלא בקישור המקור.,government_page,,direct,https://www.gov.il/he/departments/policies/foreign-investment-board-methodology
act-publications-sec-7-news1408,sec-7,2024-08-13,הוראת שעה: צמצום פעילויות שגרה בעת מלחמה - הארכה מס' 20,פרסום רשמי של שירות בתי הסוהר באתר gov.il (פקודות והוראות). התוכן המלא בקישור המקור.,government_page,emergency; regulation,direct,https://www.gov.il/he/departments/policies/news1408
act-publications-sec-37-hozer-mankal-042024,sec-37,2024-08-12,נוהל השתתפות משרד התיירות בפעולות שיווק תיירות במסגרת החלטת ממשלה 462,"פרסום רשמי של משרד התיירות באתר gov.il (חוזרים והוראות מנכ""ל). התוכן המלא בקישור המקור.",government_page,regulation,direct,https://www.gov.il/he/departments/policies/hozer-mankal-042024
act-publications-sec-39-12082024,sec-39,2024-08-12,"הוראות לפי סעיף 2(א)(4) לחוק מניעת פגיעת גוף שידורים זר בביטחון המדינה (הוראת שעה - חרבות ברזל), התשפ""ד-2024",פרסום רשמי של משרד התקשורת באתר gov.il (פקודות והוראות). התוכן המלא בקישור המקור.,government_page,,direct,https://www.gov.il/he/departments/policies/12082024
act-publications-sec-5-procedures110824-1,sec-5,2024-08-11,הוראת נוהל – אופן המצאת אישורי מסים לבקשה לרישום פרצלציה רצונית,פרסום רשמי של רשות המסים בישראל באתר gov.il (נהלים והנחיות). התוכן המלא בקישור המקור.,government_page,regulation,direct,https://www.gov.il/he/departments/policies/procedures110824-1
act-publications-sec-23-molsa-executive-circulars-005-2024,sec-23,2024-08-08,מתן שירותים באמצעות סייעת לשילוב פעוטות עם אלרגיות מסכנות חיים הזקוקים להשגחה במעון יום הנושא סמל מעון,"פרסום רשמי של משרד הרווחה והביטחון החברתי באתר gov.il (חוזרים והוראות מנכ""ל). התוכן המלא בקישור המקור.",government_page,,direct,https://www.gov.il/he/departments/policies/molsa-executive-circulars-005-2024
act-publications-sec-68-relief_ukraine_russia8824,sec-68,2024-08-08,"הקלות מעודכנות לזכאי שבות נתיני אוקראינה, רוסיה ובילורוסיה - Оновлені полегшення для претендентів на повернення з України, Росії та Білорусі",פרסום רשמי של רשות האוכלוסין וההגירה באתר gov.il (חוזרים ונהלים). התוכן המלא בקישור המקור.,government_page,,direct,https://www.gov.il/he/departments/policies/relief_ukraine_russia8824
act-publications-environment-marking,environment,2024-08-07,הנחיות לסימון פְּרָטֵי קבלן אסבסט על אריזת פסולת אסבסט,פרסום רשמי של המשרד להגנת הסביבה באתר gov.il (נהלים והנחיות). התוכן המלא בקישור המקור.,government_page,environment,direct,https://www.gov.il/he/departments/policies/marking
act-publications-sec-23-molsa-adoption-and-surrogacy-surrogacy-07082024,sec-23,2024-08-07,עדכון אזהרה ביחס לכינון הורות אגב הליכי פונדקאות בצפון קפריסין,פרסום רשמי של משרד הרווחה והביטחון החברתי באתר gov.il (נהלים והנחיות). התוכן המלא בקישור המקור.,government_page,,direct,https://www.gov.il/he/departments/policies/molsa-adoption-and-surrogacy-surrogacy-07082024
act-publications-economy-dgi_instructions_01_8,economy,2024-08-06,"הוראת מנכ""ל 1.8 - מסלולי הכשרה מקצועית בהובלת מעסיקים","פרסום רשמי של משרד הכלכלה והתעשייה באתר gov.il (חוזרים והוראות מנכ""ל). התוכן המלא בקישור המקור.",government_page,regulation; workforce,direct,https://www.gov.il/he/departments/policies/dgi_instructions_01_8
act-publications-sec-39-04082024,sec-39,2024-08-04,החלטת המועצה לשידורי כבלים ולשידורי לוויין מספר 2-6/2024 מיום 24.7.2024 בעניין: הפסקת שידורי ערוץ הקניות,פרסום רשמי של משרד התקשורת באתר gov.il (החלטות). התוכן המלא בקישור המקור.,government_page,,direct,https://www.gov.il/he/departments/policies/04082024
act-publications-sec-39-01082024,sec-39,2024-08-01,החלטת המועצה לשידורי כבלים ולשידורי לוויין מספר 3-6/2024 מיום 24.7.2024 בעניין: שינויים במתכונת השידורים בערוצי i24 הפועלים על פי רישיונות לשידור ערוץ חדשות בין-לאומי שהעניקה המועצה,פרסום רשמי של משרד התקשורת באתר gov.il (החלטות). התוכן המלא בקישור המקור.,government_page,,direct,https://www.gov.il/he/departments/policies/01082024
act-publications-sec-39-01082024_1,sec-39,2024-08-01,"החלטת המועצה לשידורי כבלים ולשידורי לוויין מספר 1-3/2024 מיום 11.4.2024 בעניין: אישור שינוי מאפייני ערוצים בשידורים הבסיסיים של בעל הרישיון הכללי לשידורי כבלים (יורוספורט 1, יורוספורט 2, וערוץ ויוה)",פרסום רשמי של משרד התקשורת באתר gov.il (החלטות). התוכן המלא בקישור המקור.,government_page,,direct,https://www.gov.il/he/departments/policies/01082024_1
act-publications-sec-68-end-defamation-palestinian-workers-wages524,sec-68,2024-08-01,חוזר ראש מינהל 05/2024 היערכות להפסקת חילול שכר העובדים הפלסטינים באמצעות אגף שירות למעסיקים,פרסום רשמי של רשות האוכלוסין וההגירה באתר gov.il (חוזרים ונהלים). התוכן המלא בקישור המקור.,government_page,emergency,direct,https://www.gov.il/he/departments/policies/end-defamation-palestinian-workers-wages524
act-publications-sec-7-news3107,sec-7,2024-07-31,הוראת שעה לפקודת נציבות 04.36.00 - קשר טלפוני של אסירים ועצורים,פרסום רשמי של שירות בתי הסוהר באתר gov.il (פקודות והוראות). התוכן המלא בקישור המקור.,government_page,regulation,direct,https://www.gov.il/he/departments/policies/news3107
act-publications-sec-39-30072024,sec-39,2024-07-30,נוהל משרד התקשורת לעניין עבודה עם שדלנים ביחס לפעילות כלכלית,פרסום רשמי של משרד התקשורת באתר gov.il (נהלים והנחיות). התוכן המלא בקישור המקור.,government_page,regulation,direct,https://www.gov.il/he/departments/policies/30072024
act-publications-economy-playground-regulation-policy,economy,2024-07-28,חובת החזקת היתר תו תקן עבור מתקני משחקים,פרסום רשמי של משרד הכלכלה והתעשייה באתר gov.il (נהלים רגולטוריים). התוכן המלא בקישור המקור.,government_page,workforce,direct,https://www.gov.il/he/departments/policies/playground-regulation-policy
act-publications-sec-39-25072024_1,sec-39,2024-07-25,"החלטת המועצה לשידורי כבלים ולשידורי לוויין מספר 1-6/2024 מיום 24.7.2024 בעניין:  הזמנה להצגת עמדות בנושא: תיקון מספר 1 לכללי הרשות השנייה לטלוויזיה ורדיו, התשפ""ב-2021 - חלוקת כספי מימון נוספים",פרסום רשמי של משרד התקשורת באתר gov.il (החלטות). התוכן המלא בקישור המקור.,government_page,,direct,https://www.gov.il/he/departments/policies/25072024_1
act-publications-sec-5-digital-economy-taxtion,sec-5,2024-07-25,מיסוי הכלכלה הדיגיטלית,פרסום רשמי של משרד האוצר באתר gov.il (הסכמים). התוכן המלא בקישור המקור.,government_page,digital,direct,https://www.gov.il/he/departments/policies/digital-economy-taxtion
act-publications-sec-68-notise-agri-private-companies-payment-difference-collection,sec-68,2024-07-23,גביה חד פעמית של הפרש תשלום מותר ללשכות הפרטיות בחקלאות,פרסום רשמי של רשות האוכלוסין וההגירה באתר gov.il (תקנות ותעריפים). התוכן המלא בקישור המקור.,government_page,regulation,direct,https://www.gov.il/he/departments/policies/notise-agri-private-companies-payment-difference-collection
act-publications-sec-43-borders,sec-43,2024-07-18,"מתוך תקנות המדידות (מדידות ומיפוי), תשע""ו-2016",פרסום רשמי של המרכז למיפוי ישראל באתר gov.il (נהלים והנחיות). התוכן המלא בקישור המקור.,government_page,regulation,direct,https://www.gov.il/he/departments/policies/borders
act-publications-sec-39-17072024,sec-39,2024-07-17,תיקון רישיון בזק החברה הישראלית לתקשורת (מספר 96),פרסום רשמי של משרד התקשורת באתר gov.il (רישיונות). התוכן המלא בקישור המקור.,government_page,,direct,https://www.gov.il/he/departments/policies/17072024
act-publications-economy-economy-dgi-instructions-04-75,economy,2024-07-16,"הוראת מנכ""ל 4.75 - מסלול להקמת מפעלי ייצור לשיטות בנייה מתועשות מתקדמות","פרסום רשמי של משרד הכלכלה והתעשייה באתר gov.il (חוזרים והוראות מנכ""ל). התוכן המלא בקישור המקור.",government_page,regulation,direct,https://www.gov.il/he/departments/policies/economy-dgi-instructions-04-75
act-publications-sec-39-16072024_1,sec-39,2024-07-16,בקשת בזק להוספת אזורים סטטיסטיים לאזורי הפרישה - החלטה,פרסום רשמי של משרד התקשורת באתר gov.il (החלטות). התוכן המלא בקישור המקור.,government_page,,direct,https://www.gov.il/he/departments/policies/16072024_1
act-publications-sec-7-news16724,sec-7,2024-07-15,הוראת שעה: צמצום פעילויות שגרה בעת מלחמה - הארכה מס' 19,פרסום רשמי של שירות בתי הסוהר באתר gov.il (נהלים והנחיות). התוכן המלא בקישור המקור.,government_page,emergency; regulation,direct,https://www.gov.il/he/departments/policies/news16724
act-publications-sec-37-hozer-mankal-012024-2,sec-37,2024-07-14,"חוזר מנכ""ל 01/2024 (גרסה 2): נוהל קרן שיווק למארגני תיירות נכנסת לישראל לתקופה ינואר עד דצמבר 2024","פרסום רשמי של משרד התיירות באתר gov.il (חוזרים והוראות מנכ""ל). התוכן המלא בקישור המקור.",government_page,regulation,direct,https://www.gov.il/he/departments/policies/hozer-mankal-012024-2
act-publications-sec-68-instructions-forign-workers8724,sec-68,2024-07-11,הוראות ביצוע לעניין העסקת עובדים זרים חדשים מהודו שהגיעו לישראל במסגרת הסכם בילטראלי,פרסום רשמי של רשות האוכלוסין וההגירה באתר gov.il (הוראות ביצוע). התוכן המלא בקישור המקור.,government_page,regulation,direct,https://www.gov.il/he/departments/policies/instructions-forign-workers8724
act-publications-sec-68-non_enforcement_nursing11724,sec-68,2024-07-11,חרבות ברזל – הודעה על הארכת תקופת אי אכיפה זמנית לגבי עובדי סיעוד זרים שבקשה לוועדה ההומניטרית לסיעוד בגינם נדחתה בין התאריכים 7.10.23 - 31.10.24,פרסום רשמי של רשות האוכלוסין וההגירה באתר gov.il (מידע למעסיקים). התוכן המלא בקישור המקור.,government_page,regulation,direct,https://www.gov.il/he/departments/policies/non_enforcement_nursing11724
act-publications-sec-68-safe-space-foreign-workers-agri-11724,sec-68,2024-07-11,וידוא עדכון עובדים זרים לגבי מיקום מרחבים מוגנים - עובדים זרים בענף החקלאות,פרסום רשמי של רשות האוכלוסין וההגירה באתר gov.il (מידע למעסיקים). התוכן המלא בקישור המקור.,government_page,,direct,https://www.gov.il/he/departments/policies/safe-space-foreign-workers-agri-11724
act-publications-sec-5-law-2864-24,sec-5,2024-07-09,"הבהרת עמדת היועץ המשפטי לממשלה ורשות המסים והחלטת בג""ץ בעניין גביית חוב מס רכוש בהתאם להנחיית היועץ המשפטי לממשלה 7.1002",פרסום רשמי של רשות המסים בישראל באתר gov.il (נהלים והנחיות). התוכן המלא בקישור המקור.,government_page,,direct,https://www.gov.il/he/departments/policies/law-2864-24
act-publications-sec-68-employment_foreign_workers_in_nursing_institutions42023,sec-68,2024-07-04,עלון בנושא העסקת עובדים זרים במוסדות סיעוד - אפריל 2023,"פרסום רשמי של רשות האוכלוסין וההגירה באתר gov.il (חוזרים והוראות מנכ""ל). התוכן המלא בקישור המקור.",government_page,,direct,https://www.gov.il/he/departments/policies/employment_foreign_workers_in_nursing_institutions42023
act-publications-sec-68-employment-approval-foreign-construction-workers,sec-68,2024-07-04,"התרת העסקת עובדי בנין זרים ""בילטראליים"" חדשים בעבודות תשתיות ושיפוצים/העברת עובדים זרים מענף הבניין לענף התעשייה לצורך פתרון משבר אי העסקת העובדים","פרסום רשמי של רשות האוכלוסין וההגירה באתר gov.il (חוזרים והוראות מנכ""ל). התוכן המלא בקישור המקור.",government_page,regulation,direct,https://www.gov.il/he/departments/policies/employment-approval-foreign-construction-workers
act-publications-sec-29-tkuma-housing-agreements,sec-29,2024-07-03,פתרונות דיור עבור מפוני יישובי עוטף עזה,פרסום רשמי של משרד הבינוי והשיכון באתר gov.il (הסכמים). התוכן המלא בקישור המקור.,government_page,,direct,https://www.gov.il/he/departments/policies/tkuma-housing-agreements
act-publications-economy-rules-import-062024,economy,2024-06-30,חידוד וריענון הנחיה של יבוא יהלומים לתיקון בישראל,פרסום רשמי של משרד הכלכלה והתעשייה באתר gov.il (נהלים רגולטוריים). התוכן המלא בקישור המקור.,government_page,,direct,https://www.gov.il/he/departments/policies/rules-import-062024
act-publications-sec-7-news0027062024,sec-7,2024-06-27,הוראת שעה: צמצום פעילויות שגרה בעת מלחמה - הארכה מס' 18,פרסום רשמי של שירות בתי הסוהר באתר gov.il (נהלים והנחיות). התוכן המלא בקישור המקור.,government_page,emergency; regulation,direct,https://www.gov.il/he/departments/policies/news0027062024
act-publications-sec-23-molsa-policy-procedure-for-reporting-protective-suits-26062024,sec-23,2024-06-26,נוהל דיווח חליפות מיגון,פרסום רשמי של משרד הרווחה והביטחון החברתי באתר gov.il (נהלים והנחיות). התוכן המלא בקישור המקור.,government_page,emergency; regulation,direct,https://www.gov.il/he/departments/policies/molsa-policy-procedure-for-reporting-protective-suits-26062024
act-publications-sec-5-guidance_superior_17012024-fix,sec-5,2024-06-24,"תיקון הנחיה מס' 2024-1 שכותרתה ""תנאי סיום העסקה ליועץ משפטי של משרד ממשלתי אשר נבחר לתפקידו החל מיום 1 במרץ 2022 והשלים קדנציה"" מיום 17.1.2024",פרסום רשמי של משרד האוצר באתר gov.il (נהלים והנחיות). התוכן המלא בקישור המקור.,government_page,,direct,https://www.gov.il/he/departments/policies/guidance_superior_17012024-fix
act-publications-sec-5-guidance_superior_05062024,sec-5,2024-06-23,"הנחיית ביצוע מיום 5.6.24 בנושא: חוק הקפאה והפחתה של דמי הבראה בשנת 2024 לשם תקצוב הטבות לחיילי מילואים, התשפ""ד 2024  - הבהרה",פרסום רשמי של משרד האוצר באתר gov.il (נהלים והנחיות). התוכן המלא בקישור המקור.,government_page,regulation,direct,https://www.gov.il/he/departments/policies/guidance_superior_05062024
act-publications-sec-7-news29072024,sec-7,2024-06-23,"הוראת שעה לפקודת נציבות 04.40.00 - ""חופשות אסירים"" (חופשה מיוחדת לאסיר בתקופת המצב הביטחוני המיוחד) (""חרבות ברזל"") - הארכה מס' 1",פרסום רשמי של שירות בתי הסוהר באתר gov.il (פקודות והוראות). התוכן המלא בקישור המקור.,government_page,,direct,https://www.gov.il/he/departments/policies/news29072024
act-publications-sec-39-20062024,sec-39,2024-06-20,החלטת המועצה לשידורי כבלים ולשידורי לוויין מספר 1-5/2024 מיום 16.5.2024 בעניין: ביטול חובות מפרט שידורי הספורט שנקבע במסגרת מדיניות המועצה בנושא משחקים חיים בערוצי הספורט בעוד שנה מהיום והותרת חובת שידור לגבי ספורט נשים ונכים,פרסום רשמי של משרד התקשורת באתר gov.il (החלטות). התוכן המלא בקישור המקור.,government_page,,direct,https://www.gov.il/he/departments/policies/20062024
act-publications-sec-39-20062024_1,sec-39,2024-06-20,קביעת מבחנים לחלוקת כספי תמיכות של משרד התקשורת לרשויות מקומיות המפעילות תכניות העשרה לציבור בתחום התקשורת והמדיה – החלטה,פרסום רשמי של משרד התקשורת באתר gov.il (החלטות). התוכן המלא בקישור המקור.,government_page,local-authorities,direct,https://www.gov.il/he/departments/policies/20062024_1
act-publications-sec-29-neyar-emda-19062024,sec-29,2024-06-19,הזדמנות נוספת לבחינת בקשה לרישום או סיווג בפנקס הקבלנים בעקבות מלחמת חרבות ברזל,פרסום רשמי של משרד הבינוי והשיכון באתר gov.il (ניירות עמדה). התוכן המלא בקישור המקור.,government_page,,direct,https://www.gov.il/he/departments/policies/neyar-emda-19062024
act-publications-sec-33-cultivationlandcooperativeagricultural,sec-33,2024-06-16,עיבוד קרקע של אגודות חקלאיות שיתופיות על ידי אגודה חקלאית שיתופית בה הן חברות,פרסום רשמי של משרד החקלאות וביטחון המזון באתר gov.il (נהלים והנחיות). התוכן המלא בקישור המקור.,government_page,,direct,https://www.gov.il/he/departments/policies/cultivationlandcooperativeagricultural
act-publications-sec-6-sea_level_policy,sec-6,2024-06-16,מסמך מדיניות - הערכות זמנית לעליית מפלס פני הים,פרסום רשמי של מינהל התכנון באתר gov.il (מסמכי מדיניות). התוכן המלא בקישור המקור.,government_page,,direct,https://www.gov.il/he/departments/policies/sea_level_policy
act-publications-sec-7-002301000,sec-7,2024-06-13,הוראת שעה: צמצום פעילויות שגרה בעת מלחמה - הארכה מס' 17,פרסום רשמי של שירות בתי הסוהר באתר gov.il (נהלים והנחיות). התוכן המלא בקישור המקור.,government_page,emergency; regulation,direct,https://www.gov.il/he/departments/policies/002301000
act-publications-sec-6-routing_requests,sec-6,2024-06-10,נוהל ניתוב בקשות לקידום תכנית מפורטת לתשתית,פרסום רשמי של מינהל התכנון באתר gov.il (נהלים רגולטוריים). התוכן המלא בקישור המקור.,government_page,infrastructure; regulation,direct,https://www.gov.il/he/departments/policies/routing_requests
act-publications-sec-7-news4624,sec-7,2024-06-04,הוראת שעה לפקודת נציבות 04.13.00 - דין משמעתי לאסירים,פרסום רשמי של שירות בתי הסוהר באתר gov.il (פקודות והוראות). התוכן המלא בקישור המקור.,government_page,,direct,https://www.gov.il/he/departments/policies/news4624
act-publications-sec-37-nehalim-assistance-hotels,sec-37,2024-06-02,נהלי המנהלת לשנת 2024,פרסום רשמי של משרד התיירות באתר gov.il (חוזרים ונהלים). התוכן המלא בקישור המקור.,government_page,,direct,https://www.gov.il/he/departments/policies/nehalim-assistance-hotels
act-publications-sec-36-recognition-institutions-engineers-technicians,sec-36,2024-05-30,נוהל וקריטריונים להכרה במוסדות לימוד להכשרת הנדסאים ו/או טכנאים מוסמכים,פרסום רשמי של משרד העבודה באתר gov.il (נהלים והנחיות). התוכן המלא בקישור המקור.,government_page,regulation,direct,https://www.gov.il/he/departments/policies/recognition-institutions-engineers-technicians
act-publications-sec-39-30052024_1,sec-39,2024-05-30,קביעת מדיניות מספור לשירותי IoT / M2M - החלטה,פרסום רשמי של משרד התקשורת באתר gov.il (החלטות). התוכן המלא בקישור המקור.,government_page,,direct,https://www.gov.il/he/departments/policies/30052024_1
act-publications-sec-68-build_stoping_fees30524,sec-68,2024-05-30,הודעה על הפסקת גביית הפרשה לקרן לעידוד ענף הבניה,"פרסום רשמי של רשות האוכלוסין וההגירה באתר gov.il (חוזרים והוראות מנכ""ל). התוכן המלא בקישור המקור.",government_page,,direct,https://www.gov.il/he/departments/policies/build_stoping_fees30524
act-publications-sec-39-29052024_1,sec-39,2024-05-29,"תיקון רישיון סלקום ישראל בע""מ (מספר 145)",פרסום רשמי של משרד התקשורת באתר gov.il (רישיונות). התוכן המלא בקישור המקור.,government_page,,direct,https://www.gov.il/he/departments/policies/29052024_1
act-publications-sec-5-guidance_superior_05032024,sec-5,2024-05-29,ימי השתלמות לדירוג המינהלי - חוזר ביצוע להסכם הקיבוצי שנחתם ביום 5.3.2024,פרסום רשמי של משרד האוצר באתר gov.il (נהלים והנחיות). התוכן המלא בקישור המקור.,government_page,regulation,direct,https://www.gov.il/he/departments/policies/guidance_superior_05032024
act-publications-sec-68--extension-permit-to-employ-foreign-workers-as-support-staff-in-caregiving-institutes,sec-68,2024-05-29,הארכת מועד הגשת בקשות לקבלת היתרים לעסקת עובדים זרים בענף מוסדות סיעוד,"פרסום רשמי של רשות האוכלוסין וההגירה באתר gov.il (חוזרים והוראות מנכ""ל). התוכן המלא בקישור המקור.",government_page,,direct,https://www.gov.il/he/departments/policies/-extension-permit-to-employ-foreign-workers-as-support-staff-in-caregiving-institutes
act-publications-sec-68-renewal-recruitment-agricultural-workers29524,sec-68,2024-05-29,הודעה על חידוש גיוס עובדי חקלאות מתאילנד במסגרת ההסכם הבילטראלי בין המדינות,"פרסום רשמי של רשות האוכלוסין וההגירה באתר gov.il (חוזרים והוראות מנכ""ל). התוכן המלא בקישור המקור.",government_page,,direct,https://www.gov.il/he/departments/policies/renewal-recruitment-agricultural-workers29524
act-publications-sec-68-siud-announcement-52024,sec-68,2024-05-29,הודעה בדבר חלוקת יתרת מכסה למוסדות ברישוי בריאות מאי 2024,"פרסום רשמי של רשות האוכלוסין וההגירה באתר gov.il (חוזרים והוראות מנכ""ל). התוכן המלא בקישור המקור.",government_page,regulation,direct,https://www.gov.il/he/departments/policies/siud-announcement-52024
act-publications-sec-7-news29524,sec-7,2024-05-29,הוראת שעה: צמצום פעילויות שגרה בעת מלחמה - הארכה מס' 16,פרסום רשמי של שירות בתי הסוהר באתר gov.il (נהלים והנחיות). התוכן המלא בקישור המקור.,government_page,emergency; regulation,direct,https://www.gov.il/he/departments/policies/news29524
act-publications-sec-23-molsa-executive-circulars-004-2024,sec-23,2024-05-28,בינוי ושיפוץ מחלקות לשירותים חברתיים,"פרסום רשמי של משרד הרווחה והביטחון החברתי באתר gov.il (חוזרים והוראות מנכ""ל). התוכן המלא בקישור המקור.",government_page,,direct,https://www.gov.il/he/departments/policies/molsa-executive-circulars-004-2024
act-publications-sec-39-28052024_1,sec-39,2024-05-28,"תיקון רישיון פרטנר תקשורת בע""מ (מספר 137)",פרסום רשמי של משרד התקשורת באתר gov.il (רישיונות). התוכן המלא בקישור המקור.,government_page,,direct,https://www.gov.il/he/departments/policies/28052024_1
act-publications-environment-odor-test,environment,2024-05-27,נוהל בדיקת ריח בשטח באמצעות צוות מריחים,פרסום רשמי של המשרד להגנת הסביבה באתר gov.il (נהלים והנחיות). התוכן המלא בקישור המקור.,government_page,regulation,direct,https://www.gov.il/he/departments/policies/odor-test
act-publications-sec-19-for_coach_and_professional_manager,sec-19,2024-05-27,נהלים למתן הכרה בגופי הכשרה להכשרת מדריכים ומאמנים ומנהלים מקצועיים,פרסום רשמי של משרד התרבות והספורט באתר gov.il (נהלים והנחיות). התוכן המלא בקישור המקור.,government_page,regulation,direct,https://www.gov.il/he/departments/policies/for_coach_and_professional_manager
act-publications-sec-5-guidance_superior_27052024,sec-5,2024-05-27,"הנחיית ביצוע מיום 27.5.24 בנושא חוק הקפאה והפחתה של דמי הבראה בשנת 2024 לשם תקצוב הטבות לחיילי מילואים, התשפד 2024  - הבהרה",פרסום רשמי של משרד האוצר באתר gov.il (נהלים והנחיות). התוכן המלא בקישור המקור.,government_page,regulation,direct,https://www.gov.il/he/departments/policies/guidance_superior_27052024
act-publications-sec-6-reference_tigarts_planning,sec-6,2024-05-27,קווים מנחים להתייחסות למצודות הטיגארט בתכנון,פרסום רשמי של מינהל התכנון באתר gov.il (נהלים והנחיות). התוכן המלא בקישור המקור.,government_page,regulation,direct,https://www.gov.il/he/departments/policies/reference_tigarts_planning
act-publications-sec-7-fire_investigation_procedure,sec-7,2024-05-26,נוהל חקירות דליקות,פרסום רשמי של כבאות והצלה לישראל באתר gov.il (נהלים והנחיות). התוכן המלא בקישור המקור.,government_page,regulation,direct,https://www.gov.il/he/departments/policies/fire_investigation_procedure
act-publications-sec-29-neyar-emda-23052024,sec-29,2024-05-23,הקפאה זמנית של רישיון קבלן – מלחמת חרבות ברזל,פרסום רשמי של משרד הבינוי והשיכון באתר gov.il (נהלים והנחיות). התוכן המלא בקישור המקור.,government_page,,direct,https://www.gov.il/he/departments/policies/neyar-emda-23052024
act-publications-sec-5-guidance_superior_23052024,sec-5,2024-05-23,הנחיית ביצוע מיום 23.5.24 בנושא תוספת ימי היעדרות בתשלום לבני ובנות זוג של המשרתים במילואים,פרסום רשמי של משרד האוצר באתר gov.il (נהלים והנחיות). התוכן המלא בקישור המקור.,government_page,regulation,direct,https://www.gov.il/he/departments/policies/guidance_superior_23052024
act-publications-economy-economy-dgi-instructions-04-74,economy,2024-05-22,"הוראת מנכ""ל 4.74 השקעות הון תקומה א' לשימור פעילות עסקית ביישובי חבל תקומה","פרסום רשמי של משרד הכלכלה והתעשייה באתר gov.il (חוזרים והוראות מנכ""ל). התוכן המלא בקישור המקור.",government_page,,direct,https://www.gov.il/he/departments/policies/economy-dgi-instructions-04-74
act-publications-sec-29-nohal-charigim-diyur-tzibury,sec-29,2024-05-21,נוהל הדיון בבקשות חריגות בנושא דיור ציבורי,פרסום רשמי של משרד הבינוי והשיכון באתר gov.il (נהלים והנחיות). התוכן המלא בקישור המקור.,government_page,regulation,direct,https://www.gov.il/he/departments/policies/nohal-charigim-diyur-tzibury
act-publications-sec-29-nohal-dayar-mamshich-meyucahd-charvot-barzel,sec-29,2024-05-21,נוהל דייר ממשיך מיוחד (הוראת שעה – חרבות ברזל),פרסום רשמי של משרד הבינוי והשיכון באתר gov.il (נהלים והנחיות). התוכן המלא בקישור המקור.,government_page,regulation,direct,https://www.gov.il/he/departments/policies/nohal-dayar-mamshich-meyucahd-charvot-barzel
act-publications-sec-33-moag-pro-048,sec-33,2024-05-21,נהלים מקצועיים לרופאים וטרינרים לחיות מחמד,פרסום רשמי של משרד החקלאות וביטחון המזון באתר gov.il (נהלים והנחיות). התוכן המלא בקישור המקור.,government_page,regulation,direct,https://www.gov.il/he/departments/policies/moag-pro-048
act-publications-sec-68-national_infrastructure_projects_procedure,sec-68,2024-05-21,מצגת נוהל מיזמים חיוניים,פרסום רשמי של רשות האוכלוסין וההגירה באתר gov.il (נהלים והנחיות). התוכן המלא בקישור המקור.,government_page,regulation,direct,https://www.gov.il/he/departments/policies/national_infrastructure_projects_procedure
act-publications-environment-increased-risk,environment,2024-05-20,הנחיות ונהלים למְכלים בסיכון מוגבר,פרסום רשמי של המשרד להגנת הסביבה באתר gov.il (נהלים והנחיות). התוכן המלא בקישור המקור.,government_page,,direct,https://www.gov.il/he/departments/policies/increased-risk
act-publications-environment-tank-farms,environment,2024-05-20,הנחיות ונהלים לחוות מכלים ומסופי דלק,פרסום רשמי של המשרד להגנת הסביבה באתר gov.il (נהלים והנחיות). התוכן המלא בקישור המקור.,government_page,,direct,https://www.gov.il/he/departments/policies/tank-farms
act-publications-sec-7-240520-1,sec-7,2024-05-20,נהלים מסווגים,פרסום רשמי של כבאות והצלה לישראל באתר gov.il (נהלים והנחיות). התוכן המלא בקישור המקור.,government_page,,direct,https://www.gov.il/he/departments/policies/240520-1
act-publications-sec-6-directions_train_stations_vatal,sec-6,2024-05-19,הנחיות לתכנון תחנות רכבת,פרסום רשמי של מינהל התכנון באתר gov.il (נהלים והנחיות). התוכן המלא בקישור המקור.,government_page,,direct,https://www.gov.il/he/departments/policies/directions_train_stations_vatal
act-publications-sec-6-policies_requeso_promotion_vatal,sec-6,2024-05-19,"ות""ל (ועדה לתשתיות לאומיות) - חוברת 3 - נהלי עבודה משלב בקשה לקידום פרויקט תשתית בעל חשיבות לאומית ועד מתן תוקף",פרסום רשמי של מינהל התכנון באתר gov.il (נהלים רגולטוריים). התוכן המלא בקישור המקור.,government_page,infrastructure,direct,https://www.gov.il/he/departments/policies/policies_requeso_promotion_vatal
act-publications-sec-7-15052024,sec-7,2024-05-15,הוראת שעה: צמצום פעילויות שגרה בעת מלחמה - הארכה מס' 15,פרסום רשמי של שירות בתי הסוהר באתר gov.il (נהלים והנחיות). התוכן המלא בקישור המקור.,government_page,emergency; regulation,direct,https://www.gov.il/he/departments/policies/15052024
act-publications-sec-7-ministers_policy_24,sec-7,2024-05-13,מדיניות השר לביטחון לאומי לשנת העבודה 2024,פרסום רשמי של המשרד לביטחון לאומי באתר gov.il (מסמכי מדיניות). התוכן המלא בקישור המקור.,government_page,,direct,https://www.gov.il/he/departments/policies/ministers_policy_24
act-publications-economy-economy-dgi-instructions-04-73,economy,2024-05-09,"הוראת מנכ""ל 4.73 - קידום מיזמי סיוע לעסקים קטנים ובינוניים של משרתי מילואים","פרסום רשמי של משרד הכלכלה והתעשייה באתר gov.il (חוזרים והוראות מנכ""ל). התוכן המלא בקישור המקור.",government_page,,direct,https://www.gov.il/he/departments/policies/economy-dgi-instructions-04-73
act-publications-environment-feedstock,environment,2024-05-09,"פטור ממכסה בעבור שימוש בחומר מפוקח כ-Feedstock – תקנה 6(1) לתקנות החומרים המסוכנים (יישום פרוטוקול מונטריאול בעניין חומרים הפוגעים בשכבת האוזון) תשס""ד-2004",פרסום רשמי של המשרד להגנת הסביבה באתר gov.il (מסמכי מדיניות). התוכן המלא בקישור המקור.,government_page,regulation,direct,https://www.gov.il/he/departments/policies/feedstock
act-publications-sec-37-checks-to-support-marketing-operations-for-tourist-events-for-2024,sec-37,2024-05-05,"חוזר מנכ""ל 03/2024 - נוהל אירועים 2024 - תיקון סופר בסעיף 5.2.2.1","פרסום רשמי של משרד התיירות באתר gov.il (חוזרים והוראות מנכ""ל). התוכן המלא בקישור המקור.",government_page,regulation,direct,https://www.gov.il/he/departments/policies/checks-to-support-marketing-operations-for-tourist-events-for-2024
act-publications-sec-23-molsa-executive-circulars-112-2017,sec-23,2024-05-02,"דרכי התערבות במצב של סכנת חיים ממשית ""אורות אדומים"" (טרום אירוע קיצון)","פרסום רשמי של משרד הרווחה והביטחון החברתי באתר gov.il (חוזרים והוראות מנכ""ל). התוכן המלא בקישור המקור.",government_page,regulation,direct,https://www.gov.il/he/departments/policies/molsa-executive-circulars-112-2017
act-publications-sec-33-fish_revia_gius_2024new,sec-33,2024-05-01,הודעה בדבר תקופות הרבייה והגיוס בים התיכון ובמכמורת שנת 2024,פרסום רשמי של משרד החקלאות וביטחון המזון באתר gov.il (נהלים רגולטוריים). התוכן המלא בקישור המקור.,government_page,,direct,https://www.gov.il/he/departments/policies/fish_revia_gius_2024new
act-publications-sec-39-30042024_1,sec-39,2024-04-30,"תקנות התקשורת (בזק ושידורים) (תשלומים בעד שירותי בזק) (תיקון) (תיקון), התשפ""ד-2024",פרסום רשמי של משרד התקשורת באתר gov.il (מסמכי מדיניות). התוכן המלא בקישור המקור.,government_page,regulation,direct,https://www.gov.il/he/departments/policies/30042024_1
act-publications-sec-5-h-5-1-1-fwd,sec-5,2024-04-30,הוראה מספר 5.1.1- הגדרת פעילות חטיבת הביקורת של החשב הכללי,פרסום רשמי של משרד האוצר באתר gov.il (הוראות ביצוע). התוכן המלא בקישור המקור.,government_page,regulation,direct,https://www.gov.il/he/departments/policies/h-5-1-1-fwd
act-publications-sec-5-h-5-1-2-fwd,sec-5,2024-04-30,הוראה מספר 5.1.2- הגדרת פעילות מבקר הכספים בחשבות,פרסום רשמי של משרד האוצר באתר gov.il (הוראות ביצוע). התוכן המלא בקישור המקור.,government_page,regulation,direct,https://www.gov.il/he/departments/policies/h-5-1-2-fwd
act-publications-sec-5-h-5-1-3-fwd,sec-5,2024-04-30,הוראה מספר 5.1.3- הסדרת מערכת היחסים בין חשב המשרד לבין מבקר הפנים במשרד,פרסום רשמי של משרד האוצר באתר gov.il (הוראות ביצוע). התוכן המלא בקישור המקור.,government_page,regulation,direct,https://www.gov.il/he/departments/policies/h-5-1-3-fwd
act-publications-sec-5-h-5-1-4-fwd,sec-5,2024-04-30,הוראה מספר 5.1.4- מערך מרכזי לביקורת על זכויות עובדים המועסקים על ידי קבלני שירותים,פרסום רשמי של משרד האוצר באתר gov.il (הוראות ביצוע). התוכן המלא בקישור המקור.,government_page,regulation,direct,https://www.gov.il/he/departments/policies/h-5-1-4-fwd
act-publications-sec-7-news300424,sec-7,2024-04-30,הוראת שעה: צמצום פעילויות שגרה בעת מלחמה - הארכה מס' 14,פרסום רשמי של שירות בתי הסוהר באתר gov.il (נהלים והנחיות). התוכן המלא בקישור המקור.,government_page,emergency; regulation,direct,https://www.gov.il/he/departments/policies/news300424
act-publications-sec-39-21042024_1,sec-39,2024-04-21,החלטת המועצה לשידורי כבלים ולשידורי לוויין מספר 1-2/2024 מיום 27.3.2024 בעניין:  הארכה נוספת של תוקף ההחלטה על מתן אישור לבעלי הרישיונות להציע חבילות המצומצמות מחבילת הבסיס,פרסום רשמי של משרד התקשורת באתר gov.il (החלטות). התוכן המלא בקישור המקור.,government_page,regulation,direct,https://www.gov.il/he/departments/policies/21042024_1
act-publications-sec-7-news21424,sec-7,2024-04-21,הוראת שעה לפקודת נציבות 04.54.01 - איתור מצוקה ומניעת אובדנות - מעקב והשגחה - הארכה מס' 2,פרסום רשמי של שירות בתי הסוהר באתר gov.il (פקודות והוראות). התוכן המלא בקישור המקור.,government_page,regulation,direct,https://www.gov.il/he/departments/policies/news21424
act-publications-sec-29-neyar-emda-17042024,sec-29,2024-04-18,נייר עמדה – מכירת דירה על ידי רוכש,פרסום רשמי של משרד הבינוי והשיכון באתר gov.il (ניירות עמדה). התוכן המלא בקישור המקור.,government_page,,direct,https://www.gov.il/he/departments/policies/neyar-emda-17042024
act-publications-sec-39-26082025_3,sec-39,2024-04-17,התראות מינהליות – פקודת הטלגרף לשנת 2024,פרסום רשמי של משרד התקשורת באתר gov.il (סמכויות פיקוח ואכיפה). התוכן המלא בקישור המקור.,government_page,regulation,direct,https://www.gov.il/he/departments/policies/26082025_3
act-publications-sec-68-foreign_workers_dormitories_apr2024,sec-68,2024-04-16,הגשת בקשות להעסקת עובדים זרים ככוח עזר במעונות לאנשים עם מוגבלות בפיקוח משרד הרווחה והביטחון החברתי,פרסום רשמי של רשות האוכלוסין וההגירה באתר gov.il (מידע למעסיקים). התוכן המלא בקישור המקור.,government_page,,direct,https://www.gov.il/he/departments/policies/foreign_workers_dormitories_apr2024
act-publications-sec-7-safety_instructions,sec-7,2024-04-16,ריכוז הוראות בטיחות,פרסום רשמי של כבאות והצלה לישראל באתר gov.il (נהלים והנחיות). התוכן המלא בקישור המקור.,government_page,,direct,https://www.gov.il/he/departments/policies/safety_instructions
act-publications-sec-7-security_procedures,sec-7,2024-04-16,נהלי ביטחון,פרסום רשמי של כבאות והצלה לישראל באתר gov.il (נהלים והנחיות). התוכן המלא בקישור המקור.,government_page,,direct,https://www.gov.il/he/departments/policies/security_procedures
act-publications-sec-7-comptroller_procedure,sec-7,2024-04-15,נהלי ביקורת ופניות הציבור,פרסום רשמי של כבאות והצלה לישראל באתר gov.il (נהלים והנחיות). התוכן המלא בקישור המקור.,government_page,,direct,https://www.gov.il/he/departments/policies/comptroller_procedure
act-publications-sec-7-hazardous_materials-procedures,sec-7,2024-04-15,"נהלי חומרים מסוכנים (חומ""ס)",פרסום רשמי של כבאות והצלה לישראל באתר gov.il (נהלים והנחיות). התוכן המלא בקישור המקור.,government_page,,direct,https://www.gov.il/he/departments/policies/hazardous_materials-procedures
act-publications-sec-7-implementation_of_the_freedom_of_information_law_procedure,sec-7,2024-04-15,נוהל יישום חוק חופש המידע,פרסום רשמי של כבאות והצלה לישראל באתר gov.il (נהלים והנחיות). התוכן המלא בקישור המקור.,government_page,regulation,direct,https://www.gov.il/he/departments/policies/implementation_of_the_freedom_of_information_law_procedure
act-publications-sec-7-training_and_fighting_theory_procedure,sec-7,2024-04-15,"נהלי הדרכה ותורת לחימה (תו""ל)",פרסום רשמי של כבאות והצלה לישראל באתר gov.il (נהלים והנחיות). התוכן המלא בקישור המקור.,government_page,,direct,https://www.gov.il/he/departments/policies/training_and_fighting_theory_procedure
act-publications-sec-7-volunteers_procedures,sec-7,2024-04-15,נהלי חטיבת מתנדבים,פרסום רשמי של כבאות והצלה לישראל באתר gov.il (נהלים והנחיות). התוכן המלא בקישור המקור.,government_page,,direct,https://www.gov.il/he/departments/policies/volunteers_procedures
act-publications-sec-7-140424,sec-7,2024-04-14,הוראת שעה: צמצום פעילויות שגרה בעת מלחמה - הארכה מס' 13,פרסום רשמי של שירות בתי הסוהר באתר gov.il (נהלים והנחיות). התוכן המלא בקישור המקור.,government_page,emergency; regulation,direct,https://www.gov.il/he/departments/policies/140424
act-publications-sec-7-accepting_national_service_procedure,sec-7,2024-04-14,נוהל קליטה ושחרור בן שירות תומך לחימה,פרסום רשמי של כבאות והצלה לישראל באתר gov.il (נהלים והנחיות). התוכן המלא בקישור המקור.,government_page,regulation,direct,https://www.gov.il/he/departments/policies/accepting_national_service_procedure
act-publications-sec-7-applying_to_tenders_committee_procedure,sec-7,2024-04-14,נוהל פנייה לוועדת מכרזים,פרסום רשמי של כבאות והצלה לישראל באתר gov.il (נהלים והנחיות). התוכן המלא בקישור המקור.,government_page,procurement; regulation,direct,https://www.gov.il/he/departments/policies/applying_to_tenders_committee_procedure
act-publications-sec-7-integration_with_idf_bases_procedure,sec-7,2024-04-14,"נוהל חבירה לבסיסי צה""ל",פרסום רשמי של כבאות והצלה לישראל באתר gov.il (נהלים והנחיות). התוכן המלא בקישור המקור.,government_page,regulation,direct,https://www.gov.il/he/departments/policies/integration_with_idf_bases_procedure
act-publications-sec-7-logistics_technology_division_procedures,sec-7,2024-04-14,"נהלי אגף טכנולוגי לוגיסטי (אט""ל)",פרסום רשמי של כבאות והצלה לישראל באתר gov.il (נהלים והנחיות). התוכן המלא בקישור המקור.,government_page,,direct,https://www.gov.il/he/departments/policies/logistics_technology_division_procedures
act-publications-sec-7-purchase_requisition_submition_procedure,sec-7,2024-04-14,"נוהל פנייה, הקמה וביצוע של דרישת רכש",פרסום רשמי של כבאות והצלה לישראל באתר gov.il (נהלים והנחיות). התוכן המלא בקישור המקור.,government_page,procurement; regulation,direct,https://www.gov.il/he/departments/policies/purchase_requisition_submition_procedure
act-publications-sec-68-extending_permitted_period_stay_agr,sec-68,2024-04-11,הארכת תקופת שהותם המותרת של העובדים בחקלאות הנמצאים בישראל כדין בשנה שישית,פרסום רשמי של רשות האוכלוסין וההגירה באתר gov.il (מידע למעסיקים). התוכן המלא בקישור המקור.,government_page,,direct,https://www.gov.il/he/departments/policies/extending_permitted_period_stay_agr
act-publications-sec-5-guidance_superior_07042024,sec-5,2024-04-10,חוזר הממונה על השכר מיון 7.4.24 בנושא שכר המינימום - עדכון,פרסום רשמי של משרד האוצר באתר gov.il (נהלים והנחיות). התוכן המלא בקישור המקור.,government_page,,direct,https://www.gov.il/he/departments/policies/guidance_superior_07042024
act-publications-sec-68-procedure_essential_national_infrastructure,sec-68,2024-04-10,נוהל הסדרת העסקת עובדים זרים בענף מיזמי תשתיות לאומיות חיוניים,פרסום רשמי של רשות האוכלוסין וההגירה באתר gov.il (נהלים והנחיות). התוכן המלא בקישור המקור.,government_page,regulation,direct,https://www.gov.il/he/departments/policies/procedure_essential_national_infrastructure
act-publications-sec-29-neyar-emda-03042024,sec-29,2024-04-09,עמדת ממונה חוק המכר – דרישת מוכר דירה לוויתור על זכויות,פרסום רשמי של משרד הבינוי והשיכון באתר gov.il (ניירות עמדה). התוכן המלא בקישור המקור.,government_page,,direct,https://www.gov.il/he/departments/policies/neyar-emda-03042024
act-publications-environment-animal-waste,environment,2024-04-08,"הנחיות בין-משרדיות ליישום בהזרקה של זבל בע""ח נוזלי כדשן בשטחים חקלאיים מעובדים",פרסום רשמי של המשרד להגנת הסביבה באתר gov.il (נהלים בין-משרדיים). התוכן המלא בקישור המקור.,government_page,,direct,https://www.gov.il/he/departments/policies/animal-waste
act-publications-sec-23-molsa-executive-circulars-002-2024,sec-23,2024-04-08,שיפוי למסגרות חוץ ביתיות – מלחמת חרבות ברזל,"פרסום רשמי של משרד הרווחה והביטחון החברתי באתר gov.il (חוזרים והוראות מנכ""ל). התוכן המלא בקישור המקור.",government_page,,direct,https://www.gov.il/he/departments/policies/molsa-executive-circulars-002-2024
act-publications-sec-68-non_enforcement_nursing31724,sec-68,2024-04-07,חרבות ברזל – הארכת תקופת אי אכיפה זמנית לגבי עובדי סיעוד זרים שבקשה לוועדה ההומניטרית לסיעוד בגינם נדחתה בין התאריכים 7.10.23 - 31.7.24,פרסום רשמי של רשות האוכלוסין וההגירה באתר gov.il (מידע למעסיקים). התוכן המלא בקישור המקור.,government_page,regulation,direct,https://www.gov.il/he/departments/policies/non_enforcement_nursing31724
act-publications-sec-23-molsa-executive-circulars-003-2024,sec-23,2024-04-04,"אירוח אזרחים ותיקים בבתי אבות בחג פסח תשפ""ד","פרסום רשמי של משרד הרווחה והביטחון החברתי באתר gov.il (חוזרים והוראות מנכ""ל). התוכן המלא בקישור המקור.",government_page,,direct,https://www.gov.il/he/departments/policies/molsa-executive-circulars-003-2024
act-publications-sec-39-04042024,sec-39,2024-04-04,תיקון רישיון בזק החברה הישראלית לתקשורת (מספר 95),פרסום רשמי של משרד התקשורת באתר gov.il (רישיונות). התוכן המלא בקישור המקור.,government_page,,direct,https://www.gov.il/he/departments/policies/04042024
act-publications-sec-39-04042024_1,sec-39,2024-04-04,"תיקון רישיון בזק בינלאומי בע""מ (מספר 30)",פרסום רשמי של משרד התקשורת באתר gov.il (רישיונות). התוכן המלא בקישור המקור.,government_page,,direct,https://www.gov.il/he/departments/policies/04042024_1
act-publications-sec-39-04042024_2,sec-39,2024-04-04,"תיקון רישיון איי.בי.סי. איזראל ברודבאנד קומפני (2013) בע""מ (תיקון 11)",פרסום רשמי של משרד התקשורת באתר gov.il (רישיונות). התוכן המלא בקישור המקור.,government_page,,direct,https://www.gov.il/he/departments/policies/04042024_2
act-publications-sec-39-04042024_3,sec-39,2024-04-04,תיקון רישיון סלקום תקשורת קווית (מספר 34),פרסום רשמי של משרד התקשורת באתר gov.il (רישיונות). התוכן המלא בקישור המקור.,government_page,,direct,https://www.gov.il/he/departments/policies/04042024_3
act-publications-sec-39-04042024_4,sec-39,2024-04-04,"תיקון רישיון הוט נט שירותי אינטרנט בע""מ (מספר 32)",פרסום רשמי של משרד התקשורת באתר gov.il (רישיונות). התוכן המלא בקישור המקור.,government_page,,direct,https://www.gov.il/he/departments/policies/04042024_4
act-publications-sec-39-04042024_5,sec-39,2024-04-04,תיקון רישיון הוט טלקום שותפות מוגבלת (מספר 68),פרסום רשמי של משרד התקשורת באתר gov.il (רישיונות). התוכן המלא בקישור המקור.,government_page,,direct,https://www.gov.il/he/departments/policies/04042024_5
act-publications-sec-39-04042024_6,sec-39,2024-04-04,תיקון רישיון פרטנר פתרונות תקשורת נייחים (מספר 37),פרסום רשמי של משרד התקשורת באתר gov.il (רישיונות). התוכן המלא בקישור המקור.,government_page,,direct,https://www.gov.il/he/departments/policies/04042024_6
act-publications-sec-39-04072024_1,sec-39,2024-04-03,אמות מידה לקביעת יחס חלוקת תשלומים למימון הפקות מקומיות קנויות מסוגה עילית / מורכבת – החלטה,פרסום רשמי של משרד התקשורת באתר gov.il (החלטות). התוכן המלא בקישור המקור.,government_page,,direct,https://www.gov.il/he/departments/policies/04072024_1
act-publications-sec-5-inst-06-2024,sec-5,2024-04-03,הוראת ביצוע מס הכנסה מספר 06/2024 - נוהל לקבלת כספי מסים בשל רווח ממימוש אמצעי תשלום מבוזר,פרסום רשמי של רשות המסים בישראל באתר gov.il (הוראות ביצוע). התוכן המלא בקישור המקור.,government_page,regulation,direct,https://www.gov.il/he/departments/policies/inst-06-2024
act-publications-sec-68-essential_projects,sec-68,2024-04-02,הקצאות היתרים להעסקת עובדים זרים בענף מיזמי תשתית חיוניים,"פרסום רשמי של רשות האוכלוסין וההגירה באתר gov.il (חוזרים והוראות מנכ""ל). התוכן המלא בקישור המקור.",government_page,infrastructure,direct,https://www.gov.il/he/departments/policies/essential_projects
act-publications-sec-7-0023010,sec-7,2024-04-01,הוראת שעה לנוהל 02-3010 - קידום קצינים,פרסום רשמי של שירות בתי הסוהר באתר gov.il (נהלים והנחיות). התוכן המלא בקישור המקור.,government_page,regulation,direct,https://www.gov.il/he/departments/policies/0023010
act-publications-sec-7-023010,sec-7,2024-04-01,הוראת שעה לנוהל 02-3010 - קידום קצינים,פרסום רשמי של שירות בתי הסוהר באתר gov.il (נהלים והנחיות). התוכן המלא בקישור המקור.,government_page,regulation,direct,https://www.gov.il/he/departments/policies/023010
act-publications-sec-39-31032024_1,sec-39,2024-03-31,הודעה על דחיית מועד תשלום אגרה בעד רישיון ובעד הקצאת תדרים חדשים לתחנות החד-מגמיות (סימפלקס) ולעסקי ממסרים – כיתות כוננות – עדכון מספר 2,פרסום רשמי של משרד התקשורת באתר gov.il (נהלים והנחיות). התוכן המלא בקישור המקור.,government_page,,direct,https://www.gov.il/he/departments/policies/31032024_1
act-publications-sec-5-tax-report-station-2023,sec-5,2024-03-31,עמדות החייבות בדיווח שנת 2023,פרסום רשמי של רשות המסים בישראל באתר gov.il (חוזרים ונהלים). התוכן המלא בקישור המקור.,government_page,,direct,https://www.gov.il/he/departments/policies/tax-report-station-2023
act-publications-sec-29-kesher-im-shadlanim,sec-29,2024-03-28,קשר של עובדי משרד עם שדלנים,פרסום רשמי של משרד הבינוי והשיכון באתר gov.il (נהלים והנחיות). התוכן המלא בקישור המקור.,government_page,,direct,https://www.gov.il/he/departments/policies/kesher-im-shadlanim
act-publications-sec-68-foreign_workers_construction_industry,sec-68,2024-03-28,דף מידע לחברות בעלות היתר קבלן כוח אדם להעסקת עובדים זרים בענף הבניין,פרסום רשמי של רשות האוכלוסין וההגירה באתר gov.il (מידע למעסיקים). התוכן המלא בקישור המקור.,government_page,workforce,direct,https://www.gov.il/he/departments/policies/foreign_workers_construction_industry
act-publications-sec-68-notice_assignment_building_corporations_,sec-68,2024-03-28,הודעה בעניין הקצאת עובדים זרים לתאגידי הבניין,"פרסום רשמי של רשות האוכלוסין וההגירה באתר gov.il (חוזרים והוראות מנכ""ל). התוכן המלא בקישור המקור.",government_page,,direct,https://www.gov.il/he/departments/policies/notice_assignment_building_corporations_
act-publications-sec-7-news31324,sec-7,2024-03-28,הוראת שעה: צמצום פעילויות שגרה בעת מלחמה - הארכה מס' 12,פרסום רשמי של שירות בתי הסוהר באתר gov.il (נהלים והנחיות). התוכן המלא בקישור המקור.,government_page,emergency; regulation,direct,https://www.gov.il/he/departments/policies/news31324
act-publications-sec-37-nohal-tourist-sites-2024-2025,sec-37,2024-03-27,נוהל תקצוב הנגשה לאתרי תיירות לשנים 2024-2025,פרסום רשמי של משרד התיירות באתר gov.il (חוזרים ונהלים). התוכן המלא בקישור המקור.,government_page,regulation,direct,https://www.gov.il/he/departments/policies/nohal-tourist-sites-2024-2025
act-publications-sec-39-26032024_2,sec-39,2024-03-26,"צווים ונהלי אכיפה - קמ""ט (קצין מטה) תקשורת ודואר איו""ש",פרסום רשמי של משרד התקשורת באתר gov.il (נהלים והנחיות). התוכן המלא בקישור המקור.,government_page,regulation,direct,https://www.gov.il/he/departments/policies/26032024_2
act-publications-sec-5-procedures-260324-1,sec-5,2024-03-26,הבהרה בנושא מעבר מסלול לאחר הגשת תביעות במתווי חרבות ברזל,פרסום רשמי של רשות המסים בישראל באתר gov.il (נהלים והנחיות). התוכן המלא בקישור המקור.,government_page,,direct,https://www.gov.il/he/departments/policies/procedures-260324-1
act-publications-sec-5-procedures-260324-2,sec-5,2024-03-26,הבהרה בנוגע לזכאות יישובי ספר להגשת תביעות לנזק עקיף,פרסום רשמי של רשות המסים בישראל באתר gov.il (נהלים והנחיות). התוכן המלא בקישור המקור.,government_page,,direct,https://www.gov.il/he/departments/policies/procedures-260324-2
act-publications-sec-5-inst-05-2024,sec-5,2024-03-25,הוראת ביצוע מס הכנסה מספר 05/2024 - ניתוב שלב א ושינויים בשידור דוחות ושומות יחידים וחברות לשנת המס 2023,פרסום רשמי של רשות המסים בישראל באתר gov.il (הוראות ביצוע). התוכן המלא בקישור המקור.,government_page,regulation,direct,https://www.gov.il/he/departments/policies/inst-05-2024
act-publications-economy-economy-dgi-instructions-02-15,economy,2024-03-24,"הוראת מנכ""ל 2.15 - הצבעות דיגיטליות באגודות שיתופיות",פרסום רשמי של משרד הכלכלה והתעשייה באתר gov.il (נהלים רגולטוריים). התוכן המלא בקישור המקור.,government_page,digital,direct,https://www.gov.il/he/departments/policies/economy-dgi-instructions-02-15
act-publications-economy-economy-dgi-instructions-04-72,economy,2024-03-21,"הוראת מנכ""ל 4.72 - תכנית ירושלם לתמיכה בכלכלה מעגלית","פרסום רשמי של משרד הכלכלה והתעשייה באתר gov.il (חוזרים והוראות מנכ""ל). התוכן המלא בקישור המקור.",government_page,grants,direct,https://www.gov.il/he/departments/policies/economy-dgi-instructions-04-72
act-publications-sec-5-procedures-210324,sec-5,2024-03-21,זיכוי בגין תרומה בשווה כסף (נכס הון),פרסום רשמי של רשות המסים בישראל באתר gov.il (נהלים והנחיות). התוכן המלא בקישור המקור.,government_page,,direct,https://www.gov.il/he/departments/policies/procedures-210324
act-publications-sec-7-25032024,sec-7,2024-03-21,הוראת שעה לפקודת נציבות 01.16.00 - השימוש ברכב השירות,פרסום רשמי של שירות בתי הסוהר באתר gov.il (נהלים והנחיות). התוכן המלא בקישור המקור.,government_page,,direct,https://www.gov.il/he/departments/policies/25032024
act-publications-sec-7-information_law_2023,sec-7,2024-03-21,דין וחשבון שנתי של כבאות והצלה לישראל על פי חוק חופש המידע לשנת 2023,פרסום רשמי של כבאות והצלה לישראל באתר gov.il (מסמכי מדיניות). התוכן המלא בקישור המקור.,government_page,,direct,https://www.gov.il/he/departments/policies/information_law_2023
act-publications-sec-29-shimuey-betichut-19032024,sec-29,2024-03-20,רשם הקבלנים – הוראת ביצוע בדבר שימועי בטיחות,פרסום רשמי של משרד הבינוי והשיכון באתר gov.il (נהלים והנחיות). התוכן המלא בקישור המקור.,government_page,regulation,direct,https://www.gov.il/he/departments/policies/shimuey-betichut-19032024
act-publications-sec-39-20032024,sec-39,2024-03-20,"הוראת מינהל לשימוש בציוד תקשורת ביתי ברשתות נייחות ציוד ONT, מתאם שיחות וציוד DOCSIS",פרסום רשמי של משרד התקשורת באתר gov.il (רישיונות). התוכן המלא בקישור המקור.,government_page,,direct,https://www.gov.il/he/departments/policies/20032024
act-publications-sec-39-20032024_1,sec-39,2024-03-20,"החלטה - תיקון הרישיון הכללי של חברת דואר ישראל בע""מ למתן שירותי דואר, שירותים כספיים מטעם החברה הבת ושירותים אחרים",פרסום רשמי של משרד התקשורת באתר gov.il (החלטות). התוכן המלא בקישור המקור.,government_page,,direct,https://www.gov.il/he/departments/policies/20032024_1
act-publications-economy-dumping-inquiry-cannabis,economy,2024-03-19,"חקירת יבוא בהיצף של קנאביס מקנדה, לפי חוק היטלי סחר ואמצעי הגנה, התשנ""א-1991",פרסום רשמי של משרד הכלכלה והתעשייה באתר gov.il (החלטות). התוכן המלא בקישור המקור.,government_page,,direct,https://www.gov.il/he/departments/policies/dumping-inquiry-cannabis
act-publications-sec-39-12112024,sec-39,2024-03-19,"הוראת מינהל - שימוש בציוד תקשורת ביתי ברשתות נייחות ציוד ONT, מתאם שיחות וציוד DOCSIS",פרסום רשמי של משרד התקשורת באתר gov.il (נהלים רגולטוריים). התוכן המלא בקישור המקור.,government_page,,direct,https://www.gov.il/he/departments/policies/12112024
act-publications-sec-39-19032024_1,sec-39,2024-03-19,"סיווג ציוד תקשורת ביתי ברשתות נייחות: ציוד ONT, מתאם שיחות וציוד DOCSIS - החלטה",פרסום רשמי של משרד התקשורת באתר gov.il (החלטות). התוכן המלא בקישור המקור.,government_page,,direct,https://www.gov.il/he/departments/policies/19032024_1
act-publications-sec-68-notice_assignment_building_corporations,sec-68,2024-03-19,הודעה בעניין הקצאת עובדים זרים לתאגידי הבניין,"פרסום רשמי של רשות האוכלוסין וההגירה באתר gov.il (חוזרים והוראות מנכ""ל). התוכן המלא בקישור המקור.",government_page,,direct,https://www.gov.il/he/departments/policies/notice_assignment_building_corporations
act-publications-sec-68-payments_foreign_workers_private_recruitment_procedures,sec-68,2024-03-19,תשלומים מעובדים זרים שהובאו לישראל בהליכי גיוס פרטיים בקשר לתיווך עבודה,"פרסום רשמי של רשות האוכלוסין וההגירה באתר gov.il (חוזרים והוראות מנכ""ל). התוכן המלא בקישור המקור.",government_page,,direct,https://www.gov.il/he/departments/policies/payments_foreign_workers_private_recruitment_procedures
act-publications-sec-37-hozer-mankal-022024,sec-37,2024-03-18,"חוזר מנכ""ל 02/2024: פיתוח תשתיות תיירותיות ציבוריות","פרסום רשמי של משרד התיירות באתר gov.il (חוזרים והוראות מנכ""ל). התוכן המלא בקישור המקור.",government_page,regulation,direct,https://www.gov.il/he/departments/policies/hozer-mankal-022024
act-publications-sec-68-experimental_procedure_reception_hotel,sec-68,2024-03-18,"הליך ניסיוני להתרת קליטת עובדי מלונאות זרים שאינם רשומים כעובדים פעילים של בית מלון אחר, במקום עובדים זרים שדווח על הפסקת עבודתם בבית המלון הקולט אך אשר טרם נרשמו כמועסקים במלון חדש","פרסום רשמי של רשות האוכלוסין וההגירה באתר gov.il (חוזרים והוראות מנכ""ל). התוכן המלא בקישור המקור.",government_page,,direct,https://www.gov.il/he/departments/policies/experimental_procedure_reception_hotel
act-publications-sec-7-19032024,sec-7,2024-03-18,הוראת שעה לפקנץ 04.63.00 - מות אסיר - חקירה ודיווח,פרסום רשמי של שירות בתי הסוהר באתר gov.il (פקודות והוראות). התוכן המלא בקישור המקור.,government_page,,direct,https://www.gov.il/he/departments/policies/19032024
act-publications-sec-23-molsa-social-regulations,sec-23,2024-03-17,תקנון עבודה סוציאלית,פרסום רשמי של משרד הרווחה והביטחון החברתי באתר gov.il (תקנון עבודה סוציאלית). התוכן המלא בקישור המקור.,government_page,,direct,https://www.gov.il/he/departments/policies/molsa-social-regulations
act-publications-sec-39-17032024_1,sec-39,2024-03-17,"מינוי חברת ועדה מייעצת לפרישה אוניברסלית בהתאם לתקנות התקשורת (בזק ושידורים) (ועדה מייעצת), התשע""א – 2011",פרסום רשמי של משרד התקשורת באתר gov.il (פקודות והוראות). התוכן המלא בקישור המקור.,government_page,regulation,direct,https://www.gov.il/he/departments/policies/17032024_1
act-publications-sec-7-04000000,sec-7,2024-03-17,"הוראת שעה לפקודת נציבות 04.40.00 - ""חופשות אסירים"" (חופשה מיוחדת לאסיר בתקופת המצב הביטחוני המיוחד) (""חרבות ברזל"")",פרסום רשמי של שירות בתי הסוהר באתר gov.il (נהלים והנחיות). התוכן המלא בקישור המקור.,government_page,,direct,https://www.gov.il/he/departments/policies/04000000
act-publications-sec-39-14032024_1,sec-39,2024-03-14,נוהל טיפול בתלונת בעל רישיון על בעל רישיון אחר בנושאים שאסדרתם היא בסמכות המשרד,פרסום רשמי של משרד התקשורת באתר gov.il (נהלים והנחיות). התוכן המלא בקישור המקור.,government_page,regulation,direct,https://www.gov.il/he/departments/policies/14032024_1
act-publications-sec-5-regulation_cmisa_7,sec-5,2024-03-14,"נוהל קדימות גוף מממן על הערת אזהרה לטובת משרד הבינוי – מימון לרכישת דירה במסגרת תכניות ""דירה בהנחה""","פרסום רשמי של רשות שוק ההון, ביטוח וחיסכון באתר gov.il (חוזרים ונהלים). התוכן המלא בקישור המקור.",government_page,regulation,direct,https://www.gov.il/he/departments/policies/regulation_cmisa_7
act-publications-sec-68-extending_validity_licenses_agriculture,sec-68,2024-03-14,הארכת תוקף רישיונות העסקה של העובדים הזרים לענף החקלאות,"פרסום רשמי של רשות האוכלוסין וההגירה באתר gov.il (חוזרים והוראות מנכ""ל). התוכן המלא בקישור המקור.",government_page,,direct,https://www.gov.il/he/departments/policies/extending_validity_licenses_agriculture
act-publications-sec-7-17032024,sec-7,2024-03-14,הוראת שעה: צמצום פעילויות שגרה בעת מלחמה - הארכה מס' 11,פרסום רשמי של שירות בתי הסוהר באתר gov.il (נהלים והנחיות). התוכן המלא בקישור המקור.,government_page,emergency; regulation,direct,https://www.gov.il/he/departments/policies/17032024
act-publications-environment-noise-nuisance,environment,2024-03-13,מדיניות המשרד להגנת הסביבה בדבר הגנת הציבור מפני מטרדי רעש,פרסום רשמי של המשרד להגנת הסביבה באתר gov.il (מסמכי מדיניות). התוכן המלא בקישור המקור.,government_page,,direct,https://www.gov.il/he/departments/policies/noise-nuisance
act-publications-sec-5-regulation_cmisa_10,sec-5,2024-03-13,"נוהל קדימות גוף מממן על הערת אזהרה לטובת משרד הבינוי – מימון לרכישת דירה במסגרת תכניות ""דירה בהנחה""","פרסום רשמי של רשות שוק ההון, ביטוח וחיסכון באתר gov.il (נהלים והנחיות). התוכן המלא בקישור המקור.",government_page,regulation,direct,https://www.gov.il/he/departments/policies/regulation_cmisa_10
act-publications-sec-68-permits_opening_jordanian_eilat_2024,sec-68,2024-03-13,פתיחת אפשרות להגשת בקשות להעסקת עובדים ירדנים באזור אילת לשנת 2024,"פרסום רשמי של רשות האוכלוסין וההגירה באתר gov.il (חוזרים והוראות מנכ""ל). התוכן המלא בקישור המקור.",government_page,,direct,https://www.gov.il/he/departments/policies/permits_opening_jordanian_eilat_2024
act-publications-sec-6-recommendation-work-procedure,sec-6,2024-03-12,המלצה לנוהל עבודה במערכת ניהול ועדה מורשה להיתר,פרסום רשמי של מינהל התכנון באתר gov.il (נהלים והנחיות). התוכן המלא בקישור המקור.,government_page,regulation,direct,https://www.gov.il/he/departments/policies/recommendation-work-procedure
act-publications-sec-36-outside-workshop,sec-36,2024-03-11,הנחיות ותנאים לעניין מתן אישור האגף להכשרה מקצועית לשימוש בסדנה לימודית מחוץ לשטח בית הספר,פרסום רשמי של משרד העבודה באתר gov.il (נהלים והנחיות). התוכן המלא בקישור המקור.,government_page,regulation; workforce,direct,https://www.gov.il/he/departments/policies/outside-workshop
act-publications-sec-39-11032024,sec-39,2024-03-11,"תקנות התקשורת (בזק ושידורים) (היתר כללי למתן שירותי בזק) (תיקון מס' 3), התשפ""ד-2024",פרסום רשמי של משרד התקשורת באתר gov.il (מסמכי מדיניות). התוכן המלא בקישור המקור.,government_page,regulation,direct,https://www.gov.il/he/departments/policies/11032024
act-publications-sec-5-inst-1-2024,sec-5,2024-03-11,הוראת ביצוע 1/2024 החוק לצמצום השימוש במזומן – הליך הטלת עיצום כספי על עוסק,פרסום רשמי של רשות המסים בישראל באתר gov.il (הוראות ביצוע). התוכן המלא בקישור המקור.,government_page,regulation,direct,https://www.gov.il/he/departments/policies/inst-1-2024
act-publications-sec-7-aid_mission_procedure,sec-7,2024-03-10,"נוהל הוצאת משלחת סיוע לחו""ל",פרסום רשמי של כבאות והצלה לישראל באתר gov.il (נהלים והנחיות). התוכן המלא בקישור המקור.,government_page,regulation,direct,https://www.gov.il/he/departments/policies/aid_mission_procedure
act-publications-sec-7-emergency_work_procedure,sec-7,2024-03-10,נוהל עבודה בחירום,פרסום רשמי של כבאות והצלה לישראל באתר gov.il (נהלים והנחיות). התוכן המלא בקישור המקור.,government_page,emergency; regulation,direct,https://www.gov.il/he/departments/policies/emergency_work_procedure
act-publications-sec-7-religious_guidelines_procedure,sec-7,2024-03-10,נוהל הנחיות דת לעובדי כבאות והצלה לישראל,פרסום רשמי של כבאות והצלה לישראל באתר gov.il (נהלים והנחיות). התוכן המלא בקישור המקור.,government_page,regulation,direct,https://www.gov.il/he/departments/policies/religious_guidelines_procedure
act-publications-sec-7-resilience_procedure,sec-7,2024-03-10,"נוהל פנייה ישירה של עובד לייעוץ, הכוונה וטיפול נפשי (חוסן)",פרסום רשמי של כבאות והצלה לישראל באתר gov.il (נהלים והנחיות). התוכן המלא בקישור המקור.,government_page,emergency; regulation,direct,https://www.gov.il/he/departments/policies/resilience_procedure
act-publications-sec-39-07032024_1,sec-39,2024-03-07,"תיקון רישיון פלאפון תקשורת בע""מ (מספר 140)",פרסום רשמי של משרד התקשורת באתר gov.il (רישיונות). התוכן המלא בקישור המקור.,government_page,,direct,https://www.gov.il/he/departments/policies/07032024_1
act-publications-sec-68-opening_extension_hotel_permits,sec-68,2024-03-07,פתיחת אפשרות להגשת בקשות להארכת ההיתרים לצורך העסקת עובדים זרים בענף המלונאות,"פרסום רשמי של רשות האוכלוסין וההגירה באתר gov.il (חוזרים והוראות מנכ""ל). התוכן המלא בקישור המקור.",government_page,regulation,direct,https://www.gov.il/he/departments/policies/opening_extension_hotel_permits
act-publications-sec-68-serious_warning_regarding_employmen_foreign_agricultural,sec-68,2024-03-06,אזהרה חמורה בעניין העסקת עובדי חקלאות זרים במקומות מסוכנים ואסורים,"פרסום רשמי של רשות האוכלוסין וההגירה באתר gov.il (חוזרים והוראות מנכ""ל). התוכן המלא בקישור המקור.",government_page,,direct,https://www.gov.il/he/departments/policies/serious_warning_regarding_employmen_foreign_agricultural
act-publications-sec-7-discount_committee_procedure,sec-7,2024-03-05,נוהל ועדת הנחות,פרסום רשמי של כבאות והצלה לישראל באתר gov.il (נהלים והנחיות). התוכן המלא בקישור המקור.,government_page,regulation,direct,https://www.gov.il/he/departments/policies/discount_committee_procedure
act-publications-sec-68-hiring_foreign_workers_industry_mar24,sec-68,2024-03-04,הבאת עובדים זרים בענף התעשייה – עדכון נוסף,"פרסום רשמי של רשות האוכלוסין וההגירה באתר gov.il (חוזרים והוראות מנכ""ל). התוכן המלא בקישור המקור.",government_page,,direct,https://www.gov.il/he/departments/policies/hiring_foreign_workers_industry_mar24
act-publications-sec-6-work_procedures_vatmal,sec-6,2024-03-03,"ותמ""ל - סדרי עבודה 2025",פרסום רשמי של מינהל התכנון באתר gov.il (נהלים והנחיות). התוכן המלא בקישור המקור.,government_page,,direct,https://www.gov.il/he/departments/policies/work_procedures_vatmal
act-publications-sec-7-safety_instruction_1_1,sec-7,2024-03-03,"הוראת בטיחות 1.1 - תחולה, תוקף ועדיפות",פרסום רשמי של כבאות והצלה לישראל באתר gov.il (נהלים והנחיות). התוכן המלא בקישור המקור.,government_page,,direct,https://www.gov.il/he/departments/policies/safety_instruction_1_1
act-publications-sec-7-safety_instruction_1_3,sec-7,2024-03-03,"הוראת בטיחות 1.3 - מונחים, הגדרות ומושגי יסוד",פרסום רשמי של כבאות והצלה לישראל באתר gov.il (נהלים והנחיות). התוכן המלא בקישור המקור.,government_page,,direct,https://www.gov.il/he/departments/policies/safety_instruction_1_3
act-publications-sec-7-safety_instruction_1_4,sec-7,2024-03-03,הוראת בטיחות 1.4 - ממלאי תפקיד בתחום הבטיחות ואחריותם,פרסום רשמי של כבאות והצלה לישראל באתר gov.il (נהלים והנחיות). התוכן המלא בקישור המקור.,government_page,,direct,https://www.gov.il/he/departments/policies/safety_instruction_1_4
act-publications-sec-7-safety_instruction_1_5,sec-7,2024-03-03,הוראת בטיחות 1.5 - פעולות מחייבות לאחר אירוע בטיחות,פרסום רשמי של כבאות והצלה לישראל באתר gov.il (נהלים והנחיות). התוכן המלא בקישור המקור.,government_page,,direct,https://www.gov.il/he/departments/policies/safety_instruction_1_5
act-publications-sec-7-safety_instruction_2_1,sec-7,2024-03-03,הוראת בטיחות 2.1 - פעילות בטיחות מחייבת בשגרת הפעילות,פרסום רשמי של כבאות והצלה לישראל באתר gov.il (נהלים והנחיות). התוכן המלא בקישור המקור.,government_page,,direct,https://www.gov.il/he/departments/policies/safety_instruction_2_1
act-publications-sec-7-safety_instruction_2_2,sec-7,2024-03-03,הוראת בטיחות 2.2 - ניהול הסיכונים בבטיחות,פרסום רשמי של כבאות והצלה לישראל באתר gov.il (נהלים והנחיות). התוכן המלא בקישור המקור.,government_page,,direct,https://www.gov.il/he/departments/policies/safety_instruction_2_2
act-publications-sec-7-safety_instruction_2_3,sec-7,2024-03-03,הוראת בטיחות 2.3 - איתור מפגעים,פרסום רשמי של כבאות והצלה לישראל באתר gov.il (נהלים והנחיות). התוכן המלא בקישור המקור.,government_page,,direct,https://www.gov.il/he/departments/policies/safety_instruction_2_3
act-publications-sec-7-safety_instruction_2_4,sec-7,2024-03-03,הוראת בטיחות 2.4 - ועדת בטיחות,פרסום רשמי של כבאות והצלה לישראל באתר gov.il (נהלים והנחיות). התוכן המלא בקישור המקור.,government_page,,direct,https://www.gov.il/he/departments/policies/safety_instruction_2_4
act-publications-sec-7-safety_instruction_4_1,sec-7,2024-03-03,הוראת בטיחות 4.1 - בעלי תפקידים ואחריותם בבטיחות בדרכים,פרסום רשמי של כבאות והצלה לישראל באתר gov.il (נהלים והנחיות). התוכן המלא בקישור המקור.,government_page,,direct,https://www.gov.il/he/departments/policies/safety_instruction_4_1
act-publications-sec-7-safety_instruction_4_2,sec-7,2024-03-03,הוראת בטיחות 4.2 - קליטה והכשרת נהג,פרסום רשמי של כבאות והצלה לישראל באתר gov.il (נהלים והנחיות). התוכן המלא בקישור המקור.,government_page,,direct,https://www.gov.il/he/departments/policies/safety_instruction_4_2
act-publications-sec-7-safety_instruction_4_3,sec-7,2024-03-03,הוראת בטיחות 4.3 - קליטה ואופן השימוש ברכב כבאות והצלה,פרסום רשמי של כבאות והצלה לישראל באתר gov.il (נהלים והנחיות). התוכן המלא בקישור המקור.,government_page,,direct,https://www.gov.il/he/departments/policies/safety_instruction_4_3
act-publications-sec-7-safety_instruction_6_1,sec-7,2024-03-03,הוראת בטיחות 6.1 - אחריות בעלי תפקידים בבטיחות באימונים,פרסום רשמי של כבאות והצלה לישראל באתר gov.il (נהלים והנחיות). התוכן המלא בקישור המקור.,government_page,,direct,https://www.gov.il/he/departments/policies/safety_instruction_6_1
act-publications-sec-7-safety_instruction_6_2,sec-7,2024-03-03,הוראת בטיחות 6.2 - פעולות מקדימות לקראת תרגיל ואימון,פרסום רשמי של כבאות והצלה לישראל באתר gov.il (נהלים והנחיות). התוכן המלא בקישור המקור.,government_page,,direct,https://www.gov.il/he/departments/policies/safety_instruction_6_2
act-publications-sec-7-safety_instruction_6_3,sec-7,2024-03-03,הוראת בטיחות 6.3 - תיק אתר,פרסום רשמי של כבאות והצלה לישראל באתר gov.il (נהלים והנחיות). התוכן המלא בקישור המקור.,government_page,,direct,https://www.gov.il/he/departments/policies/safety_instruction_6_3
act-publications-economy-guatemala-israel-fta,economy,2024-03-01,הסכם אזור סחר חופשי בין ישראל והרפובליקה של גואטמלה,פרסום רשמי של משרד הכלכלה והתעשייה באתר gov.il (הסכמים). התוכן המלא בקישור המקור.,government_page,,direct,https://www.gov.il/he/departments/policies/guatemala-israel-fta
act-publications-sec-5-inst-02-2023,sec-5,2024-02-29,הוראת ביצוע מעודכנת חוק סיוע כלכלי,פרסום רשמי של רשות המסים בישראל באתר gov.il (נהלים והנחיות). התוכן המלא בקישור המקור.,government_page,regulation,direct,https://www.gov.il/he/departments/policies/inst-02-2023
act-publications-sec-5-inst-03-2023-2,sec-5,2024-02-29,הוראת ביצוע תקנות הוראת שעה חרבות ברזל מתוקנת,פרסום רשמי של רשות המסים בישראל באתר gov.il (נהלים והנחיות). התוכן המלא בקישור המקור.,government_page,regulation,direct,https://www.gov.il/he/departments/policies/inst-03-2023-2
act-publications-sec-7-03032024,sec-7,2024-02-29,הוראת שעה: צמצום פעילויות שגרה בעת מלחמה - הארכה מס' 10,פרסום רשמי של שירות בתי הסוהר באתר gov.il (נהלים והנחיות). התוכן המלא בקישור המקור.,government_page,emergency; regulation,direct,https://www.gov.il/he/departments/policies/03032024
act-publications-sec-7-news250224,sec-7,2024-02-25,הוראת שעה לפקודת נציבות 04.54.01 - איתור מצוקה ומניעת אובדנות - מעקב והשגחה - הארכה מס' 1,פרסום רשמי של שירות בתי הסוהר באתר gov.il (נהלים והנחיות). התוכן המלא בקישור המקור.,government_page,regulation,direct,https://www.gov.il/he/departments/policies/news250224
act-publications-sec-68-hiring_foreign_workers_industry_feb24,sec-68,2024-02-22,העסקת עובדים זרים בענף התעשייה,"פרסום רשמי של רשות האוכלוסין וההגירה באתר gov.il (חוזרים והוראות מנכ""ל). התוכן המלא בקישור המקור.",government_page,,direct,https://www.gov.il/he/departments/policies/hiring_foreign_workers_industry_feb24
act-publications-sec-6-runoff-vatmal,sec-6,2024-02-20,"נספח ניהול מי נגר בתכניות ותמ""ל",פרסום רשמי של מינהל התכנון באתר gov.il (נהלים והנחיות). התוכן המלא בקישור המקור.,government_page,,direct,https://www.gov.il/he/departments/policies/runoff-vatmal
act-publications-sec-5-guidance_superior_04022024,sec-5,2024-02-19,הנחיית הממונה על השכר מיום 4.2.24 עדכון הנחיות בעניין מקדמות לתשלום בגין הגבלות פיקוד העורף במצב החירום ובעניין עבודה מרחוק,פרסום רשמי של משרד האוצר באתר gov.il (נהלים והנחיות). התוכן המלא בקישור המקור.,government_page,emergency,direct,https://www.gov.il/he/departments/policies/guidance_superior_04022024
act-publications-sec-5-procedures-100823-1,sec-5,2024-02-19,קריטריונים להחלטות הוועדה להחזר מסים עקיפים – אוגוסט 2023,פרסום רשמי של רשות המסים בישראל באתר gov.il (נהלים והנחיות). התוכן המלא בקישור המקור.,government_page,,direct,https://www.gov.il/he/departments/policies/procedures-100823-1
act-publications-sec-39-05022024,sec-39,2024-02-18,"אכיפה מנהלית - נוהל התראה מינהלית לפי חוק הדואר - התשמ""ו 1986 (חלף עיצום כספי)",פרסום רשמי של משרד התקשורת באתר gov.il (נהלים והנחיות). התוכן המלא בקישור המקור.,government_page,regulation,direct,https://www.gov.il/he/departments/policies/05022024
act-publications-sec-7-news19022024,sec-7,2024-02-18,הוראת שעה: צמצום פעילויות שגרה בעת מלחמה - הארכה מס' 9,פרסום רשמי של שירות בתי הסוהר באתר gov.il (נהלים והנחיות). התוכן המלא בקישור המקור.,government_page,emergency; regulation,direct,https://www.gov.il/he/departments/policies/news19022024
act-publications-sec-33-nohal-tahanat-hesger-susim,sec-33,2024-02-15,נוהל להפעלת תחנת הסגר פרטית לסוסים,פרסום רשמי של משרד החקלאות וביטחון המזון באתר gov.il (נהלים והנחיות). התוכן המלא בקישור המקור.,government_page,regulation,direct,https://www.gov.il/he/departments/policies/nohal-tahanat-hesger-susim
act-publications-sec-33-procedure_for_processing_requests_in_buffer_areas,sec-33,2024-02-14,נוהל טיפול בבקשות באזורי חיץ,פרסום רשמי של משרד החקלאות וביטחון המזון באתר gov.il (נהלים רגולטוריים). התוכן המלא בקישור המקור.,government_page,regulation,direct,https://www.gov.il/he/departments/policies/procedure_for_processing_requests_in_buffer_areas
act-publications-sec-39-14022024_1,sec-39,2024-02-14,החלטת המועצה לשידורי כבלים ולשידורי לוויין מספר 1-1/2024 מיום 8.2.2024 בעניין: הזמנה להצגת עמדות בעניין השלמת חובות הפקה מקומית של בעל הרישיון לשידורי טלוויזיה באמצעות לוויין לאחר תום תקופת הרישיון,פרסום רשמי של משרד התקשורת באתר gov.il (החלטות). התוכן המלא בקישור המקור.,government_page,,direct,https://www.gov.il/he/departments/policies/14022024_1
act-publications-sec-5-regulation_cmisa_5,sec-5,2024-02-07,סך נכסי החיסכון לטווח ארוך,"פרסום רשמי של רשות שוק ההון, ביטוח וחיסכון באתר gov.il (חוזרים ונהלים). התוכן המלא בקישור המקור.",government_page,,direct,https://www.gov.il/he/departments/policies/regulation_cmisa_5
act-publications-sec-68-bringing_foreign_workers_industry_update,sec-68,2024-02-06,הבאת עובדים זרים בענף התעשייה - עדכון,פרסום רשמי של רשות האוכלוסין וההגירה באתר gov.il (מידע למעסיקים). התוכן המלא בקישור המקור.,government_page,,direct,https://www.gov.il/he/departments/policies/bringing_foreign_workers_industry_update
act-publications-sec-7-news5224,sec-7,2024-02-04,הוראת שעה: פעילויות שגרה בצל המלחמה - הארכה מס' 8,פרסום רשמי של שירות בתי הסוהר באתר gov.il (נהלים והנחיות). התוכן המלא בקישור המקור.,government_page,emergency,direct,https://www.gov.il/he/departments/policies/news5224
act-publications-sec-6-eilat_beaches,sec-6,2024-02-01,מסמך מדיניות לחופי אילת,פרסום רשמי של מינהל התכנון באתר gov.il (מסמכי מדיניות). התוכן המלא בקישור המקור.,government_page,,direct,https://www.gov.il/he/departments/policies/eilat_beaches
act-publications-sec-68-depositing_wages_foreign_agricultural_workers_bank_accounts_israel,sec-68,2024-02-01,הפקדת שכר עובדי חקלאות זרים בחשבונות בנק בישראל,פרסום רשמי של רשות האוכלוסין וההגירה באתר gov.il (מידע למעסיקים). התוכן המלא בקישור המקור.,government_page,,direct,https://www.gov.il/he/departments/policies/depositing_wages_foreign_agricultural_workers_bank_accounts_israel
act-publications-sec-68-cancel_israeli_citizenship_obtained_basis_false_information,sec-68,2024-01-31,נוהל הטיפול בביטול אזרחות ישראלית שהתקבלה על בסיס פרטים כוזבים,פרסום רשמי של רשות האוכלוסין וההגירה באתר gov.il (נהלים והנחיות). התוכן המלא בקישור המקור.,government_page,regulation,direct,https://www.gov.il/he/departments/policies/cancel_israeli_citizenship_obtained_basis_false_information
act-publications-sec-33-work_order_avocdo_export,sec-33,2024-01-30,הוראת עבודה לביקורת אבוקדו לייצוא,פרסום רשמי של משרד החקלאות וביטחון המזון באתר gov.il (נהלים רגולטוריים). התוכן המלא בקישור המקור.,government_page,regulation,direct,https://www.gov.il/he/departments/policies/work_order_avocdo_export
act-publications-sec-33-nohal-rifim-2024,sec-33,2024-01-29,"נוהל 0.1.3 - הרופא הווטרינר המפקח, דרישות לתפקיד הפיקוח ומהלך ההכשרה",פרסום רשמי של משרד החקלאות וביטחון המזון באתר gov.il (נהלים והנחיות). התוכן המלא בקישור המקור.,government_page,regulation,direct,https://www.gov.il/he/departments/policies/nohal-rifim-2024
act-publications-sec-68-bringing_foreign_workers_industry,sec-68,2024-01-29,הבאת עובדים זרים בענף התעשייה,"פרסום רשמי של רשות האוכלוסין וההגירה באתר gov.il (חוזרים והוראות מנכ""ל). התוכן המלא בקישור המקור.",government_page,,direct,https://www.gov.il/he/departments/policies/bringing_foreign_workers_industry
act-publications-sec-68-employment_permits_foreigners_welfare_ministry_dormitories,sec-68,2024-01-29,מועד נוסף להגשת בקשות להיתרי העסקת זרים בהתאם לאמות מידה קיימות עבור מעונות משרד הרווחה המטפלים בזקנים תשושים,"פרסום רשמי של רשות האוכלוסין וההגירה באתר gov.il (חוזרים והוראות מנכ""ל). התוכן המלא בקישור המקור.",government_page,,direct,https://www.gov.il/he/departments/policies/employment_permits_foreigners_welfare_ministry_dormitories
act-publications-sec-5-procedures-280124-1,sec-5,2024-01-28,עדכונים במערכת ההרשאות לפרויקט חשבוניות ישראל,פרסום רשמי של רשות המסים בישראל באתר gov.il (נהלים והנחיות). התוכן המלא בקישור המקור.,government_page,,direct,https://www.gov.il/he/departments/policies/procedures-280124-1
act-publications-sec-33-guidelinessubmittingdrainageplan,sec-33,2024-01-25,"הנחיות להגשת תכנית ניקוז מקוונת במערכת מבא""ת",פרסום רשמי של משרד החקלאות וביטחון המזון באתר gov.il (נהלים והנחיות). התוכן המלא בקישור המקור.,government_page,,direct,https://www.gov.il/he/departments/policies/guidelinessubmittingdrainageplan
act-publications-sec-5-procedures-230124,sec-5,2024-01-23,הבהרה לעניין פיצוי בגין אבדן דמי שכירות למשכיר ודיור חלופי לשוכרים בקשר לדירות מגורים ביישובים שפונו,פרסום רשמי של רשות המסים בישראל באתר gov.il (נהלים והנחיות). התוכן המלא בקישור המקור.,government_page,regulation,direct,https://www.gov.il/he/departments/policies/procedures-230124
act-publications-sec-33-agrovoltaic_projects_and_agricultural_settlement_law_clarifications,sec-33,2024-01-21,מיזמי אגרו וולטאי וחוק ההתיישבות החקלאית - הבהרה,פרסום רשמי של משרד החקלאות וביטחון המזון באתר gov.il (נהלים והנחיות). התוכן המלא בקישור המקור.,government_page,,direct,https://www.gov.il/he/departments/policies/agrovoltaic_projects_and_agricultural_settlement_law_clarifications
act-publications-sec-33-application_forms_for_permit_extraordinary_use_herding_of_sheep,sec-33,2024-01-21,טפסי בקשה להיתר לשימוש חורג - רעיית שלפים,פרסום רשמי של משרד החקלאות ופיתוח הכפר באתר gov.il (נהלים והנחיות). התוכן המלא בקישור המקור.,government_page,,direct,https://www.gov.il/he/departments/policies/application_forms_for_permit_extraordinary_use_herding_of_sheep
act-publications-sec-7-news22012024,sec-7,2024-01-21,הוראת שעה: צמצום פעילויות שגרה בעת מלחמה - הארכה מס' 7,פרסום רשמי של שירות בתי הסוהר באתר gov.il (נהלים והנחיות). התוכן המלא בקישור המקור.,government_page,emergency; regulation,direct,https://www.gov.il/he/departments/policies/news22012024
act-publications-sec-39-18012024,sec-39,2024-01-18,הודעה על דחיית מועד תשלום אגרה בעד רישיון ובעד הקצאת תדרים חדשים לתחנות החד-מגמיות (סימפלקס) ולעסקי ממסרים – כיתות כוננות – עדכון,פרסום רשמי של משרד התקשורת באתר gov.il (נהלים והנחיות). התוכן המלא בקישור המקור.,government_page,,direct,https://www.gov.il/he/departments/policies/18012024
act-publications-economy-work-flow-continuing-community-committee,economy,2024-01-17,סדרי עבודה של וועדה ליישובים קהילתיים המשכיים,פרסום רשמי של משרד הכלכלה והתעשייה באתר gov.il (נהלים רגולטוריים). התוכן המלא בקישור המקור.,government_page,,direct,https://www.gov.il/he/departments/policies/work-flow-continuing-community-committee
act-publications-sec-68-allocation_agri_2024,sec-68,2024-01-17,רשימת ההקצאות להעסקת עובדים זרים בענף החקלאות לשנת 2024,"פרסום רשמי של רשות האוכלוסין וההגירה באתר gov.il (חוזרים והוראות מנכ""ל). התוכן המלא בקישור המקור.",government_page,,direct,https://www.gov.il/he/departments/policies/allocation_agri_2024
act-publications-sec-7-procedure26,sec-7,2024-01-17,נוהל פנייה לרשות הארצית לכבאות והצלה בקשר למיזמי תשתית,פרסום רשמי של כבאות והצלה לישראל באתר gov.il (נהלים והנחיות). התוכן המלא בקישור המקור.,government_page,infrastructure; regulation,direct,https://www.gov.il/he/departments/policies/procedure26
act-publications-sec-5-reinst-02-2024,sec-5,2024-01-16,הוראת ביצוע מיסוי מקרקעין מספר 2/2024 - עדכון הסכומים בחוק מיסוי מקרקעין ותקנות מס רכישה,פרסום רשמי של רשות המסים בישראל באתר gov.il (הוראות ביצוע). התוכן המלא בקישור המקור.,government_page,regulation,direct,https://www.gov.il/he/departments/policies/reinst-02-2024
act-publications-sec-68-submitting_employee_employment_applications_in_eilat_2024,sec-68,2024-01-15,פתיחת אפשרות להגשת בקשות להעסקת עובדים ירדנים בענף הבניין באזור אילת,פרסום רשמי של רשות האוכלוסין וההגירה באתר gov.il (מידע למעסיקים). התוכן המלא בקישור המקור.,government_page,,direct,https://www.gov.il/he/departments/policies/submitting_employee_employment_applications_in_eilat_2024
act-publications-sec-5-guidance_superior_10012024,sec-5,2024-01-14,הנחיית הממונה על השכר מיום 10.1.24 בנושא עדכון הנחיות בעניין מקדמות לתשלום בגין הגבלות פיקוד העורף במצב החירום ובעניין עבודה מרחוק,פרסום רשמי של משרד האוצר באתר gov.il (נהלים והנחיות). התוכן המלא בקישור המקור.,government_page,emergency,direct,https://www.gov.il/he/departments/policies/guidance_superior_10012024
act-publications-sec-39-11012024_1,sec-39,2024-01-11,החלטת המועצה לשידורי כבלים ולשידורי לוויין מספר 1-11/2023 מיום 27.12.2023 בעניין: קביעת השיעור מהכנסותיהם השנתיות של בעלי הרישיונות אשר יושקע בהפקה או רכישה של הפקות מקומיות,פרסום רשמי של משרד התקשורת באתר gov.il (החלטות). התוכן המלא בקישור המקור.,government_page,,direct,https://www.gov.il/he/departments/policies/11012024_1
act-publications-sec-68-non_enforcement_nursing,sec-68,2024-01-11,אי אכיפה זמנית כלפי עובדי סיעוד זרים שבקשה לוועדה ההומניטרית לסיעוד להארכת רישיון עבודתם נדחתה,פרסום רשמי של רשות האוכלוסין וההגירה באתר gov.il (מידע למעסיקים). התוכן המלא בקישור המקור.,government_page,regulation,direct,https://www.gov.il/he/departments/policies/non_enforcement_nursing
act-publications-sec-23-molsa-molsa-executive-circulars-001-2024,sec-23,2024-01-10,תפקיד מלווה קהילה במחלקות לשירותים חברתיים,"פרסום רשמי של משרד הרווחה והביטחון החברתי באתר gov.il (חוזרים והוראות מנכ""ל). התוכן המלא בקישור המקור.",government_page,,direct,https://www.gov.il/he/departments/policies/molsa-molsa-executive-circulars-001-2024
act-publications-sec-39-09012024,sec-39,2024-01-09,"החלטת המועצה לשידורי כבלים ולשידורי לוויין מספר 1-9/2023 מיום 16.11.2023 בעניין: אישור הסרת ערוץ ""DW ARABIA"" ו-""DW DEUTCH"" מרשימת שידורי בעל הרישיון הכללי לשידורי כבלים",פרסום רשמי של משרד התקשורת באתר gov.il (החלטות). התוכן המלא בקישור המקור.,government_page,,direct,https://www.gov.il/he/departments/policies/09012024
act-publications-sec-5-procedures-090124,sec-5,2024-01-09,"הנפקת אישור תושבות ביישוב מוטב לשנת 2024 – הנחיות מיוחדות בעקבות מלחמת ""חרבות ברזל""",פרסום רשמי של רשות המסים בישראל באתר gov.il (נהלים והנחיות). התוכן המלא בקישור המקור.,government_page,,direct,https://www.gov.il/he/departments/policies/procedures-090124
act-publications-sec-68-info_agr_sri_lanka,sec-68,2024-01-09,דף מידע לחקלאים על העובדים מסרי לנקה,פרסום רשמי של רשות האוכלוסין וההגירה באתר gov.il (מידע למעסיקים). התוכן המלא בקישור המקור.,government_page,,direct,https://www.gov.il/he/departments/policies/info_agr_sri_lanka
act-publications-sec-5-collective-agreements,sec-5,2024-01-08,הסכמים קיבוציים,פרסום רשמי של משרד האוצר באתר gov.il (הסכמים). התוכן המלא בקישור המקור.,government_page,,direct,https://www.gov.il/he/departments/policies/collective-agreements
act-publications-sec-5-inst-03-2024,sec-5,2024-01-08,הוראת ביצוע מס הכנסה מספר 3/2024 - אישורי ניכוי מס במקור ואישורים לפי חוק עסקאות גופים ציבוריים לשנת המס 2024,פרסום רשמי של רשות המסים בישראל באתר gov.il (הוראות ביצוע). התוכן המלא בקישור המקור.,government_page,regulation,direct,https://www.gov.il/he/departments/policies/inst-03-2024
act-publications-sec-68-agrot_2024,sec-68,2024-01-08,"עדכון סכומי אגרות, פיקדון, ערובה, ניכוי בעד מגורים הולמים, הוצאות נלוות וזיכוי בעד ביטוח רפואי - לשנת 2024","פרסום רשמי של רשות האוכלוסין וההגירה באתר gov.il (חוזרים והוראות מנכ""ל). התוכן המלא בקישור המקור.",government_page,,direct,https://www.gov.il/he/departments/policies/agrot_2024
act-publications-sec-68-agrot_2024_nursing,sec-68,2024-01-08,עדכון סכומי אגרות וניכויים מותרים בענף הסיעוד לשנת 2024,"פרסום רשמי של רשות האוכלוסין וההגירה באתר gov.il (חוזרים והוראות מנכ""ל). התוכן המלא בקישור המקור.",government_page,,direct,https://www.gov.il/he/departments/policies/agrot_2024_nursing
act-publications-sec-68-opening_employing_nursing224,sec-68,2024-01-08,פתיחת מועד להגשת בקשות להיתרים להעסקת עובדים זרים ככוח עזר במוסדות סיעוד ברישוי משרד הבריאות אשר אין בידיהם היתרים,"פרסום רשמי של רשות האוכלוסין וההגירה באתר gov.il (חוזרים והוראות מנכ""ל). התוכן המלא בקישור המקור.",government_page,regulation,direct,https://www.gov.il/he/departments/policies/opening_employing_nursing224
act-publications-sec-7-news04012024,sec-7,2024-01-04,הוראת שעה : צמצום פעילויות שגרה בעת מלחמה - הארכה מס' 6,פרסום רשמי של שירות בתי הסוהר באתר gov.il (נהלים והנחיות). התוכן המלא בקישור המקור.,government_page,emergency; regulation,direct,https://www.gov.il/he/departments/policies/news04012024
act-publications-sec-37-hozer-mankal-012024,sec-37,2024-01-03,"חוזר מנכ""ל 01/2024: נוהל קרן שיווק למארגני תיירות נכנסת לישראל לתקופה ינואר עד דצמבר 2024","פרסום רשמי של משרד התיירות באתר gov.il (חוזרים והוראות מנכ""ל). התוכן המלא בקישור המקור.",government_page,regulation,direct,https://www.gov.il/he/departments/policies/hozer-mankal-012024
act-publications-sec-5-inst-01-2024,sec-5,2024-01-02,"הוראת ביצוע מס הכנסה מספר 1/2024 - יישום חוק הארכת תקופות ודחיית מועדים (הוראת שעה - חרבות ברזל) (הליכי מס ומענקי סיוע) התשפ""ד-2023",פרסום רשמי של רשות המסים בישראל באתר gov.il (הוראות ביצוע). התוכן המלא בקישור המקור.,government_page,grants; regulation,direct,https://www.gov.il/he/departments/policies/inst-01-2024
act-publications-sec-5-procedures-020124,sec-5,2024-01-02,"הנחיות בעניין יישום חוק הארכת תקופות ודחיית מועדים (הוראת שעה - חרבות ברזל) (הליכי מס ומענקי סיוע), התשפ""ד-2023",פרסום רשמי של רשות המסים בישראל באתר gov.il (נהלים והנחיות). התוכן המלא בקישור המקור.,government_page,grants,direct,https://www.gov.il/he/departments/policies/procedures-020124
act-publications-sec-5-reinst-01-2024,sec-5,2024-01-02,הוראת ביצוע מיסוי מקרקעין מספר 1/2024 - הארכת מועדים בעקבות מלחמת חרבות ברזל,פרסום רשמי של רשות המסים בישראל באתר gov.il (הוראות ביצוע). התוכן המלא בקישור המקור.,government_page,regulation,direct,https://www.gov.il/he/departments/policies/reinst-01-2024
act-publications-sec-39-01012023_1,sec-39,2024-01-01,"החלטת המועצה לשידורי כבלים ולשידורי לוויין מספר 1-12/2023 מיום 31.12.23 בעניין: תיקון המבחנים לחלוקת כספי תמיכה לשם עידוד הפקות מקומיות בשפות האמהרית והטיגרינית בשל המצב המיוחד בעורף (""חרבות ברזל"")",פרסום רשמי של משרד התקשורת באתר gov.il (החלטות). התוכן המלא בקישור המקור.,government_page,grants,direct,https://www.gov.il/he/departments/policies/01012023_1
act-publications-sec-39-01012024,sec-39,2024-01-01,עדכון תשלומים עבור גישה באמצעות מפתח עבור כל תא חלוקה במרכז חלוקה,פרסום רשמי של משרד התקשורת באתר gov.il (נהלים והנחיות). התוכן המלא בקישור המקור.,government_page,,direct,https://www.gov.il/he/departments/policies/01012024
act-publications-sec-5-guidance_superior_31122023,sec-5,2024-01-01,הנחיית הממונה על השכר מיום ה31.12.23 בנושא עובדים שנעדרו מעבודתם עקב המצב הביטחוני על רקע מלחמת חרבות ברזל,פרסום רשמי של משרד האוצר באתר gov.il (נהלים והנחיות). התוכן המלא בקישור המקור.,government_page,,direct,https://www.gov.il/he/departments/policies/guidance_superior_31122023
act-publications-sec-29-nohal_0404_moch,sec-29,2023-12-31,נוהל הגשת חשבונות תכנון,פרסום רשמי של משרד הבינוי והשיכון באתר gov.il (נהלים והנחיות). התוכן המלא בקישור המקור.,government_page,regulation,direct,https://www.gov.il/he/departments/policies/nohal_0404_moch
act-publications-sec-29-nohal_0907_moch,sec-29,2023-12-31,נוהל אישור תקציבי  מיתוג,פרסום רשמי של משרד הבינוי והשיכון באתר gov.il (נהלים והנחיות). התוכן המלא בקישור המקור.,government_page,regulation,direct,https://www.gov.il/he/departments/policies/nohal_0907_moch
act-publications-sec-33-nohal-tmicha-achberet-2024,sec-33,2023-12-31,נוהל תמיכה בחיסון עדרי בקר במרעה כנגד מחלת העכברת לשנת 2024,פרסום רשמי של משרד החקלאות וביטחון המזון באתר gov.il (נהלים והנחיות). התוכן המלא בקישור המקור.,government_page,grants; health; regulation,direct,https://www.gov.il/he/departments/policies/nohal-tmicha-achberet-2024
act-publications-sec-5-itc-procedures-311223,sec-5,2023-12-31,נוהל הוראת שעה לקבלת כספי מיסים בשל רווח ממימוש אמצעי תשלום מבוזר,פרסום רשמי של רשות המסים בישראל באתר gov.il (נהלים והנחיות). התוכן המלא בקישור המקור.,government_page,regulation,direct,https://www.gov.il/he/departments/policies/itc-procedures-311223
act-publications-sec-7-021000,sec-7,2023-12-31,פקודה מספר 02.10.00 - טיפול בעבירות פליליות של סוהרים,פרסום רשמי של שירות בתי הסוהר באתר gov.il (פקודות והוראות). התוכן המלא בקישור המקור.,government_page,,direct,https://www.gov.il/he/departments/policies/021000
act-publications-sec-7-042200,sec-7,2023-12-31,פקודה מספר 04.22.00 - אסירים אזרחיים,פרסום רשמי של שירות בתי הסוהר באתר gov.il (פקודות והוראות). התוכן המלא בקישור המקור.,government_page,,direct,https://www.gov.il/he/departments/policies/042200
act-publications-sec-7-news31122023,sec-7,2023-12-31,נוהל מספר 07-1023 - שימוש בכרטיס אשראי,פרסום רשמי של שירות בתי הסוהר באתר gov.il (נהלים והנחיות). התוכן המלא בקישור המקור.,government_page,regulation,direct,https://www.gov.il/he/departments/policies/news31122023
act-publications-sec-7-tipul_pirsum_bazibur,sec-7,2023-12-31,פקודה מספר 04.42.01 - הטיפול בפניית אסיר לפרסום דברים בציבור,פרסום רשמי של שירות בתי הסוהר באתר gov.il (פקודות והוראות). התוכן המלא בקישור המקור.,government_page,,direct,https://www.gov.il/he/departments/policies/tipul_pirsum_bazibur
act-publications-sec-68-build281223,sec-68,2023-12-28,בהמשך להודעת הרשות בנוגע להגשת בקשות לקבלת התרים להעסקת עובדים זרים בענף הבניין – 2024,"פרסום רשמי של רשות האוכלוסין וההגירה באתר gov.il (חוזרים והוראות מנכ""ל). התוכן המלא בקישור המקור.",government_page,,direct,https://www.gov.il/he/departments/policies/build281223
act-publications-sec-33-work_order_inspection_citrus_export,sec-33,2023-12-25,הוראת עבודה לביקורת הדרים טריים לייצוא,פרסום רשמי של משרד החקלאות וביטחון המזון באתר gov.il (נהלים רגולטוריים). התוכן המלא בקישור המקור.,government_page,regulation,direct,https://www.gov.il/he/departments/policies/work_order_inspection_citrus_export
act-publications-sec-39-25122023,sec-39,2023-12-25,רכישת טלפונים לווייניים ונקודות גישה לוויניות לאינטרנט רחב פס - מסמך קריטריונים,פרסום רשמי של משרד התקשורת באתר gov.il (מסמכי מדיניות). התוכן המלא בקישור המקור.,government_page,,direct,https://www.gov.il/he/departments/policies/25122023
act-publications-sec-39-25122023_2,sec-39,2023-12-25,תיקון רישיון פרטנר פתרונות תקשורת נייחים (מספר 36),פרסום רשמי של משרד התקשורת באתר gov.il (רישיונות). התוכן המלא בקישור המקור.,government_page,,direct,https://www.gov.il/he/departments/policies/25122023_2
act-publications-sec-39-25122023_3,sec-39,2023-12-25,"החלטת המועצה לשידורי כבלים ולשידורי לוויין מספר 1-10/2023 מיום 24.12.2023 בעניין: שימוע לגבי תיקון מבחני התמיכות לשם עידוד הפקות מקומיות בשפות האמהרית והטיגרינית בשל המצב המיוחד בעורף (""חרבות ברזל"")",פרסום רשמי של משרד התקשורת באתר gov.il (החלטות). התוכן המלא בקישור המקור.,government_page,,direct,https://www.gov.il/he/departments/policies/25122023_3
act-publications-sec-39-24122023_2,sec-39,2023-12-24,"מינוי חבר ועדה מייעצת לפרישה אוניברסלית בהתאם לתקנות התקשורת (בזק ושידורים) (ועדה מייעצת), התשע""א – 2011",פרסום רשמי של משרד התקשורת באתר gov.il (נהלים והנחיות). התוכן המלא בקישור המקור.,government_page,regulation,direct,https://www.gov.il/he/departments/policies/24122023_2
act-publications-sec-39-24122023_3,sec-39,2023-12-24,הוראת מינהל - שירות IPVPN,פרסום רשמי של משרד התקשורת באתר gov.il (רישיונות). התוכן המלא בקישור המקור.,government_page,,direct,https://www.gov.il/he/departments/policies/24122023_3
act-publications-sec-7-news241223,sec-7,2023-12-24,הוראת שעה: צמצום פעילויות שגרה בעת מלחמה - הארכה מס' 5,פרסום רשמי של שירות בתי הסוהר באתר gov.il (נהלים והנחיות). התוכן המלא בקישור המקור.,government_page,emergency; regulation,direct,https://www.gov.il/he/departments/policies/news241223
act-publications-sec-5-delegation_of_powers_to_approve_payment_arrangement,sec-5,2023-12-21,נוהל האצלת סמכויות לאישור הסדר תשלומים במערך מיסוי מקרקעין 1/2024,פרסום רשמי של רשות המסים בישראל באתר gov.il (נהלים והנחיות). התוכן המלא בקישור המקור.,government_page,regulation,direct,https://www.gov.il/he/departments/policies/delegation_of_powers_to_approve_payment_arrangement
act-publications-sec-5-professional-directives-01-2024,sec-5,2023-12-21,נוהל האצלת סמכויות לאישור הסדר תשלומים  במערכי מס הכנסה וניכויים 1/2024,פרסום רשמי של רשות המסים בישראל באתר gov.il (נהלים והנחיות). התוכן המלא בקישור המקור.,government_page,regulation,direct,https://www.gov.il/he/departments/policies/professional-directives-01-2024
act-publications-sec-5-refun_of_excess_tax,sec-5,2023-12-21,הוראת נוהל החזרים - החזר עודף מס תשומות או עודף מס,פרסום רשמי של רשות המסים בישראל באתר gov.il (נהלים והנחיות). התוכן המלא בקישור המקור.,government_page,regulation,direct,https://www.gov.il/he/departments/policies/refun_of_excess_tax
act-publications-sec-39-02052024_2,sec-39,2023-12-20,עדכון נספח הרישיון וקביעת הוראות מנהל לעניין חובת פרישה ברשת מתקדמת לזוכים במכרז רמ1 / 2021 - החלטה,פרסום רשמי של משרד התקשורת באתר gov.il (החלטות). התוכן המלא בקישור המקור.,government_page,procurement,direct,https://www.gov.il/he/departments/policies/02052024_2
act-publications-sec-39-19122023_1,sec-39,2023-12-19,רכישת טלפונים לווייניים ונקודות גישה לוויניות לאינטרנט רחב פס - מסמך קריטריונים,פרסום רשמי של משרד התקשורת באתר gov.il (נהלים והנחיות). התוכן המלא בקישור המקור.,government_page,,direct,https://www.gov.il/he/departments/policies/19122023_1
act-publications-sec-19-procedures_file,sec-19,2023-12-18,אוגדן הנהלים של הרשות לנהיגה ספורטיבית,פרסום רשמי של משרד התרבות והספורט באתר gov.il (נהלים והנחיות). התוכן המלא בקישור המקור.,government_page,,direct,https://www.gov.il/he/departments/policies/procedures_file
act-publications-sec-23-molsa-ceo-guidelines,sec-23,2023-12-17,"חוזרי מנכ""ל","פרסום רשמי של משרד הרווחה והביטחון החברתי באתר gov.il (חוזרים והוראות מנכ""ל). התוכן המלא בקישור המקור.",government_page,,direct,https://www.gov.il/he/departments/policies/molsa-ceo-guidelines
act-publications-sec-23-molsa-executive-circulars-009-2023,sec-23,2023-12-17,שיפוי למסגרות חוץ ביתיות - מלחמת חרבות ברזל,"פרסום רשמי של משרד הרווחה והביטחון החברתי באתר gov.il (חוזרים והוראות מנכ""ל). התוכן המלא בקישור המקור.",government_page,,direct,https://www.gov.il/he/departments/policies/molsa-executive-circulars-009-2023
act-publications-sec-33-nohal-yetzumazon-baaley-haim-23,sec-33,2023-12-14,"נוהל דרישות לייצור, ייבוא ושיווק מוצרי חרקים להזנת בעלי חיים",פרסום רשמי של משרד החקלאות וביטחון המזון באתר gov.il (נהלים רגולטוריים). התוכן המלא בקישור המקור.,government_page,regulation,direct,https://www.gov.il/he/departments/policies/nohal-yetzumazon-baaley-haim-23
act-publications-sec-33-work_order_potato_export_eu,sec-33,2023-12-13,הוראת עבודה למגדל/בית אריזה האורז תפוח אדמה וירקות שורש לאיחוד האירופי,פרסום רשמי של משרד החקלאות וביטחון המזון באתר gov.il (נהלים רגולטוריים). התוכן המלא בקישור המקור.,government_page,,direct,https://www.gov.il/he/departments/policies/work_order_potato_export_eu
act-publications-sec-29-nohal_0911_moch,sec-29,2023-12-12,נוהל מס' 9/11 - קשר של עובדי המשרד עם גורמי חוץ,פרסום רשמי של משרד הבינוי והשיכון באתר gov.il (נהלים והנחיות). התוכן המלא בקישור המקור.,government_page,regulation,direct,https://www.gov.il/he/departments/policies/nohal_0911_moch
act-publications-sec-68-extension_validity_the_permits_licenses_jordanian_employees_not_hotel_industry,sec-68,2023-12-12,הודעה על הארכת תוקף ההיתרים והרישיונות של העובדים הירדנים שלא בענף המלונאות,"פרסום רשמי של רשות האוכלוסין וההגירה באתר gov.il (חוזרים והוראות מנכ""ל). התוכן המלא בקישור המקור.",government_page,,direct,https://www.gov.il/he/departments/policies/extension_validity_the_permits_licenses_jordanian_employees_not_hotel_industry
act-publications-sec-68-hiring_foreign_workers_industry,sec-68,2023-12-12,העסקת עובדים זרים בענף התעשייה,"פרסום רשמי של רשות האוכלוסין וההגירה באתר gov.il (חוזרים והוראות מנכ""ל). התוכן המלא בקישור המקור.",government_page,,direct,https://www.gov.il/he/departments/policies/hiring_foreign_workers_industry
act-publications-sec-68-procedure_inviting_new_foreign_agricultural_workers_srilanka_bilateral_agreement,sec-68,2023-12-11,נוהל הזמנת עובדי חקלאות זרים חדשים מסרי לנקה במסגרת הסכם בילטראלי בין סרי לנקה לישראל,פרסום רשמי של רשות האוכלוסין וההגירה באתר gov.il (נהלים והנחיות). התוכן המלא בקישור המקור.,government_page,regulation,direct,https://www.gov.il/he/departments/policies/procedure_inviting_new_foreign_agricultural_workers_srilanka_bilateral_agreement
act-publications-sec-39-10122023,sec-39,2023-12-10,הוראת מינהל - זכייה במכרז תמרוץ מספר רמ1,פרסום רשמי של משרד התקשורת באתר gov.il (נהלים רגולטוריים). התוכן המלא בקישור המקור.,government_page,procurement,direct,https://www.gov.il/he/departments/policies/10122023
act-publications-sec-39-10122023_1,sec-39,2023-12-10,"תיקון רישיון איי.בי.סי. איזראל ברודבאנד קומפני (2013) בע""מ (תיקון 10)",פרסום רשמי של משרד התקשורת באתר gov.il (רישיונות). התוכן המלא בקישור המקור.,government_page,,direct,https://www.gov.il/he/departments/policies/10122023_1
act-publications-sec-7-news81223,sec-7,2023-12-07,הוראת שעה: צמצום פעילויות שגרה בעת מלחמה - הארכה מס' 4,פרסום רשמי של שירות בתי הסוהר באתר gov.il (נהלים והנחיות). התוכן המלא בקישור המקור.,government_page,emergency; regulation,direct,https://www.gov.il/he/departments/policies/news81223
act-publications-environment-compartment,environment,2023-12-05,הנחיות לתא הטמנה לפסולת תעשייתית מאושרת,פרסום רשמי של המשרד להגנת הסביבה באתר gov.il (נהלים והנחיות). התוכן המלא בקישור המקור.,government_page,environment,direct,https://www.gov.il/he/departments/policies/compartment
act-publications-sec-19-certificates_renewal,sec-19,2023-12-05,הנחיות לחידוש תעודת מדריך ומאמן ומנהל מקצועי,פרסום רשמי של משרד התרבות והספורט באתר gov.il (נהלים והנחיות). התוכן המלא בקישור המקור.,government_page,regulation,direct,https://www.gov.il/he/departments/policies/certificates_renewal
act-publications-environment-in-times-of-war,environment,2023-12-04,רישיונות היתרים ואישורים סביבתיים למפעלים במלחמת חרבות ברזל,פרסום רשמי של המשרד להגנת הסביבה באתר gov.il (נהלים והנחיות). התוכן המלא בקישור המקור.,government_page,,direct,https://www.gov.il/he/departments/policies/in-times-of-war
act-publications-sec-29-bitul-schar-dira-diyur-tzibury,sec-29,2023-12-04,ביטול שכר דירה לדיירי הדיור הציבורי במהלך מלחמת חרבות ברזל,פרסום רשמי של משרד הבינוי והשיכון באתר gov.il (נהלים והנחיות). התוכן המלא בקישור המקור.,government_page,,direct,https://www.gov.il/he/departments/policies/bitul-schar-dira-diyur-tzibury
act-publications-sec-68-distribution_of_quotas_second_median_2023_2024,sec-68,2023-12-03,הודעה על חלוקת מכסות הבאה לחציון השני של שנת ההבאה 2023-2024,"פרסום רשמי של רשות האוכלוסין וההגירה באתר gov.il (חוזרים והוראות מנכ""ל). התוכן המלא בקישור המקור.",government_page,,direct,https://www.gov.il/he/departments/policies/distribution_of_quotas_second_median_2023_2024
act-publications-sec-5-guidance_superior_27112023,sec-5,2023-11-30,"הנחיות הממונה על השכר מיום ה- 27.11.23 בנושא חריגות בעניין צבירת ימי חופשה בעקבות מלחמת ""חרבות ברזל""",פרסום רשמי של משרד האוצר באתר gov.il (נהלים והנחיות). התוכן המלא בקישור המקור.,government_page,,direct,https://www.gov.il/he/departments/policies/guidance_superior_27112023
act-publications-sec-5-policy-paper-2023-012,sec-5,2023-11-30,"הנחיות נוספות לגופים המוסדיים על רקע מלחמת ""חרבות ברזל""","פרסום רשמי של רשות שוק ההון, ביטוח וחיסכון באתר gov.il (נהלים והנחיות). התוכן המלא בקישור המקור.",government_page,,direct,https://www.gov.il/he/departments/policies/policy-paper-2023-012
act-publications-sec-68-permit_for_agriculture_workers_for_2024,sec-68,2023-11-30,הגשת בקשות לקבלת היתר ללשכה פרטית בחקלאות לשנים 2023-2024,"פרסום רשמי של רשות האוכלוסין וההגירה באתר gov.il (חוזרים והוראות מנכ""ל). התוכן המלא בקישור המקור.",government_page,,direct,https://www.gov.il/he/departments/policies/permit_for_agriculture_workers_for_2024
act-publications-sec-33-import_quotas_procedure_2025,sec-33,2023-11-29,נוהל חלוקת מכסות יבוא לשנת 2025,פרסום רשמי של משרד החקלאות וביטחון המזון באתר gov.il (נהלים כלליים). התוכן המלא בקישור המקור.,government_page,regulation,direct,https://www.gov.il/he/departments/policies/import_quotas_procedure_2025
act-publications-sec-7-news28112023,sec-7,2023-11-28,"נוהל מספר 20-2015 - הפעלת ענף פסיכולוגיה בשב""ס",פרסום רשמי של שירות בתי הסוהר באתר gov.il (נהלים והנחיות). התוכן המלא בקישור המקור.,government_page,regulation,direct,https://www.gov.il/he/departments/policies/news28112023
act-publications-sec-68-hotels_quota,sec-68,2023-11-27,טבלת הקצאת היתרים בענף המלונאות,"פרסום רשמי של רשות האוכלוסין וההגירה באתר gov.il (חוזרים והוראות מנכ""ל). התוכן המלא בקישור המקור.",government_page,,direct,https://www.gov.il/he/departments/policies/hotels_quota
act-publications-sec-68-ind_quota,sec-68,2023-11-27,טבלת הקצאת היתרים בענף התעשייה,"פרסום רשמי של רשות האוכלוסין וההגירה באתר gov.il (חוזרים והוראות מנכ""ל). התוכן המלא בקישור המקור.",government_page,,direct,https://www.gov.il/he/departments/policies/ind_quota
act-publications-sec-68-trade-and-services-quota,sec-68,2023-11-27,טבלת הקצאת היתרים בענף מסחר ושירותים,"פרסום רשמי של רשות האוכלוסין וההגירה באתר gov.il (חוזרים והוראות מנכ""ל). התוכן המלא בקישור המקור.",government_page,,direct,https://www.gov.il/he/departments/policies/trade-and-services-quota
act-publications-sec-39-26112023,sec-39,2023-11-26,תיקון רישיון הוט טלקום שותפות מוגבלת (מספר 67),פרסום רשמי של משרד התקשורת באתר gov.il (רישיונות). התוכן המלא בקישור המקור.,government_page,,direct,https://www.gov.il/he/departments/policies/26112023
act-publications-sec-5-guidance_superior_21112023,sec-5,2023-11-26,הנחיית נציב שירות המדינה מיום 21.11.23 בנושא עבודה מרחוק - שגרת חירום,פרסום רשמי של משרד האוצר באתר gov.il (נהלים והנחיות). התוכן המלא בקישור המקור.,government_page,emergency,direct,https://www.gov.il/he/departments/policies/guidance_superior_21112023
act-publications-sec-7-news271123,sec-7,2023-11-26,הוראת שעה לפקודת נציבות 04.54.01 - מניעת אובדנות טיפול והשגחה,פרסום רשמי של שירות בתי הסוהר באתר gov.il (פקודות והוראות). התוכן המלא בקישור המקור.,government_page,,direct,https://www.gov.il/he/departments/policies/news271123
act-publications-sec-33-work_order_oranges_export_eu,sec-33,2023-11-23,הוראת עבודה לבית אריזה האורז תפוזים  לייצוא לאיחוד האירופי,פרסום רשמי של משרד החקלאות וביטחון המזון באתר gov.il (נהלים רגולטוריים). התוכן המלא בקישור המקור.,government_page,regulation,direct,https://www.gov.il/he/departments/policies/work_order_oranges_export_eu
act-publications-sec-7-news261123,sec-7,2023-11-23,הוראת שעה: צמצום פעילויות שגרה בעת מלחמה - הארכה מס' 3,פרסום רשמי של שירות בתי הסוהר באתר gov.il (נהלים והנחיות). התוכן המלא בקישור המקור.,government_page,emergency; regulation,direct,https://www.gov.il/he/departments/policies/news261123
act-publications-sec-23-molsa-executive-circulars-008-2023,sec-23,2023-11-22,שיפוי למסגרות חוץ ביתיות - מלחמת חרבות ברזל,"פרסום רשמי של משרד הרווחה והביטחון החברתי באתר gov.il (חוזרים והוראות מנכ""ל). התוכן המלא בקישור המקור.",government_page,,direct,https://www.gov.il/he/departments/policies/molsa-executive-circulars-008-2023
act-publications-sec-68-extending_validity_permits_employ_foreign_agricultural_workers_2024,sec-68,2023-11-22,הארכה גורפת של תוקף היתרים להעסקת עובדי חקלאות זרים לשנת 2024,"פרסום רשמי של רשות האוכלוסין וההגירה באתר gov.il (חוזרים והוראות מנכ""ל). התוכן המלא בקישור המקור.",government_page,,direct,https://www.gov.il/he/departments/policies/extending_validity_permits_employ_foreign_agricultural_workers_2024
act-publications-sec-39-21112023_1,sec-39,2023-11-21,"תיקון רישיון פרטנר תקשורת בע""מ (מספר 136)",פרסום רשמי של משרד התקשורת באתר gov.il (רישיונות). התוכן המלא בקישור המקור.,government_page,,direct,https://www.gov.il/he/departments/policies/21112023_1
act-publications-sec-39-21112023_2,sec-39,2023-11-21,חוק הארכת תקופות ודחיית מועדים - הוראת שעה,פרסום רשמי של משרד התקשורת באתר gov.il (פקודות והוראות). התוכן המלא בקישור המקור.,government_page,,direct,https://www.gov.il/he/departments/policies/21112023_2
act-publications-sec-68-foreign_workers_return_moldova_construction_industry,sec-68,2023-11-21,מתווה זמני להתרת העסקתם של עובדים זרים חוזרים ממולדובה בענף הבניין,"פרסום רשמי של רשות האוכלוסין וההגירה באתר gov.il (חוזרים והוראות מנכ""ל). התוכן המלא בקישור המקור.",government_page,,direct,https://www.gov.il/he/departments/policies/foreign_workers_return_moldova_construction_industry
act-publications-sec-68-procedure_quickly_bringing_foreign_workers_construction_not_bilateral_agreement_iron_swords,sec-68,2023-11-21,נוהל זמני להבאה מהירה של עובדים זרים לישראל לעבודה בענף הבניין שלא במסגרת הסכם בילטראלי עקב מלחמת חרבות ברזל,פרסום רשמי של רשות האוכלוסין וההגירה באתר gov.il (חוזרים ונהלים). התוכן המלא בקישור המקור.,government_page,regulation,direct,https://www.gov.il/he/departments/policies/procedure_quickly_bringing_foreign_workers_construction_not_bilateral_agreement_iron_swords
act-publications-sec-33-procedure_for_distributing_import_quotas_2024_191123,sec-33,2023-11-19,נוהל חלוקת מכסות יבוא לשנת 2024,פרסום רשמי של משרד החקלאות וביטחון המזון באתר gov.il (נהלים כלליים). התוכן המלא בקישור המקור.,government_page,regulation,direct,https://www.gov.il/he/departments/policies/procedure_for_distributing_import_quotas_2024_191123
act-publications-sec-39-16112023,sec-39,2023-11-16,הוראה בדבר מניעת פגיעה בביטחון המדינה על ידי ערוץ אלמיאדין,פרסום רשמי של משרד התקשורת באתר gov.il (פקודות והוראות). התוכן המלא בקישור המקור.,government_page,,direct,https://www.gov.il/he/departments/policies/16112023
act-publications-economy-hakalot-haravot-habarzel-4-68,economy,2023-11-15,"נוהל הקלות לשעת חירום מלחמת ""חרבות ברזל"" למפעלי תעשייה הממוקמים באשקלון, שדרות, יישובי עוטף עזה, ויישובים בגבול הצפון במסגרת מסלולי השקעות הון העלאת הפריון וייצור מתקדם",פרסום רשמי של משרד הכלכלה והתעשייה באתר gov.il (נהלים והנחיות). התוכן המלא בקישור המקור.,government_page,emergency; regulation,direct,https://www.gov.il/he/departments/policies/hakalot-haravot-habarzel-4-68
act-publications-sec-23-molsa-hotels-contract-correction-ironswords,sec-23,2023-11-15,תיקון הסכם התקשרות עם מלונות,פרסום רשמי של משרד הרווחה והביטחון החברתי באתר gov.il (נהלים כלליים). התוכן המלא בקישור המקור.,government_page,procurement,direct,https://www.gov.il/he/departments/policies/molsa-hotels-contract-correction-ironswords
act-publications-sec-33-export-ostria-15-11-23,sec-33,2023-11-15,הנחיות ליצוא חיות מחמד לאוסטריה - בעת חירום,פרסום רשמי של משרד החקלאות וביטחון המזון באתר gov.il (נהלים והנחיות). התוכן המלא בקישור המקור.,government_page,emergency; regulation,direct,https://www.gov.il/he/departments/policies/export-ostria-15-11-23
act-publications-economy-engineer-visit-procedure-grants-is,economy,2023-11-13,"נוהל ביקור מהנדס במפעלי תעשייה מאושרים לצורך תשלומי מענקים – הנחיות לשעת חירום בעקבות מלחמת ""חרבות ברזל""",פרסום רשמי של משרד הכלכלה והתעשייה באתר gov.il (נהלים רגולטוריים). התוכן המלא בקישור המקור.,government_page,emergency; grants; regulation,direct,https://www.gov.il/he/departments/policies/engineer-visit-procedure-grants-is
act-publications-environment-permitted-levels-edu,environment,2023-11-13,הנחיות והגבלות לרעש במוסדות חינוך,פרסום רשמי של המשרד להגנת הסביבה באתר gov.il (נהלים והנחיות). התוכן המלא בקישור המקור.,government_page,,direct,https://www.gov.il/he/departments/policies/permitted-levels-edu
act-publications-sec-23-molsa-information-for-hotels-directive-to-mental-health-services,sec-23,2023-11-12,הנחיה שניתנה לשירותי בריאות הנפש במתקני המפונים לגבי טיפול,פרסום רשמי של משרד הרווחה והביטחון החברתי באתר gov.il (נהלים והנחיות). התוכן המלא בקישור המקור.,government_page,,direct,https://www.gov.il/he/departments/policies/molsa-information-for-hotels-directive-to-mental-health-services
act-publications-sec-39-12112023_1,sec-39,2023-11-12,שימושים חריגים בדקות שיחה בתקופת ההכרזה על מצב מיוחד בעורף – החלטה,פרסום רשמי של משרד התקשורת באתר gov.il (החלטות). התוכן המלא בקישור המקור.,government_page,,direct,https://www.gov.il/he/departments/policies/12112023_1
act-publications-sec-5-codex-regulations,sec-5,2023-11-12,קודקס הרגולציה,"פרסום רשמי של רשות שוק ההון, ביטוח וחיסכון באתר gov.il (נהלים והנחיות). התוכן המלא בקישור המקור.",government_page,regulation,direct,https://www.gov.il/he/departments/policies/codex-regulations
act-publications-sec-5-guidance_superior_09112023,sec-5,2023-11-12,הודעת הממונה על השכר מיום ה- 9.11.23 בעניין משפחות הנפגעים והחטופים,פרסום רשמי של משרד האוצר באתר gov.il (נהלים והנחיות). התוכן המלא בקישור המקור.,government_page,,direct,https://www.gov.il/he/departments/policies/guidance_superior_09112023
act-publications-sec-7-news121123,sec-7,2023-11-12,הוראת שעה: צמצום פעילויות שגרה בעת מלחמה - הארכה מס' 2,פרסום רשמי של שירות בתי הסוהר באתר gov.il (נהלים והנחיות). התוכן המלא בקישור המקור.,government_page,emergency; regulation,direct,https://www.gov.il/he/departments/policies/news121123
act-publications-sec-68-msg_ind,sec-68,2023-11-09,הודעה למעסיקים בענף התעשייה,פרסום רשמי של רשות האוכלוסין וההגירה באתר gov.il (מידע למעסיקים). התוכן המלא בקישור המקור.,government_page,,direct,https://www.gov.il/he/departments/policies/msg_ind
act-publications-sec-68-nursing_iron_swords,sec-68,2023-11-08,הבהרות חשובות נוכח מלחמת חרבות ברזל – ענף הסיעוד,"פרסום רשמי של רשות האוכלוסין וההגירה באתר gov.il (חוזרים והוראות מנכ""ל). התוכן המלא בקישור המקור.",government_page,,direct,https://www.gov.il/he/departments/policies/nursing_iron_swords
act-publications-sec-23-molsa-executive-circulars-007-2023,sec-23,2023-11-06,"הנחיות למוגנות במתקני המפונים, מלחמת חרבות ברזל 2023","פרסום רשמי של משרד הרווחה והביטחון החברתי באתר gov.il (חוזרים והוראות מנכ""ל). התוכן המלא בקישור המקור.",government_page,,direct,https://www.gov.il/he/departments/policies/molsa-executive-circulars-007-2023
act-publications-economy-procedure-4-41-relieves-ironswords,economy,2023-11-02,"נוהל הקלות ב""מסלולי הפחתת פליטות"" של הרשות להשקעות -   בעקבות מלחמת ""חרבות הברזל""",פרסום רשמי של משרד הכלכלה והתעשייה באתר gov.il (נהלים והנחיות). התוכן המלא בקישור המקור.,government_page,regulation,direct,https://www.gov.il/he/departments/policies/procedure-4-41-relieves-ironswords
act-publications-sec-68-nursing_permits_2024_request,sec-68,2023-11-02,"בקשות להארכת היתר ללשכות פרטיות להבאה, לתיווך ולטיפול בעובדים זרים בענף הסיעוד – 2024-2025 עבור ""לשכה ממשיכה""","פרסום רשמי של רשות האוכלוסין וההגירה באתר gov.il (חוזרים והוראות מנכ""ל). התוכן המלא בקישור המקור.",government_page,,direct,https://www.gov.il/he/departments/policies/nursing_permits_2024_request
act-publications-sec-68-procedure_quickly_bringing_foreign_workers_agriculture_not_bilateral_agreement_iron_swords,sec-68,2023-11-02,נוהל זמני להבאה מהירה של עובדים זרים לישראל לעבודה בענף החקלאות שלא במסגרת הסכם בילטראלי עקב מלחמת חרבות ברזל,פרסום רשמי של רשות האוכלוסין וההגירה באתר gov.il (חוזרים ונהלים). התוכן המלא בקישור המקור.,government_page,regulation,direct,https://www.gov.il/he/departments/policies/procedure_quickly_bringing_foreign_workers_agriculture_not_bilateral_agreement_iron_swords
act-publications-sec-23-molsa-volunteering-volunteering-in-crisis-guidelines-01112023,sec-23,2023-11-01,המלצות לטיפול במתנדבים בעלי אזרחות זרה במהלך חירום ושגרת חירום 2023,פרסום רשמי של משרד הרווחה והביטחון החברתי באתר gov.il (נהלים והנחיות). התוכן המלא בקישור המקור.,government_page,emergency; regulation,direct,https://www.gov.il/he/departments/policies/molsa-volunteering-volunteering-in-crisis-guidelines-01112023
act-publications-sec-29-decision-01012023-renewal,sec-29,2023-10-31,החלטת הממונה בנושא בירור פנייה במקביל להליך בוררות,פרסום רשמי של הרשות הממשלתית להתחדשות עירונית באתר gov.il (החלטות). התוכן המלא בקישור המקור.,government_page,,direct,https://www.gov.il/he/departments/policies/decision-01012023-renewal
act-publications-sec-29-decision-28122022-renewal,sec-29,2023-10-31,החלטת הממונה בנושא הפרת עסקה על ידי יזם טרם המחאת זכויות,פרסום רשמי של הרשות הממשלתית להתחדשות עירונית באתר gov.il (החלטות). התוכן המלא בקישור המקור.,government_page,,direct,https://www.gov.il/he/departments/policies/decision-28122022-renewal
act-publications-sec-39-31102023_1,sec-39,2023-10-31,הודעה על דחיית מועד תשלום אגרה לכלל התחנות החד-מגמיות (סימפלקס),פרסום רשמי של משרד התקשורת באתר gov.il (נהלים והנחיות). התוכן המלא בקישור המקור.,government_page,,direct,https://www.gov.il/he/departments/policies/31102023_1
act-publications-economy-procedure-hc-relieves-ironswords,economy,2023-10-30,"נוהל הקלות למעסיקים במסלולי הון אנושי - בעקבות מלחמת ""חרבות הברזל""",פרסום רשמי של משרד הכלכלה והתעשייה באתר gov.il (נהלים והנחיות). התוכן המלא בקישור המקור.,government_page,regulation,direct,https://www.gov.il/he/departments/policies/procedure-hc-relieves-ironswords
act-publications-sec-23-molsa-executive-circulars-2023-006,sec-23,2023-10-29,שיפוי למסגרות חוץ ביתיות – מלחמת חרבות ברזל,"פרסום רשמי של משרד הרווחה והביטחון החברתי באתר gov.il (חוזרים והוראות מנכ""ל). התוכן המלא בקישור המקור.",government_page,,direct,https://www.gov.il/he/departments/policies/molsa-executive-circulars-2023-006
act-publications-sec-33-export-germany-2023,sec-33,2023-10-29,הנחיות ליצוא חיות מחמד לגרמניה בעת חירום,פרסום רשמי של משרד החקלאות וביטחון המזון באתר gov.il (נהלים והנחיות). התוכן המלא בקישור המקור.,government_page,emergency; regulation,direct,https://www.gov.il/he/departments/policies/export-germany-2023
act-publications-sec-37-hozer-mankal-072023,sec-37,2023-10-29,"חוזר מנכ""ל 07/2023: נוהל קרן שיווק למארגני תיירות נכנסת לישראל לתקופה אפריל עד אוקטובר 2023","פרסום רשמי של משרד התיירות באתר gov.il (חוזרים והוראות מנכ""ל). התוכן המלא בקישור המקור.",government_page,regulation,direct,https://www.gov.il/he/departments/policies/hozer-mankal-072023
act-publications-sec-23-molsa-executive-circulars-2023-005,sec-23,2023-10-26,"הנחיות להיערכות השירותים והמסגרות בקהילה בשעת חירום, חרבות ברזל 2023","פרסום רשמי של משרד הרווחה והביטחון החברתי באתר gov.il (חוזרים והוראות מנכ""ל). התוכן המלא בקישור המקור.",government_page,emergency,direct,https://www.gov.il/he/departments/policies/molsa-executive-circulars-2023-005
act-publications-sec-29-decision-30122022,sec-29,2023-10-26,החלטת הממונה בפנייה לביטול זכייה במכרז לבחירת יזם,פרסום רשמי של הרשות הממשלתית להתחדשות עירונית באתר gov.il (החלטות). התוכן המלא בקישור המקור.,government_page,procurement,direct,https://www.gov.il/he/departments/policies/decision-30122022
act-publications-sec-29-decision-30122022a,sec-29,2023-10-26,החלטת הממונה בנושא עסקה לפי תוכנית החיזוק – הוראות שאינן מטיבות עם בעלי הדירות,פרסום רשמי של הרשות הממשלתית להתחדשות עירונית באתר gov.il (החלטות). התוכן המלא בקישור המקור.,government_page,,direct,https://www.gov.il/he/departments/policies/decision-30122022a
act-publications-sec-29-hakfar-chozer-lakfar,sec-29,2023-10-26,הכפר חוזר לכפר - מסמך תכנון היישום במגזר הכפרי,פרסום רשמי של משרד הבינוי והשיכון באתר gov.il (נהלים והנחיות). התוכן המלא בקישור המקור.,government_page,,direct,https://www.gov.il/he/departments/policies/hakfar-chozer-lakfar
act-publications-sec-29-tachzuka-bmimun-hayazam,sec-29,2023-10-26,תחזוקה ארוכת טווח במימון היזם,פרסום רשמי של הרשות הממשלתית להתחדשות עירונית באתר gov.il (נהלים והנחיות). התוכן המלא בקישור המקור.,government_page,,direct,https://www.gov.il/he/departments/policies/tachzuka-bmimun-hayazam
act-publications-sec-33-export-herum-romania-23,sec-33,2023-10-26,הנחיות ליצוא חיות מחמד לרומניה בעת חירום,פרסום רשמי של משרד החקלאות וביטחון המזון באתר gov.il (נהלים והנחיות). התוכן המלא בקישור המקור.,government_page,emergency; regulation,direct,https://www.gov.il/he/departments/policies/export-herum-romania-23
act-publications-sec-39-26102023,sec-39,2023-10-26,"תיקון רישיון פלאפון תקשורת בע""מ (מספר 138)",פרסום רשמי של משרד התקשורת באתר gov.il (רישיונות). התוכן המלא בקישור המקור.,government_page,,direct,https://www.gov.il/he/departments/policies/26102023
act-publications-sec-68-outline_return_israel_from_abroad_foreign_workers_agricultural_legally_iron_swords,sec-68,2023-10-26,"מתווה החזרה לישראל מחו""ל של עובדים זרים לענף החקלאות אשר סיימו תקופת העסקתם כדין בישראל וטיפול מזורז בבקשות – ""חרבות ברזל""","פרסום רשמי של רשות האוכלוסין וההגירה באתר gov.il (חוזרים והוראות מנכ""ל). התוכן המלא בקישור המקור.",government_page,,direct,https://www.gov.il/he/departments/policies/outline_return_israel_from_abroad_foreign_workers_agricultural_legally_iron_swords
act-publications-sec-7-horaatshaa26102023,sec-7,2023-10-26,הוראת שעה: צמצום פעילויות שגרה בעת מלחמה - הארכה מס' 1,פרסום רשמי של שירות בתי הסוהר באתר gov.il (פקודות והוראות). התוכן המלא בקישור המקור.,government_page,emergency; regulation,direct,https://www.gov.il/he/departments/policies/horaatshaa26102023
act-publications-sec-29-decision-31052022,sec-29,2023-10-25,החלטת הממונה בנושא חובות מארגן על פי חוק ותוקפו של הסכם ארגון,פרסום רשמי של הרשות הממשלתית להתחדשות עירונית באתר gov.il (החלטות). התוכן המלא בקישור המקור.,government_page,,direct,https://www.gov.il/he/departments/policies/decision-31052022
act-publications-sec-33-export-spain-2023,sec-33,2023-10-25,הנחיות ליצוא חיות מחמד לספרד בעת חירום,פרסום רשמי של משרד החקלאות וביטחון המזון באתר gov.il (נהלים והנחיות). התוכן המלא בקישור המקור.,government_page,emergency; regulation,direct,https://www.gov.il/he/departments/policies/export-spain-2023
act-publications-sec-39-25102023,sec-39,2023-10-25,"תיקון רישיון פרטנר תקשורת בע""מ (מספר 135)",פרסום רשמי של משרד התקשורת באתר gov.il (רישיונות). התוכן המלא בקישור המקור.,government_page,,direct,https://www.gov.il/he/departments/policies/25102023
act-publications-sec-39-25102023_1,sec-39,2023-10-25,"תיקון רישיון הוט מובייל בע""מ (מספר 120)",פרסום רשמי של משרד התקשורת באתר gov.il (רישיונות). התוכן המלא בקישור המקור.,government_page,,direct,https://www.gov.il/he/departments/policies/25102023_1
act-publications-sec-39-25102023_2,sec-39,2023-10-25,"תיקון רישיון סלקום ישראל בע""מ (מספר 144)",פרסום רשמי של משרד התקשורת באתר gov.il (רישיונות). התוכן המלא בקישור המקור.,government_page,,direct,https://www.gov.il/he/departments/policies/25102023_2
act-publications-sec-39-25102023_3,sec-39,2023-10-25,"תיקון רישיון פלאפון תקשורת בע""מ (מספר 139)",פרסום רשמי של משרד התקשורת באתר gov.il (רישיונות). התוכן המלא בקישור המקור.,government_page,,direct,https://www.gov.il/he/departments/policies/25102023_3
act-publications-sec-5-guidance_superior_24102023,sec-5,2023-10-25,הנחיית הממונה על השכר מיום 24.10.23 בנושא הנחיות עבודה מרחוק – התמשכות מצב החירום,פרסום רשמי של משרד האוצר באתר gov.il (נהלים והנחיות). התוכן המלא בקישור המקור.,government_page,emergency,direct,https://www.gov.il/he/departments/policies/guidance_superior_24102023
act-publications-sec-33-export-serbia-23,sec-33,2023-10-24,הנחיות ליצוא חיות מחמד לסרביה בעת חירום,פרסום רשמי של משרד החקלאות וביטחון המזון באתר gov.il (נהלים והנחיות). התוכן המלא בקישור המקור.,government_page,emergency; regulation,direct,https://www.gov.il/he/departments/policies/export-serbia-23
act-publications-sec-5-ease-public-institutions,sec-5,2023-10-24,הקלות על מוסדות ציבור הנתמכים מתקציב המדינה,פרסום רשמי של משרד האוצר באתר gov.il (נהלים והנחיות). התוכן המלא בקישור המקור.,government_page,,direct,https://www.gov.il/he/departments/policies/ease-public-institutions
act-publications-sec-23-molsa-people-with-disabilities-people-with-developmental-intellectual-disabilities-bitter-news-,sec-23,2023-10-23,"הנחיות מסירת ""בשורה מרה"" לאנשים עם מוגבלות שכלית התפתחותית",פרסום רשמי של משרד הרווחה והביטחון החברתי באתר gov.il (נהלים והנחיות). התוכן המלא בקישור המקור.,government_page,,direct,https://www.gov.il/he/departments/policies/molsa-people-with-disabilities-people-with-developmental-intellectual-disabilities-bitter-news-
act-publications-sec-29-iron-swords-mashkanta-updates,sec-29,2023-10-23,סיוע במשכנתא בתקופת מלחמת חרבות ברזל - מידע מתעדכן,פרסום רשמי של משרד הבינוי והשיכון באתר gov.il (נהלים והנחיות). התוכן המלא בקישור המקור.,government_page,,direct,https://www.gov.il/he/departments/policies/iron-swords-mashkanta-updates
act-publications-sec-23-molsa-volunteering-iron-swords-guidelines-for-volunteer-coordinators,sec-23,2023-10-22,הנחיות לרכזי התנדבות ברשויות המקומיות - חרבות ברזל,פרסום רשמי של משרד הרווחה והביטחון החברתי באתר gov.il (נהלים והנחיות). התוכן המלא בקישור המקור.,government_page,,direct,https://www.gov.il/he/departments/policies/molsa-volunteering-iron-swords-guidelines-for-volunteer-coordinators
act-publications-sec-23-molsa-volunteering-iron-swords-instructions-for-volunteer-coordinators-in-the-frameworks,sec-23,2023-10-22,הנחיות לרכזי התנדבות במסגרות - חרבות ברזל,פרסום רשמי של משרד הרווחה והביטחון החברתי באתר gov.il (נהלים והנחיות). התוכן המלא בקישור המקור.,government_page,,direct,https://www.gov.il/he/departments/policies/molsa-volunteering-iron-swords-instructions-for-volunteer-coordinators-in-the-frameworks
act-publications-sec-68-constructions_permits_2024_request_foreign_execution_companies,sec-68,2023-10-22,הארכת התרים לחברות הביצוע הזרות להעסקת עובדים זרים בישראל בענף הבניין לשנת 2024,"פרסום רשמי של רשות האוכלוסין וההגירה באתר gov.il (חוזרים והוראות מנכ""ל). התוכן המלא בקישור המקור.",government_page,regulation,direct,https://www.gov.il/he/departments/policies/constructions_permits_2024_request_foreign_execution_companies
act-publications-sec-33-tokef-heterim_10-23,sec-33,2023-10-19,"הארכת תוקף היתרי מזון לבעלי חיים לחצי שנה נוספת - חרבות ברזל, אוקטובר 2023",פרסום רשמי של משרד החקלאות וביטחון המזון באתר gov.il (נהלים והנחיות). התוכן המלא בקישור המקור.,government_page,,direct,https://www.gov.il/he/departments/policies/tokef-heterim_10-23
act-publications-sec-5-customs-procedures-191023,sec-5,2023-10-19,"הנחיה בדבר אי הכללתן של עלויות הובלה (מסוג תם מסע והיטל מלחמה), בערך העסקה לצורך חישוב מסי יבוא",פרסום רשמי של רשות המסים בישראל באתר gov.il (נהלים והנחיות). התוכן המלא בקישור המקור.,government_page,emergency; regulation,direct,https://www.gov.il/he/departments/policies/customs-procedures-191023
act-publications-sec-6-ironswords-19-10-23,sec-6,2023-10-19,"נהלי פס""ח בשגרה וחירום",פרסום רשמי של משרד הפנים באתר gov.il (נהלים והנחיות). התוכן המלא בקישור המקור.,government_page,emergency,direct,https://www.gov.il/he/departments/policies/ironswords-19-10-23
act-publications-sec-6-ironswords-19-10-23-1,sec-6,2023-10-19,"אוגדן מערך הפס""ח לרשויות מקומיות",פרסום רשמי של משרד הפנים באתר gov.il (חוזרים ונהלים). התוכן המלא בקישור המקור.,government_page,local-authorities,direct,https://www.gov.il/he/departments/policies/ironswords-19-10-23-1
act-publications-sec-6-ironswords-19-10-23-2,sec-6,2023-10-19,"קונטרסט פס""ח - נהלים בין משרדיים",פרסום רשמי של משרד הפנים באתר gov.il (נהלים והנחיות). התוכן המלא בקישור המקור.,government_page,,direct,https://www.gov.il/he/departments/policies/ironswords-19-10-23-2
act-publications-sec-6-ironswords-19-10-23-3,sec-6,2023-10-19,"תיקי תפעול של מתקני קליטה, תחנות ריכוז חללים, רשות מקומית ומועצה אזורית",פרסום רשמי של משרד הפנים באתר gov.il (נהלים והנחיות). התוכן המלא בקישור המקור.,government_page,local-authorities,direct,https://www.gov.il/he/departments/policies/ironswords-19-10-23-3
act-publications-sec-6-18-10-2023,sec-6,2023-10-18,אוגדן נוהל חירום,פרסום רשמי של משרד הפנים באתר gov.il (נהלים והנחיות). התוכן המלא בקישור המקור.,government_page,emergency; regulation,direct,https://www.gov.il/he/departments/policies/18-10-2023
act-publications-sec-68-iron_swords_important_updates_agriculture_industry,sec-68,2023-10-18,מלחמת חרבות ברזל – עדכונים חשובים בענף החקלאות,"פרסום רשמי של רשות האוכלוסין וההגירה באתר gov.il (חוזרים והוראות מנכ""ל). התוכן המלא בקישור המקור.",government_page,,direct,https://www.gov.il/he/departments/policies/iron_swords_important_updates_agriculture_industry
act-publications-economy-procedure-factory-relieves-ironswords,economy,2023-10-17,"נוהל מנהלה להקלות למפעלי תעשייה בשדרות, יישובי עוטף עזה, אשקלון ויישובי גבול הצפון – הקלות לשעת חירום מלחמת ""חרבות ברזל""",פרסום רשמי של משרד הכלכלה והתעשייה באתר gov.il (נהלים והנחיות). התוכן המלא בקישור המקור.,government_page,emergency; regulation,direct,https://www.gov.il/he/departments/policies/procedure-factory-relieves-ironswords
act-publications-sec-33-export-herum-brazil-2023,sec-33,2023-10-17,הנחיות ליצוא חיות מחמד לברזיל בעת מצב חרום,פרסום רשמי של משרד החקלאות וביטחון המזון באתר gov.il (נהלים והנחיות). התוכן המלא בקישור המקור.,government_page,regulation,direct,https://www.gov.il/he/departments/policies/export-herum-brazil-2023
act-publications-sec-33-tobin_herum_23,sec-33,2023-10-17,הנחיות ליבוא טובין בעת משבר או אירוע חירום,פרסום רשמי של משרד החקלאות וביטחון המזון באתר gov.il (נהלים והנחיות). התוכן המלא בקישור המקור.,government_page,emergency,direct,https://www.gov.il/he/departments/policies/tobin_herum_23
act-publications-sec-33-yezu-hayot-mamad-herum-17-10-23,sec-33,2023-10-17,הנחיות ליצוא חיות מחמד לפורטוגל בעת חרום,פרסום רשמי של משרד החקלאות וביטחון המזון באתר gov.il (נהלים והנחיות). התוכן המלא בקישור המקור.,government_page,regulation,direct,https://www.gov.il/he/departments/policies/yezu-hayot-mamad-herum-17-10-23
act-publications-sec-5-guidance_superior_17102023,sec-5,2023-10-17,"הנחיה מיום 17.10.23 - חידוד הנחיות למגזר הציבורי מערכת ""חרבות ברזל""",פרסום רשמי של משרד האוצר באתר gov.il (נהלים והנחיות). התוכן המלא בקישור המקור.,government_page,,direct,https://www.gov.il/he/departments/policies/guidance_superior_17102023
act-publications-sec-5-policy-paper-2023-010,sec-5,2023-10-17,מלחמת חרבות ברזל - היערכות נותני שירותים פיננסיים,"פרסום רשמי של רשות שוק ההון, ביטוח וחיסכון באתר gov.il (נהלים והנחיות). התוכן המלא בקישור המקור.",government_page,emergency,direct,https://www.gov.il/he/departments/policies/policy-paper-2023-010
act-publications-sec-5-policy-paper-2023-011,sec-5,2023-10-17,הנחיות לגופים המוסדיים על רקע מלחמת חרבות ברזל,"פרסום רשמי של רשות שוק ההון, ביטוח וחיסכון באתר gov.il (נהלים והנחיות). התוכן המלא בקישור המקור.",government_page,,direct,https://www.gov.il/he/departments/policies/policy-paper-2023-011
act-publications-sec-23-molsa-iron-swords-guidelines-11,sec-23,2023-10-16,נהלים לשעת חירום - הודעה מרה למשפחות מפונים השוהות במלונות,פרסום רשמי של משרד הרווחה והביטחון החברתי באתר gov.il (נהלים והנחיות). התוכן המלא בקישור המקור.,government_page,emergency,direct,https://www.gov.il/he/departments/policies/molsa-iron-swords-guidelines-11
act-publications-sec-33-yez_hayot_mahmad_herum_2023,sec-33,2023-10-16,הנחיות ליצוא חיות מחמד מישראל בעת משבר או אירוע חירום,פרסום רשמי של משרד החקלאות וביטחון המזון באתר gov.il (נהלים והנחיות). התוכן המלא בקישור המקור.,government_page,emergency; regulation,direct,https://www.gov.il/he/departments/policies/yez_hayot_mahmad_herum_2023
act-publications-sec-68-facilitating_absorption_foreign_workers_nursing_iron_swords,sec-68,2023-10-16,"הקלות בעניין קליטת עובדים זרים בענף הסיעוד בעקבות מלחמת ""חרבות ברזל""","פרסום רשמי של רשות האוכלוסין וההגירה באתר gov.il (חוזרים והוראות מנכ""ל). התוכן המלא בקישור המקור.",government_page,,direct,https://www.gov.il/he/departments/policies/facilitating_absorption_foreign_workers_nursing_iron_swords
act-publications-sec-68-facilitation_matter_temporary_arrangement_movement_foreign_hotels_workers_iron_swords,sec-68,2023-10-16,"המשך הקלות בענין הסדר זמני לניוד עובדים זרים בין בתי מלון – מלחמת ""חרבות ברזל""","פרסום רשמי של רשות האוכלוסין וההגירה באתר gov.il (חוזרים והוראות מנכ""ל). התוכן המלא בקישור המקור.",government_page,,direct,https://www.gov.il/he/departments/policies/facilitation_matter_temporary_arrangement_movement_foreign_hotels_workers_iron_swords
act-publications-sec-7-news16102023,sec-7,2023-10-16,הוראת שעה - צמצום פעילויות שגרה בעת מלחמה,פרסום רשמי של שירות בתי הסוהר באתר gov.il (נהלים והנחיות). התוכן המלא בקישור המקור.,government_page,emergency; regulation,direct,https://www.gov.il/he/departments/policies/news16102023
act-publications-sec-19-rules_of_ethics_for_sports_israel,sec-19,2023-10-15,כללי אתיקה לספורט בישראל,פרסום רשמי של משרד התרבות והספורט באתר gov.il (נהלים והנחיות). התוכן המלא בקישור המקור.,government_page,,direct,https://www.gov.il/he/departments/policies/rules_of_ethics_for_sports_israel
act-publications-sec-5-customs-procedures-151023,sec-5,2023-10-15,נוהל שחרור תרומות המיועדות לאוכלוסייה אזרחית,פרסום רשמי של רשות המסים בישראל באתר gov.il (נהלים והנחיות). התוכן המלא בקישור המקור.,government_page,regulation,direct,https://www.gov.il/he/departments/policies/customs-procedures-151023
act-publications-sec-5-member-fee-participation,sec-5,2023-10-15,דמי חבר באגודות מקצועיות לשנת 2025,פרסום רשמי של משרד האוצר באתר gov.il (נהלים והנחיות). התוכן המלא בקישור המקור.,government_page,regulation,direct,https://www.gov.il/he/departments/policies/member-fee-participation
act-publications-sec-68-national_holiday_agri,sec-68,2023-10-15,בקשות של עובדים זרים ליציאה לחופשת מולדת - מלחמת חרבות ברזל,"פרסום רשמי של רשות האוכלוסין וההגירה באתר gov.il (חוזרים והוראות מנכ""ל). התוכן המלא בקישור המקור.",government_page,,direct,https://www.gov.il/he/departments/policies/national_holiday_agri
act-publications-sec-5-agreement_11102023-fwd,sec-5,2023-10-12,הסכם קיבוצי מיום 11.10.23 בנושא שעות עבודה סטודנטים בשל המצב הביטחוני,פרסום רשמי של משרד האוצר באתר gov.il (הסכמים). התוכן המלא בקישור המקור.,government_page,,direct,https://www.gov.il/he/departments/policies/agreement_11102023-fwd
act-publications-sec-5-salary-payments-emergency,sec-5,2023-10-12,תשלומי שכר בגין מצב חירום,פרסום רשמי של משרד האוצר באתר gov.il (נהלים והנחיות). התוכן המלא בקישור המקור.,government_page,emergency,direct,https://www.gov.il/he/departments/policies/salary-payments-emergency
act-publications-sec-68-changes_agri,sec-68,2023-10-12,דרישה להעברת מידע אודות מקומות העבודה החילופיים של העובדים הזרים לחקלאות מהדרום,"פרסום רשמי של רשות האוכלוסין וההגירה באתר gov.il (חוזרים והוראות מנכ""ל). התוכן המלא בקישור המקור.",government_page,,direct,https://www.gov.il/he/departments/policies/changes_agri
act-publications-sec-68-msg_nursing121023,sec-68,2023-10-12,חרבות ברזל: הנחיות חירום בנושא אזורים גיאוגרפיים לעובדים זרים בענף הסיעוד,"פרסום רשמי של רשות האוכלוסין וההגירה באתר gov.il (חוזרים והוראות מנכ""ל). התוכן המלא בקישור המקור.",government_page,emergency,direct,https://www.gov.il/he/departments/policies/msg_nursing121023
act-publications-sec-5-customs-procedures-111023,sec-5,2023-10-11,"נוהל שחרור תרומות לחיילי צה""ל",פרסום רשמי של רשות המסים בישראל באתר gov.il (נהלים והנחיות). התוכן המלא בקישור המקור.,government_page,regulation,direct,https://www.gov.il/he/departments/policies/customs-procedures-111023
act-publications-sec-33-defense_policy_for_population_iron_swords,sec-33,2023-10-10,חרבות ברזל: מדיניות התגוננות לאוכלוסייה,פרסום רשמי של משרד החקלאות וביטחון המזון באתר gov.il (מסמכי מדיניות). התוכן המלא בקישור המקור.,government_page,,direct,https://www.gov.il/he/departments/policies/defense_policy_for_population_iron_swords
act-publications-sec-33-guidelines_for_importing_pets_during_an_emergency_or_crisis,sec-33,2023-10-10,הנחיות ליבוא חיות מחמד לישראל בעת משבר או אירוע חירום,פרסום רשמי של משרד החקלאות וביטחון המזון באתר gov.il (נהלים והנחיות). התוכן המלא בקישור המקור.,government_page,emergency,direct,https://www.gov.il/he/departments/policies/guidelines_for_importing_pets_during_an_emergency_or_crisis
act-publications-sec-5-guidance_superior_10102023,sec-5,2023-10-10,הנחיות בזמן מצב חירום - עבודה מרחוק,פרסום רשמי של משרד האוצר באתר gov.il (נהלים והנחיות). התוכן המלא בקישור המקור.,government_page,emergency,direct,https://www.gov.il/he/departments/policies/guidance_superior_10102023
act-publications-sec-68-foreign_workers_in_agriculture_iron_swords,sec-68,2023-10-10,"""חרבות ברזל"" - עובדים זרים בחקלאות","פרסום רשמי של רשות האוכלוסין וההגירה באתר gov.il (חוזרים והוראות מנכ""ל). התוכן המלא בקישור המקור.",government_page,,direct,https://www.gov.il/he/departments/policies/foreign_workers_in_agriculture_iron_swords
act-publications-environment-hazardous-waste-form,environment,2023-10-09,טופס מלווה לפסולת מסוכנת,פרסום רשמי של המשרד להגנת הסביבה באתר gov.il (נהלים והנחיות). התוכן המלא בקישור המקור.,government_page,environment,direct,https://www.gov.il/he/departments/policies/hazardous-waste-form
act-publications-sec-68-instructions_submitting_temporary_order_period_law_entry_israel_update,sec-68,2023-10-09,"הודעה למעסיקי עובדים זרים בענף הסיעוד - לשכות פרטיות מורשות להבאה, לתיווך ולטיפול בעובדים זרים בענף הסיעוד",פרסום רשמי של רשות האוכלוסין וההגירה באתר gov.il (מידע למעסיקים). התוכן המלא בקישור המקור.,government_page,,direct,https://www.gov.il/he/departments/policies/instructions_submitting_temporary_order_period_law_entry_israel_update
act-publications-sec-68-temporary_emergency_build_iron_swords,sec-68,2023-10-09,"חוזר בעקבות המצב הביטחוני - ""חרבות ברזל""","פרסום רשמי של רשות האוכלוסין וההגירה באתר gov.il (חוזרים והוראות מנכ""ל). התוכן המלא בקישור המקור.",government_page,,direct,https://www.gov.il/he/departments/policies/temporary_emergency_build_iron_swords
act-publications-sec-39-08102023_1,sec-39,2023-10-08,"החלטת המועצה לשידורי כבלים ולשידורי לוויין מיום 30.7.2023 מספר 1-5/2023 בעניין: אישור לחברת יס שירותי טלוויזיה ותקשורת בע""מ להסרת ערוץ השידורים בתשלום לפי צפייה ""DVDBOX סרטים""",פרסום רשמי של משרד התקשורת באתר gov.il (החלטות). התוכן המלא בקישור המקור.,government_page,,direct,https://www.gov.il/he/departments/policies/08102023_1
act-publications-sec-68-temporary_emergency_arrangement_iron_swords,sec-68,2023-10-08,"הסדר חירום זמני בעקבות המצב הביטחוני ""חרבות ברזל""","פרסום רשמי של רשות האוכלוסין וההגירה באתר gov.il (חוזרים והוראות מנכ""ל). התוכן המלא בקישור המקור.",government_page,emergency,direct,https://www.gov.il/he/departments/policies/temporary_emergency_arrangement_iron_swords
act-publications-sec-68-temporary_emergency_nursing_iron_swords,sec-68,2023-10-08,"עדכונים בעקבות המצב הביטחוני ומלחמת ""חרבות ברזל""","פרסום רשמי של רשות האוכלוסין וההגירה באתר gov.il (חוזרים והוראות מנכ""ל). התוכן המלא בקישור המקור.",government_page,,direct,https://www.gov.il/he/departments/policies/temporary_emergency_nursing_iron_swords
act-publications-economy-diamonds-regulatory-breaks-october-2023,economy,2023-10-01,מכתב הקלות רגולטוריות יהלומנים אוקטובר 2023,פרסום רשמי של משרד הכלכלה והתעשייה באתר gov.il (נהלים רגולטוריים). התוכן המלא בקישור המקור.,government_page,,direct,https://www.gov.il/he/departments/policies/diamonds-regulatory-breaks-october-2023
act-publications-sec-33-work_order_citrus_internal_check,sec-33,2023-09-28,הוראת עבודה לבדיקות הבשלה (איכות פנימית) לפרי הדר ליצוא,פרסום רשמי של משרד החקלאות וביטחון המזון באתר gov.il (נהלים רגולטוריים). התוכן המלא בקישור המקור.,government_page,regulation,direct,https://www.gov.il/he/departments/policies/work_order_citrus_internal_check
act-publications-sec-37-hozer-mankal-062023,sec-37,2023-09-27,"חוזר מנכ""ל 06/2023: מבחן תמיכה בפעולות שיווק המבוצעות על ידי מועצות אזוריות לעידוד התיירות במרחב הכפרי בשנת 2023","פרסום רשמי של משרד התיירות באתר gov.il (חוזרים והוראות מנכ""ל). התוכן המלא בקישור המקור.",government_page,grants; regulation,direct,https://www.gov.il/he/departments/policies/hozer-mankal-062023
act-publications-sec-68-identification_fee_violence_against_elderly,sec-68,2023-09-27,זיהוי התעללות בזקנים והזנחתם - דרכי התערבות למעסיקים ובני משפחותיהם,פרסום רשמי של רשות האוכלוסין וההגירה באתר gov.il (מידע למעסיקים). התוכן המלא בקישור המקור.,government_page,,direct,https://www.gov.il/he/departments/policies/identification_fee_violence_against_elderly
act-publications-sec-5-regulation_cmisa_2,sec-5,2023-09-21,נוהל בקשה לקבלת תעודה חתומה דיגיטלית דמה למקורות מידע פיננסי שהם גופים מוסדיים,"פרסום רשמי של רשות שוק ההון, ביטוח וחיסכון באתר gov.il (נהלים והנחיות). התוכן המלא בקישור המקור.",government_page,digital; regulation,direct,https://www.gov.il/he/departments/policies/regulation_cmisa_2
act-publications-sec-39-1992023_1,sec-39,2023-09-19,"אצילת סמכות לפי נספח ""ניהול הגנת הסייבר"" לרישיונות שהוענקו לפי חוק התקשורת (בזק ושידורים), התשמ""ב-1982, ולפי הוראת מינהל ""ניהול ההגנה בסייבר"" שהוענקה לספקים מורשים הרשומים במרשם ולא פועלים מכוח הרישיון",פרסום רשמי של משרד התקשורת באתר gov.il (נהלים רגולטוריים). התוכן המלא בקישור המקור.,government_page,procurement,direct,https://www.gov.il/he/departments/policies/1992023_1
act-publications-sec-23-molsa-executive-circulars-004-2023,sec-23,2023-09-18,"תפקיד ""תומך עובד סוציאלי"" במחלקות לשירותים חברתיים","פרסום רשמי של משרד הרווחה והביטחון החברתי באתר gov.il (חוזרים והוראות מנכ""ל). התוכן המלא בקישור המקור.",government_page,,direct,https://www.gov.il/he/departments/policies/molsa-executive-circulars-004-2023
act-publications-sec-33-nohal-tmicha-rashuiot-14-9-23,sec-33,2023-09-18,נוהל תמיכה ברשויות מקומיות בעת התפרצות מחלת הכלבת בעמקים - 23.8.23,פרסום רשמי של משרד החקלאות וביטחון המזון באתר gov.il (נהלים והנחיות). התוכן המלא בקישור המקור.,government_page,grants; local-authorities; regulation,direct,https://www.gov.il/he/departments/policies/nohal-tmicha-rashuiot-14-9-23
act-publications-sec-29-ishur-sapak-semi-com,sec-29,2023-09-14,"אישור ספק גופי תאורה בטכנולוגיית LED לחברת סמיקום לקסיס בע""מ",פרסום רשמי של משרד הבינוי והשיכון באתר gov.il (רישיונות). התוכן המלא בקישור המקור.,government_page,procurement,direct,https://www.gov.il/he/departments/policies/ishur-sapak-semi-com
act-publications-sec-68-bldng_permits_applications_2024,sec-68,2023-09-14,בקשות לקבלת התרים להעסקת עובדים זרים בענף הבניין - 2024,"פרסום רשמי של רשות האוכלוסין וההגירה באתר gov.il (חוזרים והוראות מנכ""ל). התוכן המלא בקישור המקור.",government_page,,direct,https://www.gov.il/he/departments/policies/bldng_permits_applications_2024
act-publications-sec-68-constructions_permits_2024_request,sec-68,2023-09-14,בקשות להארכת התרים להעסקת עובדים זרים בענף הבניין 2024-2025,"פרסום רשמי של רשות האוכלוסין וההגירה באתר gov.il (חוזרים והוראות מנכ""ל). התוכן המלא בקישור המקור.",government_page,,direct,https://www.gov.il/he/departments/policies/constructions_permits_2024_request
act-publications-sec-33-moag-pro-148,sec-33,2023-09-13,"הוראת עבודה לבית אריזה האורז הדרים, למעט תפוזים ,לייצוא לאיחוד האירופי",פרסום רשמי של משרד החקלאות וביטחון המזון באתר gov.il (נהלים רגולטוריים). התוכן המלא בקישור המקור.,government_page,regulation,direct,https://www.gov.il/he/departments/policies/moag-pro-148
act-publications-sec-39-12092023,sec-39,2023-09-12,הודעה על קרות אירוע מיוחד,פרסום רשמי של משרד התקשורת באתר gov.il (מסמכי מדיניות). התוכן המלא בקישור המקור.,government_page,,direct,https://www.gov.il/he/departments/policies/12092023
act-publications-sec-5-inst-110923-1,sec-5,2023-09-11,הוראת ביצוע מס ערך מוסף מספר 01/2023: מודל חשבוניות ישראל – הקצאת מספרי חשבוניות,פרסום רשמי של רשות המסים בישראל באתר gov.il (הוראות ביצוע). התוכן המלא בקישור המקור.,government_page,regulation,direct,https://www.gov.il/he/departments/policies/inst-110923-1
act-publications-sec-5-policy-paper-2023-009,sec-5,2023-09-11,מכתב ממונה - דוחות מיוחדים הנדרשים מרואי חשבון,"פרסום רשמי של רשות שוק ההון, ביטוח וחיסכון באתר gov.il (ניירות עמדה). התוכן המלא בקישור המקור.",government_page,,direct,https://www.gov.il/he/departments/policies/policy-paper-2023-009
act-publications-sec-5-procedures-110923-1,sec-5,2023-09-11,מידע לעוסקים: היערכות למודל חשבוניות ישראל לשנת 2024,פרסום רשמי של רשות המסים בישראל באתר gov.il (נהלים והנחיות). התוכן המלא בקישור המקור.,government_page,emergency,direct,https://www.gov.il/he/departments/policies/procedures-110923-1
act-publications-sec-5-procedures-110923-2,sec-5,2023-09-11,מידע למייצגים: היערכות למודל חשבוניות ישראל לשנת 2024,פרסום רשמי של רשות המסים בישראל באתר gov.il (נהלים והנחיות). התוכן המלא בקישור המקור.,government_page,emergency,direct,https://www.gov.il/he/departments/policies/procedures-110923-2
act-publications-sec-5-procedures-israel-invoice-020723,sec-5,2023-09-11,"מכתב מסמנכ""ל שירות לקוחות לציבור בנושא מערכת ההרשאות",פרסום רשמי של רשות המסים בישראל באתר gov.il (נהלים והנחיות). התוכן המלא בקישור המקור.,government_page,,direct,https://www.gov.il/he/departments/policies/procedures-israel-invoice-020723
act-publications-sec-22-payments_procedure,sec-22,2023-09-07,נוהל ביצוע תשלומי תמיכות - פיתוח בתי עלמין,פרסום רשמי של המשרד לשירותי דת באתר gov.il (נהלים והנחיות). התוכן המלא בקישור המקור.,government_page,regulation,direct,https://www.gov.il/he/departments/policies/payments_procedure
act-publications-sec-33-nohal_helkot_rimon-2023,sec-33,2023-09-07,נוהל עבודה לחלקות המייצאות רימון לאיחוד האירופי תחת גישה מערכתית,פרסום רשמי של משרד החקלאות וביטחון המזון באתר gov.il (נהלים והנחיות). התוכן המלא בקישור המקור.,government_page,regulation,direct,https://www.gov.il/he/departments/policies/nohal_helkot_rimon-2023
act-publications-sec-33-nohal-helkot-hadar-2023,sec-33,2023-09-07,נוהל עבודה לחלקות המייצאות הדרים/קומקוואט לאיחוד האירופי מאזורים שאינם חופשיים מעש התפוח המדומה ו/או מזבוב פרי האפרסק,פרסום רשמי של משרד החקלאות וביטחון המזון באתר gov.il (נהלים והנחיות). התוכן המלא בקישור המקור.,government_page,regulation,direct,https://www.gov.il/he/departments/policies/nohal-helkot-hadar-2023
act-publications-sec-33-nohal-yevu-mazon-golmi-hay-23,sec-33,2023-09-06,"נוהל 0.2.12 - אישור מדינה כ""מדינה מאושרת"" לעניין יבוא מזון גולמי מן החי לישראל",פרסום רשמי של משרד החקלאות וביטחון המזון באתר gov.il (נהלים והנחיות). התוכן המלא בקישור המקור.,government_page,regulation,direct,https://www.gov.il/he/departments/policies/nohal-yevu-mazon-golmi-hay-23
act-publications-sec-37-directors_circular_052023_06092023,sec-37,2023-09-05,"חוזר מנכ""ל 05/2023: נוהל עבודה עם שדלנים ביחס לפעילות כלכלית – משרד התיירות","פרסום רשמי של משרד התיירות באתר gov.il (חוזרים והוראות מנכ""ל). התוכן המלא בקישור המקור.",government_page,regulation,direct,https://www.gov.il/he/departments/policies/directors_circular_052023_06092023
act-publications-sec-6-maintenance_funds_tall_buildings,sec-6,2023-09-05,הנחיות להוראות קרן תחזוקה בבניינים גבוהים,פרסום רשמי של מינהל התכנון באתר gov.il (נהלים רגולטוריים). התוכן המלא בקישור המקור.,government_page,,direct,https://www.gov.il/he/departments/policies/maintenance_funds_tall_buildings
act-publications-sec-37-students_support_04_09_2023,sec-37,2023-09-04,מבחנים לחלוקת כספים לצורך תמיכה של משרד התיירות בסטודנטים,פרסום רשמי של משרד התיירות באתר gov.il (נהלים והנחיות). התוכן המלא בקישור המקור.,government_page,grants; regulation,direct,https://www.gov.il/he/departments/policies/students_support_04_09_2023
act-publications-sec-68-examinations_granting_status_immigrant,sec-68,2023-09-04,"בחינת מתן מעמד עולה על סמך גיור פרטי שנערך בישראל או גיור שנערך בחו""ל",פרסום רשמי של רשות האוכלוסין וההגירה באתר gov.il (מסמכי מדיניות). התוכן המלא בקישור המקור.,government_page,,direct,https://www.gov.il/he/departments/policies/examinations_granting_status_immigrant
act-publications-sec-33-moag-pro-041,sec-33,2023-09-03,נוהל מסירת כלבים וחתולים משוטטים לאימוץ מכלביות,פרסום רשמי של משרד החקלאות וביטחון המזון באתר gov.il (נהלים רגולטוריים). התוכן המלא בקישור המקור.,government_page,regulation,direct,https://www.gov.il/he/departments/policies/moag-pro-041
act-publications-sec-22-mikve_rates_2023,sec-22,2023-08-31,תקנות שירותי הדת היהודיים (אגרות שירותים),פרסום רשמי של המשרד לשירותי דת באתר gov.il (תקנות ותעריפים). התוכן המלא בקישור המקור.,government_page,regulation,direct,https://www.gov.il/he/departments/policies/mikve_rates_2023
act-publications-sec-19-for-a-sports-driving-license,sec-19,2023-08-30,נהלים למתן הכרה בגופי הכשרה לקבלת רישיון נהיגה ספורטיבית,פרסום רשמי של משרד התרבות והספורט באתר gov.il (נהלים והנחיות). התוכן המלא בקישור המקור.,government_page,,direct,https://www.gov.il/he/departments/policies/for-a-sports-driving-license
act-publications-sec-29-dipun-chenyonim,sec-29,2023-08-27,תמיכת דיפון לחניונים תת קרקעיים באמצעות עוגנים זמניים,פרסום רשמי של הרשות הממשלתית להתחדשות עירונית באתר gov.il (נהלים והנחיות). התוכן המלא בקישור המקור.,government_page,,direct,https://www.gov.il/he/departments/policies/dipun-chenyonim
act-publications-sec-5-regulation-01,sec-5,2023-08-27,"נוהל הנפקת אג""ח סחיר",פרסום רשמי של משרד האוצר באתר gov.il (נהלים והנחיות). התוכן המלא בקישור המקור.,government_page,regulation,direct,https://www.gov.il/he/departments/policies/regulation-01
act-publications-sec-5-regulation-03,sec-5,2023-08-26,נוהל מכרזי החלף,פרסום רשמי של משרד האוצר באתר gov.il (נהלים והנחיות). התוכן המלא בקישור המקור.,government_page,procurement; regulation,direct,https://www.gov.il/he/departments/policies/regulation-03
act-publications-sec-5-regulation-04,sec-5,2023-08-24,נוהל מכרז הפוך,פרסום רשמי של משרד האוצר באתר gov.il (נהלים והנחיות). התוכן המלא בקישור המקור.,government_page,procurement; regulation,direct,https://www.gov.il/he/departments/policies/regulation-04
act-publications-sec-5-regulation-05,sec-5,2023-08-23,"נוהל השאלת אג""ח",פרסום רשמי של משרד האוצר באתר gov.il (נהלים והנחיות). התוכן המלא בקישור המקור.,government_page,regulation,direct,https://www.gov.il/he/departments/policies/regulation-05
act-publications-sec-19-scrutineer_certification_renewal_procedure,sec-19,2023-08-21,נוהל חידוש תעודת בוחן טכני,פרסום רשמי של משרד התרבות והספורט באתר gov.il (נהלים והנחיות). התוכן המלא בקישור המקור.,government_page,regulation,direct,https://www.gov.il/he/departments/policies/scrutineer_certification_renewal_procedure
act-publications-sec-19-sport_driving_event_report,sec-19,2023-08-21,טופס הודעה על אירוע נהיגה ספורטיבית - מסלולים קבועים,פרסום רשמי של משרד התרבות והספורט באתר gov.il (נהלים והנחיות). התוכן המלא בקישור המקור.,government_page,,direct,https://www.gov.il/he/departments/policies/sport_driving_event_report
act-publications-sec-5-takam-h_1_4_4_1-fwd,sec-5,2023-08-21,"הוראת תכ""מ על ערבויות דיגיטליות",פרסום רשמי של משרד האוצר באתר gov.il (נהלים והנחיות). התוכן המלא בקישור המקור.,government_page,digital,direct,https://www.gov.il/he/departments/policies/takam-h_1_4_4_1-fwd
act-publications-environment-terms-for-recognition,environment,2023-08-20,תנאים להכרה בהשתלמויות למדבירים,פרסום רשמי של המשרד להגנת הסביבה באתר gov.il (נהלים והנחיות). התוכן המלא בקישור המקור.,government_page,,direct,https://www.gov.il/he/departments/policies/terms-for-recognition
act-publications-sec-39-20082023_1,sec-39,2023-08-20,החלטה בדבר דחיית המועדים שנקבעו ברישיון להשלמת אבני דרך 2 ו - 3 וקביעת מפת תמריצים לעניין ביטולי זכיות,פרסום רשמי של משרד התקשורת באתר gov.il (החלטות). התוכן המלא בקישור המקור.,government_page,,direct,https://www.gov.il/he/departments/policies/20082023_1
act-publications-sec-5-guidance_superior_14082023,sec-5,2023-08-20,הנחיית ביצוע מיום 14.8.2023 בנושא שכר סטודנטים-תיקון הסכם (קיבוצי) סטודנטים מיום 18.4.2016,פרסום רשמי של משרד האוצר באתר gov.il (נהלים והנחיות). התוכן המלא בקישור המקור.,government_page,regulation,direct,https://www.gov.il/he/departments/policies/guidance_superior_14082023
act-publications-sec-5-guidance_superior_14082023_b,sec-5,2023-08-20,הנחיית ביצוע מיום 14.8.23 בנושא תשלום מענק חד פעמי - הסכם מסגרת 2023,פרסום רשמי של משרד האוצר באתר gov.il (נהלים והנחיות). התוכן המלא בקישור המקור.,government_page,grants; regulation,direct,https://www.gov.il/he/departments/policies/guidance_superior_14082023_b
act-publications-sec-5-guidance_superior_15082023,sec-5,2023-08-20,הנחיית ביצוע מיום  15.8.23 בנושא קיצור שבוע העבודה - הסכם מסגרת 2023,פרסום רשמי של משרד האוצר באתר gov.il (נהלים והנחיות). התוכן המלא בקישור המקור.,government_page,regulation,direct,https://www.gov.il/he/departments/policies/guidance_superior_15082023
act-publications-sec-5-policy-paper-2022-010,sec-5,2023-08-20,רישיונות נותני שירותים פיננסיים מותלים או מבוטלים,"פרסום רשמי של רשות שוק ההון, ביטוח וחיסכון באתר gov.il (החלטות). התוכן המלא בקישור המקור.",government_page,,direct,https://www.gov.il/he/departments/policies/policy-paper-2022-010
act-publications-sec-23-molsa-executive-circulars-003-2023,sec-23,2023-08-17,"אירוח אזרחים ותיקים בודדים בבתי אבות בחגי תשרי תשפ""ד","פרסום רשמי של משרד הרווחה והביטחון החברתי באתר gov.il (חוזרים והוראות מנכ""ל). התוכן המלא בקישור המקור.",government_page,,direct,https://www.gov.il/he/departments/policies/molsa-executive-circulars-003-2023
act-publications-sec-39-17082023,sec-39,2023-08-17,תיקון רישיון בזק החברה הישראלית לתקשורת (מספר 94),פרסום רשמי של משרד התקשורת באתר gov.il (רישיונות). התוכן המלא בקישור המקור.,government_page,,direct,https://www.gov.il/he/departments/policies/17082023
act-publications-sec-39-17082023_1,sec-39,2023-08-17,הוספת אזורים סטטיסטיים לאזורי הפרישה של בזק - החלטה מיום 14 באוגוסט 2023,פרסום רשמי של משרד התקשורת באתר gov.il (החלטות). התוכן המלא בקישור המקור.,government_page,,direct,https://www.gov.il/he/departments/policies/17082023_1
act-publications-sec-5-professional-directives-01-2023,sec-5,2023-08-17,חוזר מס הכנסה מספר 01/2023 - רשות המסים בנושא: הליכי הסכמה הדדית באמנות למניעת כפל מס - נוהל הגשת בקשה והטיפול בה,פרסום רשמי של רשות המסים בישראל באתר gov.il (חוזרים ונהלים). התוכן המלא בקישור המקור.,government_page,regulation,direct,https://www.gov.il/he/departments/policies/professional-directives-01-2023
act-publications-sec-6-guidelines_rental_housing_justice_opinion,sec-6,2023-08-16,הנחיה דיור להשכרה וחוות דעת משרד המשפטים,פרסום רשמי של מינהל התכנון באתר gov.il (נהלים רגולטוריים). התוכן המלא בקישור המקור.,government_page,,direct,https://www.gov.il/he/departments/policies/guidelines_rental_housing_justice_opinion
act-publications-sec-39-dbs_license,sec-39,2023-08-14,רישיונות לשידורי טלוויזיה באמצעות לוויין,פרסום רשמי של משרד התקשורת באתר gov.il (רישיונות). התוכן המלא בקישור המקור.,government_page,,direct,https://www.gov.il/he/departments/policies/dbs_license
act-publications-sec-68-chefs_asian_restaurants_five_steps,sec-68,2023-08-14,עלון בנושא העסקת שפים זרים במסעדות אסיאתיות ב-5 צעדים פשוטים,"פרסום רשמי של רשות האוכלוסין וההגירה באתר gov.il (חוזרים והוראות מנכ""ל). התוכן המלא בקישור המקור.",government_page,,direct,https://www.gov.il/he/departments/policies/chefs_asian_restaurants_five_steps
act-publications-sec-5-regulation_cmisa_1,sec-5,2023-08-13,נוהל הגשת בקשה לקבלת רישיון סוכן תאגיד,"פרסום רשמי של רשות שוק ההון, ביטוח וחיסכון באתר gov.il (נהלים והנחיות). התוכן המלא בקישור המקור.",government_page,regulation,direct,https://www.gov.il/he/departments/policies/regulation_cmisa_1
act-publications-environment-incident_investigation,environment,2023-08-10,תִּחְקוּר אירועי חומרים מסוכנים,פרסום רשמי של המשרד להגנת הסביבה באתר gov.il (נהלים והנחיות). התוכן המלא בקישור המקור.,government_page,,direct,https://www.gov.il/he/departments/policies/incident_investigation
act-publications-sec-39-10082023_1,sec-39,2023-08-10,"החלטת המועצה לשידורי כבלים ולשידורי לוויין מספר 1-6/2023 מתאריך 8.8.2023 בעניין: רישום חברת פרטנר תקשורת בע""מ במרשם ספקי התכנים לפי סעיף 13ד' לחוק הפצת שידורים",פרסום רשמי של משרד התקשורת באתר gov.il (החלטות). התוכן המלא בקישור המקור.,government_page,procurement,direct,https://www.gov.il/he/departments/policies/10082023_1
act-publications-sec-5-customs-procedures-10082023,sec-5,2023-08-10,הוראות נוהל ליישום הסכם הסחר החופשי שבין ממשלת מדינת ישראל לממשלת איחוד האמירויות הערביות,פרסום רשמי של רשות המסים בישראל באתר gov.il (נהלים והנחיות). התוכן המלא בקישור המקור.,government_page,regulation,direct,https://www.gov.il/he/departments/policies/customs-procedures-10082023
act-publications-sec-7-hazmat_handling_israel_operational_concept,sec-7,2023-08-10,"תפיסת ההפעלה המבצעית המשולבת: הטיפול באירועי חומ""ס במדינת ישראל",פרסום רשמי של כבאות והצלה לישראל באתר gov.il (נהלים והנחיות). התוכן המלא בקישור המקור.,government_page,,direct,https://www.gov.il/he/departments/policies/hazmat_handling_israel_operational_concept
act-publications-sec-68-jorden_foreign_worker_eilat_agu2023,sec-68,2023-08-09,הודעה בדבר המועדים להגשת בקשות להגשת בקשות להעסקת עובדים ירדנים בבתי המלון באילת,"פרסום רשמי של רשות האוכלוסין וההגירה באתר gov.il (חוזרים והוראות מנכ""ל). התוכן המלא בקישור המקור.",government_page,,direct,https://www.gov.il/he/departments/policies/jorden_foreign_worker_eilat_agu2023
act-publications-sec-33-pikuah-metilot-lulim-2023-new,sec-33,2023-08-08,תגבור הפיקוח והאכיפה הווטרינרית בשלוחת תרנגולות המטילות ביצי מאכל – עדכון לוחות הזמנים למעבר ללולים העומדים בכל הדרישות,פרסום רשמי של משרד החקלאות וביטחון המזון באתר gov.il (נהלים רגולטוריים). התוכן המלא בקישור המקור.,government_page,regulation,direct,https://www.gov.il/he/departments/policies/pikuah-metilot-lulim-2023-new
act-publications-environment-israel-air-quality,environment,2023-08-07,יצירת תמונת מצב איכות האוויר בישראל,פרסום רשמי של המשרד להגנת הסביבה באתר gov.il (מסמכי מדיניות). התוכן המלא בקישור המקור.,government_page,,direct,https://www.gov.il/he/departments/policies/israel-air-quality
act-publications-sec-39-07082023,sec-39,2023-08-07,"מינוי חבר ועדה מייעצת לפרישה אוניברסלית בהתאם לתקנות התקשורת (בזק ושידורים) (ועדה מייעצת), התשע""א – 2011",פרסום רשמי של משרד התקשורת באתר gov.il (פקודות והוראות). התוכן המלא בקישור המקור.,government_page,regulation,direct,https://www.gov.il/he/departments/policies/07082023
act-publications-economy-perativesprocedure-financial-report-coo,economy,2023-08-03,נוהל הגשת דיווח כספי שנתי לרשם האגודות השיתופיות,פרסום רשמי של משרד הכלכלה והתעשייה באתר gov.il (נהלים רגולטוריים). התוכן המלא בקישור המקור.,government_page,regulation,direct,https://www.gov.il/he/departments/policies/perativesprocedure-financial-report-coo
act-publications-sec-68-msg_submission_employment_foreign_workers_auxiliary_force,sec-68,2023-08-03,הודעה בענין אפשרות הגשת בקשות להעסקת עובדים זרים ככוח עזר במעונות בפיקוח משרד הרווחה והביטחון החברתי,"פרסום רשמי של רשות האוכלוסין וההגירה באתר gov.il (חוזרים והוראות מנכ""ל). התוכן המלא בקישור המקור.",government_page,,direct,https://www.gov.il/he/departments/policies/msg_submission_employment_foreign_workers_auxiliary_force
act-publications-sec-33-nohal-hay-madaf-2023,sec-33,2023-08-02,נוהל 1.0.5 - קביעת אורך חיי מדף למוצרים גולמיים מן החי,פרסום רשמי של משרד החקלאות וביטחון המזון באתר gov.il (נהלים רגולטוריים). התוכן המלא בקישור המקור.,government_page,regulation,direct,https://www.gov.il/he/departments/policies/nohal-hay-madaf-2023
act-publications-sec-5-procedure-26072023,sec-5,2023-07-26,איגרת למעסיקים במגזר הציבורי בנושא הסכם מסגרת 2023,פרסום רשמי של משרד האוצר באתר gov.il (נהלים והנחיות). התוכן המלא בקישור המקור.,government_page,,direct,https://www.gov.il/he/departments/policies/procedure-26072023
act-publications-sec-7-information_law_2022,sec-7,2023-07-26,דין וחשבון שנתי של כבאות והצלה לישראל על פי חוק חופש המידע לשנת 2022,פרסום רשמי של כבאות והצלה לישראל באתר gov.il (מסמכי מדיניות). התוכן המלא בקישור המקור.,government_page,,direct,https://www.gov.il/he/departments/policies/information_law_2022
act-publications-sec-5-inst-11-2023,sec-5,2023-07-25,הוראת ביצוע מס הכנסה מספר 11/2023 - נוהל מתן ארכות להגשת דוחות מס הכנסה לשנת המס 2022,פרסום רשמי של רשות המסים בישראל באתר gov.il (הוראות ביצוע). התוכן המלא בקישור המקור.,government_page,regulation,direct,https://www.gov.il/he/departments/policies/inst-11-2023
act-publications-sec-5-instruction-add-shekel,sec-5,2023-07-24,הוראות ביצוע לתשלום התוספת השקלית - הסכם קיבוצי (מסגרת) לשנים 2020-2027,פרסום רשמי של משרד האוצר באתר gov.il (הוראות ביצוע). התוכן המלא בקישור המקור.,government_page,regulation,direct,https://www.gov.il/he/departments/policies/instruction-add-shekel
act-publications-sec-33-water_land_utilities_management,sec-33,2023-07-23,"ניהול בר קיימא של משאבי קרקע, מים וממשקים עם הסביבה",פרסום רשמי של משרד החקלאות וביטחון המזון באתר gov.il (מסמכי מדיניות). התוכן המלא בקישור המקור.,government_page,,direct,https://www.gov.il/he/departments/policies/water_land_utilities_management
act-publications-sec-7-nohal_021025,sec-7,2023-07-23,נוהל מספר  02-1025 - מודל השירות לנגדים,פרסום רשמי של שירות בתי הסוהר באתר gov.il (נהלים והנחיות). התוכן המלא בקישור המקור.,government_page,regulation,direct,https://www.gov.il/he/departments/policies/nohal_021025
act-publications-environment-work-plan-for-2023,environment,2023-07-20,תוכנית עבודה לשנת 2023,פרסום רשמי של המשרד להגנת הסביבה באתר gov.il (מסמכי מדיניות). התוכן המלא בקישור המקור.,government_page,,direct,https://www.gov.il/he/departments/policies/work-plan-for-2023
act-publications-sec-39-20072023,sec-39,2023-07-20,"תיקון רישיון פרטנר תקשורת בע""מ (מספר 134)",פרסום רשמי של משרד התקשורת באתר gov.il (רישיונות). התוכן המלא בקישור המקור.,government_page,,direct,https://www.gov.il/he/departments/policies/20072023
act-publications-sec-39-20072023_1,sec-39,2023-07-20,"תיקון רישיון פלאפון תקשורת בע""מ (מספר 137)",פרסום רשמי של משרד התקשורת באתר gov.il (רישיונות). התוכן המלא בקישור המקור.,government_page,,direct,https://www.gov.il/he/departments/policies/20072023_1
act-publications-sec-39-20072023_2,sec-39,2023-07-20,"תיקון רישיון סלקום ישראל בע""מ (מספר 143)",פרסום רשמי של משרד התקשורת באתר gov.il (רישיונות). התוכן המלא בקישור המקור.,government_page,,direct,https://www.gov.il/he/departments/policies/20072023_2
act-publications-sec-39-20072023_3,sec-39,2023-07-20,"תיקון רישיון וויקום מובייל בע""מ (מספר 44)",פרסום רשמי של משרד התקשורת באתר gov.il (רישיונות). התוכן המלא בקישור המקור.,government_page,,direct,https://www.gov.il/he/departments/policies/20072023_3
act-publications-sec-39-20072023_4,sec-39,2023-07-20,"תיקון רישיון הוט מובייל בע""מ (מספר 119)",פרסום רשמי של משרד התקשורת באתר gov.il (רישיונות). התוכן המלא בקישור המקור.,government_page,,direct,https://www.gov.il/he/departments/policies/20072023_4
act-publications-sec-39-19072023,sec-39,2023-07-19,"בעלות על מערכת רט""ן - החלטה",פרסום רשמי של משרד התקשורת באתר gov.il (החלטות). התוכן המלא בקישור המקור.,government_page,,direct,https://www.gov.il/he/departments/policies/19072023
act-publications-sec-5-inst-10-2023,sec-5,2023-07-19,"הוראת ביצוע קרן פיצויים מספר 10/2023 - בהתאם לתקנות מס רכוש וקרן פיצויים (תשלום פיצויים) (נזק מלחמה ונזק עקיף) (הוראת שעה מס' 2), התשפ""ג - 2023",פרסום רשמי של רשות המסים בישראל באתר gov.il (הוראות ביצוע). התוכן המלא בקישור המקור.,government_page,emergency; regulation,direct,https://www.gov.il/he/departments/policies/inst-10-2023
act-publications-sec-68-reciprocal_privileges_us_citizens_at_border_control,sec-68,2023-07-19,"מתווה ביקורת גבולות לאזרחי ארה""ב","פרסום רשמי של רשות האוכלוסין וההגירה באתר gov.il (חוזרים והוראות מנכ""ל). התוכן המלא בקישור המקור.",government_page,,direct,https://www.gov.il/he/departments/policies/reciprocal_privileges_us_citizens_at_border_control
act-publications-sec-33-work_order_opening_maintenance,sec-33,2023-07-16,הוראת עבודה לאישור פתיחה ותחזוקה לאתר ביקורת,פרסום רשמי של משרד החקלאות וביטחון המזון באתר gov.il (נהלים רגולטוריים). התוכן המלא בקישור המקור.,government_page,,direct,https://www.gov.il/he/departments/policies/work_order_opening_maintenance
act-publications-sec-39-16072023,sec-39,2023-07-16,החלטה - מדיניות בדבר הקצאה של תדרים לרשת גישה אלחוטית לא ציבורית ברצועת החדשנות,פרסום רשמי של משרד התקשורת באתר gov.il (החלטות). התוכן המלא בקישור המקור.,government_page,digital; grants; regulation,direct,https://www.gov.il/he/departments/policies/16072023
act-publications-sec-68-instructions_submitting_temporary_order_period_law_entry_israel,sec-68,2023-07-16,"הוועדה ההומניטארית לסיעוד - הנחיות להגשה ולטיפול בבקשות בתקופת הוראת השעה - חוק הכניסה לישראל (תיקון מס' 37 הוראת שעה - נגיף הקורונה החדש), התשפ""ג-2023","פרסום רשמי של רשות האוכלוסין וההגירה באתר gov.il (חוזרים והוראות מנכ""ל). התוכן המלא בקישור המקור.",government_page,,direct,https://www.gov.il/he/departments/policies/instructions_submitting_temporary_order_period_law_entry_israel
act-publications-sec-68-relief_belarus_ukraine_russia,sec-68,2023-07-13,הצגת מסמכים לאזרחי אוקראינה,פרסום רשמי של רשות האוכלוסין וההגירה באתר gov.il (חוזרים ונהלים). התוכן המלא בקישור המקור.,government_page,,direct,https://www.gov.il/he/departments/policies/relief_belarus_ukraine_russia
act-publications-environment-fuel-farm,environment,2023-07-11,תנאים נוספים בהיתר רעלים לחוות דלקים,פרסום רשמי של המשרד להגנת הסביבה באתר gov.il (נהלים והנחיות). התוכן המלא בקישור המקור.,government_page,,direct,https://www.gov.il/he/departments/policies/fuel-farm
act-publications-sec-68-notice_to_employers_of_foreign_chefs,sec-68,2023-07-11,הודעה למעסיקי שפים זרים,פרסום רשמי של רשות האוכלוסין וההגירה באתר gov.il (מידע למעסיקים). התוכן המלא בקישור המקור.,government_page,,direct,https://www.gov.il/he/departments/policies/notice_to_employers_of_foreign_chefs
act-publications-sec-33-work_order_ornamental_branches_flowers,sec-33,2023-07-10,"הוראת עבודה ליצוא ענפי קישוט ופרחים לקטיף, קישוט ומאכל",פרסום רשמי של משרד החקלאות וביטחון המזון באתר gov.il (נהלים רגולטוריים). התוכן המלא בקישור המקור.,government_page,regulation,direct,https://www.gov.il/he/departments/policies/work_order_ornamental_branches_flowers
act-publications-sec-23-molsa-executive-circulars-002-2023,sec-23,2023-07-06,מתן שירותים באמצעות סייעת לשילוב פעוטות הסובלים מאלרגיות הזקוקים להשגחה במסגרת יומית,"פרסום רשמי של משרד הרווחה והביטחון החברתי באתר gov.il (חוזרים והוראות מנכ""ל). התוכן המלא בקישור המקור.",government_page,,direct,https://www.gov.il/he/departments/policies/molsa-executive-circulars-002-2023
act-publications-sec-29-dec735-2023-moch,sec-29,2023-07-06,"יעדי תכנון, שיווק ועסקאות בתחום הדיור לשנת 2023",פרסום רשמי של משרד הבינוי והשיכון באתר gov.il (החלטות ממשלה). התוכן המלא בקישור המקור.,government_page,,direct,https://www.gov.il/he/departments/policies/dec735-2023-moch
act-publications-sec-68-updates_1523,sec-68,2023-07-06,עדכון בנושא אכיפה מינהלית– חציון ראשון 2023,"פרסום רשמי של רשות האוכלוסין וההגירה באתר gov.il (חוזרים והוראות מנכ""ל). התוכן המלא בקישור המקור.",government_page,regulation,direct,https://www.gov.il/he/departments/policies/updates_1523
act-publications-environment-laboratory-practices,environment,2023-07-05,ממשק מעבדות בנייה ירוקה ומכוני בקרה לבנייה,פרסום רשמי של המשרד להגנת הסביבה באתר gov.il (נהלים כלליים). התוכן המלא בקישור המקור.,government_page,,direct,https://www.gov.il/he/departments/policies/laboratory-practices
act-publications-sec-29-nohal-hitztarfut-letochnit,sec-29,2023-07-05,נוהל הצטרפות הרשות הממשלתית להתחדשות עירונית כמגישת תכנית התחדשות עירונית,פרסום רשמי של הרשות הממשלתית להתחדשות עירונית באתר gov.il (נהלים והנחיות). התוכן המלא בקישור המקור.,government_page,regulation,direct,https://www.gov.il/he/departments/policies/nohal-hitztarfut-letochnit
act-publications-sec-43-edt-map,sec-43,2023-07-05,להגשת תשתיות לעדכון מאגר המיפוי,פרסום רשמי של המרכז למיפוי ישראל באתר gov.il (נהלים רגולטוריים). התוכן המלא בקישור המקור.,government_page,,direct,https://www.gov.il/he/departments/policies/edt-map
act-publications-sec-43-ofnmap,sec-43,2023-07-05,אופן הכנת מפות עדות לעדכון מאגר תשתיות לאומיות,פרסום רשמי של המרכז למיפוי ישראל באתר gov.il (נהלים רגולטוריים). התוכן המלא בקישור המקור.,government_page,,direct,https://www.gov.il/he/departments/policies/ofnmap
act-publications-sec-33-moag-pro-075,sec-33,2023-07-04,נוהל והנחיות למשלוח דגימות למעבדות המכון הווטרינרי,פרסום רשמי של משרד החקלאות וביטחון המזון באתר gov.il (נהלים והנחיות). התוכן המלא בקישור המקור.,government_page,regulation,direct,https://www.gov.il/he/departments/policies/moag-pro-075
act-publications-sec-6-construction_laboratory_activity_procedure,sec-6,2023-07-04,נוהל פעילות מעבדה לבנייה ירוקה בהליך רישוי בנייה,פרסום רשמי של מינהל התכנון באתר gov.il (נהלים רגולטוריים). התוכן המלא בקישור המקור.,government_page,regulation,direct,https://www.gov.il/he/departments/policies/construction_laboratory_activity_procedure
act-publications-sec-23-molsa-yated-rent-help-2023,sec-23,2023-06-29,הנחיות בדבר נוהל בקשה לסיוע בשכר דירה עבור צעיר או צעירה במצבי סיכון משרד הרווחה והביטחון החברתי ומשרד השיכון  - יולי 2024,פרסום רשמי של משרד הרווחה והביטחון החברתי באתר gov.il (נהלים כלליים). התוכן המלא בקישור המקור.,government_page,regulation,direct,https://www.gov.il/he/departments/policies/molsa-yated-rent-help-2023
act-publications-sec-33-moag-pro-079,sec-33,2023-06-29,נוהל ביצוע עיקור וסירוס חתולים משוטטים,פרסום רשמי של משרד החקלאות ופיתוח הכפר באתר gov.il (נהלים והנחיות). התוכן המלא בקישור המקור.,government_page,regulation,direct,https://www.gov.il/he/departments/policies/moag-pro-079
act-publications-sec-37-planning-review-committee-updated-june-2023,sec-37,2023-06-29,"חוזר מנכ""ל 03/2023: נוהל הועדה לבדיקת תכניות של משרד התיירות","פרסום רשמי של משרד התיירות באתר gov.il (חוזרים והוראות מנכ""ל). התוכן המלא בקישור המקור.",government_page,regulation,direct,https://www.gov.il/he/departments/policies/planning-review-committee-updated-june-2023
act-publications-sec-39-29062023_1,sec-39,2023-06-29,קביעת מבחנים למתן כספי תמיכות של משרד התקשורת לרשויות מקומיות המפעילות תכניות העשרה לצעירים בתחום התקשורת והמדיה – החלטה,פרסום רשמי של משרד התקשורת באתר gov.il (החלטות). התוכן המלא בקישור המקור.,government_page,local-authorities,direct,https://www.gov.il/he/departments/policies/29062023_1
act-publications-sec-7-firefighters_permits_light_rail,sec-7,2023-06-29,אישורי כבאות הנדרשים להפעלת רכבת קלה,פרסום רשמי של כבאות והצלה לישראל באתר gov.il (נהלים והנחיות). התוכן המלא בקישור המקור.,government_page,public-transport,direct,https://www.gov.il/he/departments/policies/firefighters_permits_light_rail
act-publications-sec-36-temporary-procedure,sec-36,2023-06-28,נוהל הכרה זמני בבתי ספר בפיקוח האגף להכשרה מקצועית,פרסום רשמי של משרד העבודה באתר gov.il (נהלים והנחיות). התוכן המלא בקישור המקור.,government_page,education; regulation; workforce,direct,https://www.gov.il/he/departments/policies/temporary-procedure
act-publications-sec-36-youth-school-inside,sec-36,2023-06-28,"הנחיות להסדרת פעילות עסקית בתוך ביה""ס לנוער",פרסום רשמי של משרד העבודה באתר gov.il (נהלים והנחיות). התוכן המלא בקישור המקור.,government_page,,direct,https://www.gov.il/he/departments/policies/youth-school-inside
act-publications-sec-33-recommendationgrantingexemptionpaymentfeesagriculturaltractor,sec-33,2023-06-27,המלצה למתן פטור מאגרות תשלום לטרקטור חקלאי,פרסום רשמי של משרד החקלאות וביטחון המזון באתר gov.il (נהלים והנחיות). התוכן המלא בקישור המקור.,government_page,,direct,https://www.gov.il/he/departments/policies/recommendationgrantingexemptionpaymentfeesagriculturaltractor
act-publications-sec-33-moag-pro-152,sec-33,2023-06-26,דרישות כלליות לאישור משתלה ליצוא באיכות מיוחדת,פרסום רשמי של משרד החקלאות וביטחון המזון באתר gov.il (נהלים והנחיות). התוכן המלא בקישור המקור.,government_page,regulation,direct,https://www.gov.il/he/departments/policies/moag-pro-152
act-publications-sec-39-26062023,sec-39,2023-06-26,כתב מינוי - צוות בין משרדי בנושא תשתיות תקשורת סלולריות מתקדמות לכלל הציבור,פרסום רשמי של משרד התקשורת באתר gov.il (פקודות והוראות). התוכן המלא בקישור המקור.,government_page,regulation,direct,https://www.gov.il/he/departments/policies/26062023
act-publications-environment-pioneer-clauses,environment,2023-06-21,"חדשנות בת""י 5281 – מאפייני מקרה בוחן",פרסום רשמי של המשרד להגנת הסביבה באתר gov.il (מסמכי מדיניות). התוכן המלא בקישור המקור.,government_page,digital,direct,https://www.gov.il/he/departments/policies/pioneer-clauses
act-publications-sec-36-zlp350lb-ban,sec-36,2023-06-20,הודעה על איסור שימוש מיידי בפיגום ממוכן מדגם ZLP350LB,פרסום רשמי של משרד העבודה באתר gov.il (החלטות). התוכן המלא בקישור המקור.,government_page,,direct,https://www.gov.il/he/departments/policies/zlp350lb-ban
act-publications-environment-acoustic-planning,environment,2023-06-12,מתודולוגיה לתכנון אקוסטי לרכבות,פרסום רשמי של המשרד להגנת הסביבה באתר gov.il (נהלים והנחיות). התוכן המלא בקישור המקור.,government_page,,direct,https://www.gov.il/he/departments/policies/acoustic-planning
act-publications-sec-5-customs-procedures-080623,sec-5,2023-06-08,נוהל יצוא קנביס ומוצרי קנביס רפואי ממדינת ישראל,פרסום רשמי של רשות המסים בישראל באתר gov.il (נהלים והנחיות). התוכן המלא בקישור המקור.,government_page,regulation,direct,https://www.gov.il/he/departments/policies/customs-procedures-080623
act-publications-economy-kofer-hafkaa-32202258226,economy,2023-06-07,החלטת ועדת כופר – הפקעת מחירים מספר תיק 32202258226,פרסום רשמי של משרד הכלכלה והתעשייה באתר gov.il (החלטות). התוכן המלא בקישור המקור.,government_page,,direct,https://www.gov.il/he/departments/policies/kofer-hafkaa-32202258226
act-publications-economy-kofer-hafkaa-32202258297,economy,2023-06-07,החלטת ועדת כופר – הפקעת מחירים מספר תיק 32202258297,פרסום רשמי של משרד הכלכלה והתעשייה באתר gov.il (החלטות). התוכן המלא בקישור המקור.,government_page,,direct,https://www.gov.il/he/departments/policies/kofer-hafkaa-32202258297
act-publications-sec-39-07062023_1,sec-39,2023-06-07,"תיקון רישיון פרטנר תקשורת בע""מ (מספר 133)",פרסום רשמי של משרד התקשורת באתר gov.il (רישיונות). התוכן המלא בקישור המקור.,government_page,,direct,https://www.gov.il/he/departments/policies/07062023_1
act-publications-sec-39-07062023_2,sec-39,2023-06-07,"תיקון רישיון סלקום ישראל בע""מ (מספר 142)",פרסום רשמי של משרד התקשורת באתר gov.il (רישיונות). התוכן המלא בקישור המקור.,government_page,,direct,https://www.gov.il/he/departments/policies/07062023_2
act-publications-sec-39-07062023_3,sec-39,2023-06-07,"תיקון רישיון הוט מובייל בע""מ (מספר 118)",פרסום רשמי של משרד התקשורת באתר gov.il (רישיונות). התוכן המלא בקישור המקור.,government_page,,direct,https://www.gov.il/he/departments/policies/07062023_3
act-publications-economy-tzaatzuim-mesuknim-37202257982,economy,2023-06-06,החלטת ועדת כופר – צעצועים מסוכנים מספר תיק 37202257982,פרסום רשמי של משרד הכלכלה והתעשייה באתר gov.il (החלטות). התוכן המלא בקישור המקור.,government_page,regulation,direct,https://www.gov.il/he/departments/policies/tzaatzuim-mesuknim-37202257982
act-publications-economy-kofer-hafkaa-32202258180,economy,2023-06-05,החלטת ועדת כופר – הפקעת מחירים מספר תיק 32202258180,פרסום רשמי של משרד הכלכלה והתעשייה באתר gov.il (החלטות). התוכן המלא בקישור המקור.,government_page,,direct,https://www.gov.il/he/departments/policies/kofer-hafkaa-32202258180
act-publications-economy-kofer-hafkaa-32202258264,economy,2023-06-05,החלטת ועדת כופר – הפקעת מחירים מספר תיק 32202258264,פרסום רשמי של משרד הכלכלה והתעשייה באתר gov.il (החלטות). התוכן המלא בקישור המקור.,government_page,,direct,https://www.gov.il/he/departments/policies/kofer-hafkaa-32202258264
act-publications-sec-39-05062023,sec-39,2023-06-05,מדיניות פרסום מידע - צוות בין משרדי בנושא תשתיות תקשורת סלולריות מתקדמות לכלל הציבור,פרסום רשמי של משרד התקשורת באתר gov.il (מסמכי מדיניות). התוכן המלא בקישור המקור.,government_page,regulation,direct,https://www.gov.il/he/departments/policies/05062023
act-publications-sec-39-04062023,sec-39,2023-06-04,"הוראה בדבר עדכון רשימת האזורים הסטטיסטיים לפי סעיף 14ו לחוק התקשורת (בזק ושידורים), התשמ""ב-1982",פרסום רשמי של משרד התקשורת באתר gov.il (פקודות והוראות). התוכן המלא בקישור המקור.,government_page,,direct,https://www.gov.il/he/departments/policies/04062023
act-publications-sec-33-agricultural_settlement_law_11_22,sec-33,2023-06-01,חוק ההתיישבות החקלאית: מסלול מהיר,פרסום רשמי של משרד החקלאות וביטחון המזון באתר gov.il (נהלים רגולטוריים). התוכן המלא בקישור המקור.,government_page,,direct,https://www.gov.il/he/departments/policies/agricultural_settlement_law_11_22
act-publications-sec-33-agricultural_settlement_law_12_07_26,sec-33,2023-06-01,חוק ההתיישבות החקלאית: נוהל עבודה וטפסים,פרסום רשמי של משרד החקלאות וביטחון המזון באתר gov.il (נהלים רגולטוריים). התוכן המלא בקישור המקור.,government_page,regulation,direct,https://www.gov.il/he/departments/policies/agricultural_settlement_law_12_07_26
act-publications-sec-33-specification_protection_of_agricultural_buildings_04_23,sec-33,2023-05-30,מפרט למיגון מבנים חקלאיים,פרסום רשמי של משרד החקלאות וביטחון המזון באתר gov.il (נהלים והנחיות). התוכן המלא בקישור המקור.,government_page,emergency,direct,https://www.gov.il/he/departments/policies/specification_protection_of_agricultural_buildings_04_23
act-publications-sec-7-procedure24,sec-7,2023-05-29,"נוהל הנפה, פריסה ותלייה של דגלים בזירות פעילות ספורט",פרסום רשמי של כבאות והצלה לישראל באתר gov.il (נהלים והנחיות). התוכן המלא בקישור המקור.,government_page,regulation,direct,https://www.gov.il/he/departments/policies/procedure24
act-publications-sec-29-rk_neyar_emda_23052023,sec-29,2023-05-23,טיפול משמעתי בעבירות בטיחות,פרסום רשמי של משרד הבינוי והשיכון באתר gov.il (ניירות עמדה). התוכן המלא בקישור המקור.,government_page,,direct,https://www.gov.il/he/departments/policies/rk_neyar_emda_23052023
act-publications-sec-33-newcasel-shapaat-ofot-2023,sec-33,2023-05-23,الإجراء 3.0.6 - الإبلاغ والتعامل أثناء تفشي مرض نيوكاسل أو أنفلونزا الطيور,פרסום רשמי של משרד החקלאות וביטחון המזון באתר gov.il (נהלים והנחיות). התוכן המלא בקישור המקור.,government_page,,direct,https://www.gov.il/he/departments/policies/newcasel-shapaat-ofot-2023
act-publications-sec-39-23052023_3,sec-39,2023-05-23,הוראת מינהל - זכייה במכרז תמרוץ מספר רמ2022/2,פרסום רשמי של משרד התקשורת באתר gov.il (נהלים רגולטוריים). התוכן המלא בקישור המקור.,government_page,procurement,direct,https://www.gov.il/he/departments/policies/23052023_3
act-publications-sec-39-23052023_4,sec-39,2023-05-23,הוראת מינהל - תיק השירות שימוש הדדי בתשתיות פסיביות,פרסום רשמי של משרד התקשורת באתר gov.il (נהלים רגולטוריים). התוכן המלא בקישור המקור.,government_page,,direct,https://www.gov.il/he/departments/policies/23052023_4
act-publications-sec-39-23052023_5,sec-39,2023-05-23,הוראת מינהל - תיק שירות סיטונאי BSA - Bit Stream Access + Telephony,פרסום רשמי של משרד התקשורת באתר gov.il (נהלים רגולטוריים). התוכן המלא בקישור המקור.,government_page,,direct,https://www.gov.il/he/departments/policies/23052023_5
act-publications-sec-39-17082025,sec-39,2023-05-18,התראות מינהליות – פקודת הטלגרף לשנת 2023,פרסום רשמי של משרד התקשורת באתר gov.il (סמכויות פיקוח ואכיפה). התוכן המלא בקישור המקור.,government_page,regulation,direct,https://www.gov.il/he/departments/policies/17082025
act-publications-sec-5-policy-paper-2023-001,sec-5,2023-05-18,נוהל רישוי למבקש רישיון יחיד עבור מתן שירותי פיקדון ואשראי בלא ריבית,"פרסום רשמי של רשות שוק ההון, ביטוח וחיסכון באתר gov.il (נהלים והנחיות). התוכן המלא בקישור המקור.",government_page,regulation,direct,https://www.gov.il/he/departments/policies/policy-paper-2023-001
act-publications-sec-5-policy-paper-2023-002,sec-5,2023-05-18,נוהל רישוי למבקש רישיון תאגיד עבור מתן שירותי פיקדון ואשראי בלא ריבית,"פרסום רשמי של רשות שוק ההון, ביטוח וחיסכון באתר gov.il (נהלים והנחיות). התוכן המלא בקישור המקור.",government_page,regulation,direct,https://www.gov.il/he/departments/policies/policy-paper-2023-002
act-publications-sec-39-17052023_1,sec-39,2023-05-17,"תיקון רישיון איי.בי.סי. איזראל ברודבאנד קומפני (2013) בע""מ (תיקון 9)",פרסום רשמי של משרד התקשורת באתר gov.il (רישיונות). התוכן המלא בקישור המקור.,government_page,,direct,https://www.gov.il/he/departments/policies/17052023_1
act-publications-economy-proper-management-permit-cooperative,economy,2023-05-15,נוהל מתן אישור ניהול תקין לאגודה שיתופית לצורך תמיכות,פרסום רשמי של משרד הכלכלה והתעשייה באתר gov.il (נהלים רגולטוריים). התוכן המלא בקישור המקור.,government_page,regulation,direct,https://www.gov.il/he/departments/policies/proper-management-permit-cooperative
act-publications-sec-7-15_05_2023_01,sec-7,2023-05-15,מדיניות השר לביטחון לאומי תשפ״ד | 2023,פרסום רשמי של המשרד לביטחון לאומי באתר gov.il (מסמכי מדיניות). התוכן המלא בקישור המקור.,government_page,,direct,https://www.gov.il/he/departments/policies/15_05_2023_01
act-publications-sec-7-047400,sec-7,2023-05-11,פקודה מספר 04.74.00 - סמכות נציב לעיכוב שחרור מנהלי של אסיר לצורך יידוע נפגע עבירת מין או אלימות שביקש זאת,פרסום רשמי של שירות בתי הסוהר באתר gov.il (פקודות והוראות). התוכן המלא בקישור המקור.,government_page,regulation,direct,https://www.gov.il/he/departments/policies/047400
act-publications-sec-37-assistance-procedures-for-investments-in-tourism-2023,sec-37,2023-05-09,נהלי סיוע של מנהלת השקעות בתיירות לשנת 2023,פרסום רשמי של משרד התיירות באתר gov.il (נהלים והנחיות). התוכן המלא בקישור המקור.,government_page,,direct,https://www.gov.il/he/departments/policies/assistance-procedures-for-investments-in-tourism-2023
act-publications-economy-kofer-hafkaa-32202258119,economy,2023-05-08,החלטת ועדת כופר – הפקעת מחירים מספר תיק 32202258119,פרסום רשמי של משרד הכלכלה והתעשייה באתר gov.il (החלטות). התוכן המלא בקישור המקור.,government_page,,direct,https://www.gov.il/he/departments/policies/kofer-hafkaa-32202258119
act-publications-sec-33-moag-pro-127,sec-33,2023-05-04,הקמת מקומות הסגר להחזקת מקנה,פרסום רשמי של משרד החקלאות וביטחון המזון באתר gov.il (נהלים רגולטוריים). התוכן המלא בקישור המקור.,government_page,,direct,https://www.gov.il/he/departments/policies/moag-pro-127
act-publications-sec-33-nohal_mazon-haim-2023,sec-33,2023-05-03,נוהל 3.0.9 - הנקודות המחייבות לטיפול ופיקוח במשחטות ובמפעלי עיבוד מוצרים עוף מאושרים לייצוא מוצריהם לקהילה האירופית,פרסום רשמי של משרד החקלאות וביטחון המזון באתר gov.il (נהלים רגולטוריים). התוכן המלא בקישור המקור.,government_page,regulation,direct,https://www.gov.il/he/departments/policies/nohal_mazon-haim-2023
act-publications-sec-19-authorization_letter,sec-19,2023-04-30,כתב הרשאה ליבוא אישי לכלי תחרותי וחלקי חילוף,פרסום רשמי של משרד התרבות והספורט באתר gov.il (מסמכי מדיניות). התוכן המלא בקישור המקור.,government_page,,direct,https://www.gov.il/he/departments/policies/authorization_letter
act-publications-sec-23-molsa-executive-circulars-001-2023,sec-23,2023-04-27,סיוע בהתאמה ורכישת עזרים לנושאי תעודת עיוור או לקוי ראייה,"פרסום רשמי של משרד הרווחה והביטחון החברתי באתר gov.il (חוזרים והוראות מנכ""ל). התוכן המלא בקישור המקור.",government_page,,direct,https://www.gov.il/he/departments/policies/molsa-executive-circulars-001-2023
act-publications-sec-7-052009,sec-7,2023-04-24,נוהל מספר 05-2009 - סיור ערכי,פרסום רשמי של שירות בתי הסוהר באתר gov.il (נהלים והנחיות). התוכן המלא בקישור המקור.,government_page,regulation,direct,https://www.gov.il/he/departments/policies/052009
act-publications-sec-22-mikve_renovation_5783,sec-22,2023-04-23,הנחיות לשחרור כספי תמיכה - שיפוץ מקוואות,פרסום רשמי של המשרד לשירותי דת באתר gov.il (נהלים והנחיות). התוכן המלא בקישור המקור.,government_page,grants,direct,https://www.gov.il/he/departments/policies/mikve_renovation_5783
act-publications-economy-32202257972-kofer-hafkaa,economy,2023-04-20,החלטת ועדת כופר – הפקעת מחירים מספר תיק 32202257972,פרסום רשמי של משרד הכלכלה והתעשייה באתר gov.il (החלטות). התוכן המלא בקישור המקור.,government_page,,direct,https://www.gov.il/he/departments/policies/32202257972-kofer-hafkaa
act-publications-economy-32202258076-kofer-hafkaa,economy,2023-04-20,החלטת ועדת כופר – הפקעת מחירים מספר תיק 32202258076,פרסום רשמי של משרד הכלכלה והתעשייה באתר gov.il (החלטות). התוכן המלא בקישור המקור.,government_page,,direct,https://www.gov.il/he/departments/policies/32202258076-kofer-hafkaa
act-publications-economy-32202258217-kofer-hafkaa,economy,2023-04-20,החלטת ועדת כופר – הפקעת מחירים מספר תיק 32202258217,פרסום רשמי של משרד הכלכלה והתעשייה באתר gov.il (החלטות). התוכן המלא בקישור המקור.,government_page,,direct,https://www.gov.il/he/departments/policies/32202258217-kofer-hafkaa
act-publications-economy-thzaathzuim-mesukanim-37202258118,economy,2023-04-20,החלטת ועדת כופר – צעצועים מסוכנים מספר תיק 37202258118,פרסום רשמי של משרד הכלכלה והתעשייה באתר gov.il (החלטות). התוכן המלא בקישור המקור.,government_page,regulation,direct,https://www.gov.il/he/departments/policies/thzaathzuim-mesukanim-37202258118
act-publications-economy-thzaathzuim-mesukanim-37202258120,economy,2023-04-20,החלטת ועדת כופר – צעצועים מסוכנים מספר תיק 37202258120,פרסום רשמי של משרד הכלכלה והתעשייה באתר gov.il (החלטות). התוכן המלא בקישור המקור.,government_page,regulation,direct,https://www.gov.il/he/departments/policies/thzaathzuim-mesukanim-37202258120
act-publications-sec-37-01-2023,sec-37,2023-04-20,מבחנים לתמיכה בפעולות השיווק לאירועים תיירותיים לשנת 2023,"פרסום רשמי של משרד התיירות באתר gov.il (חוזרים והוראות מנכ""ל). התוכן המלא בקישור המקור.",government_page,grants,direct,https://www.gov.il/he/departments/policies/01-2023
act-publications-sec-37-2-2023,sec-37,2023-04-20,פיתוח תשתיות תיירותיות ציבוריות,"פרסום רשמי של משרד התיירות באתר gov.il (חוזרים והוראות מנכ""ל). התוכן המלא בקישור המקור.",government_page,,direct,https://www.gov.il/he/departments/policies/2-2023
act-publications-economy-32202257976-kofer-hafkaa,economy,2023-04-19,החלטת ועדת כופר – הפקעת מחירים מספר תיק 32202257976,פרסום רשמי של משרד הכלכלה והתעשייה באתר gov.il (החלטות). התוכן המלא בקישור המקור.,government_page,,direct,https://www.gov.il/he/departments/policies/32202257976-kofer-hafkaa
act-publications-economy-32202257981-kofer-hafkaa,economy,2023-04-19,החלטת ועדת כופר – הפקעת מחירים מספר תיק 32202257981,פרסום רשמי של משרד הכלכלה והתעשייה באתר gov.il (החלטות). התוכן המלא בקישור המקור.,government_page,,direct,https://www.gov.il/he/departments/policies/32202257981-kofer-hafkaa
act-publications-economy-32202258134-kofer-hafkaa,economy,2023-04-19,החלטת ועדת כופר – הפקעת מחירים מספר תיק 32202258134,פרסום רשמי של משרד הכלכלה והתעשייה באתר gov.il (החלטות). התוכן המלא בקישור המקור.,government_page,,direct,https://www.gov.il/he/departments/policies/32202258134-kofer-hafkaa
act-publications-economy-32202257985-kofer-hafkaa,economy,2023-04-18,החלטת ועדת כופר – הפקעת מחירים מספר תיק 32202257985,פרסום רשמי של משרד הכלכלה והתעשייה באתר gov.il (החלטות). התוכן המלא בקישור המקור.,government_page,,direct,https://www.gov.il/he/departments/policies/32202257985-kofer-hafkaa
act-publications-sec-39-16042023_2,sec-39,2023-04-16,הוראת מינהל - עמידה בדרישות ביטחון ליישום אספקת שירות לפי תיק שירות שימוש הדדי בתשתיות פסיביות,פרסום רשמי של משרד התקשורת באתר gov.il (נהלים רגולטוריים). התוכן המלא בקישור המקור.,government_page,procurement,direct,https://www.gov.il/he/departments/policies/16042023_2
act-publications-sec-6-procedure_environmental_units,sec-6,2023-04-13,נוהל פעילות יחידות סביבתיות בהליך רישוי בנייה,פרסום רשמי של מינהל התכנון באתר gov.il (נהלים רגולטוריים). התוכן המלא בקישור המקור.,government_page,regulation,direct,https://www.gov.il/he/departments/policies/procedure_environmental_units
act-publications-sec-6-planning-licensing,sec-6,2023-04-03,מסמך עקרונות לעריכת תכנית,פרסום רשמי של מינהל התכנון באתר gov.il (נהלים רגולטוריים). התוכן המלא בקישור המקור.,government_page,,direct,https://www.gov.il/he/departments/policies/planning-licensing
act-publications-economy-isr-uae-fta,economy,2023-04-01,הסכם אזור סחר חופשי בין ישראל לאיחוד האמירויות הערביות,פרסום רשמי של משרד הכלכלה והתעשייה באתר gov.il (הסכמים). התוכן המלא בקישור המקור.,government_page,,direct,https://www.gov.il/he/departments/policies/isr-uae-fta
act-publications-sec-37-support-of-marketing-operations-for-tourist-events-fy2023,sec-37,2023-03-29,מבחנים לתמיכה בפעולות השיווק לאירועים תיירותיים לשנת 2023,פרסום רשמי של משרד התיירות באתר gov.il (נהלים והנחיות). התוכן המלא בקישור המקור.,government_page,grants,direct,https://www.gov.il/he/departments/policies/support-of-marketing-operations-for-tourist-events-fy2023
act-publications-sec-39-29032023,sec-39,2023-03-29,עמידה בהוראות הביטחון לספק מורשה – החלטה,פרסום רשמי של משרד התקשורת באתר gov.il (החלטות). התוכן המלא בקישור המקור.,government_page,procurement,direct,https://www.gov.il/he/departments/policies/29032023
act-publications-sec-5-inst-03-2023,sec-5,2023-03-29,הוראת ביצוע מס הכנסה מספר 03/2023 - ניתוב שלב א ושינויים בשידור דוחות ושומות יחידים וחברות לשנת המס 2022,פרסום רשמי של רשות המסים בישראל באתר gov.il (הוראות ביצוע). התוכן המלא בקישור המקור.,government_page,regulation,direct,https://www.gov.il/he/departments/policies/inst-03-2023
act-publications-sec-6-permit_control_tama38_70,sec-6,2023-03-29,"נוהל בקרת היתרי בניה מכוח תמ""א/ 38 בתחום תמ""א/ 70",פרסום רשמי של מינהל התכנון באתר gov.il (נהלים רגולטוריים). התוכן המלא בקישור המקור.,government_page,regulation,direct,https://www.gov.il/he/departments/policies/permit_control_tama38_70
act-publications-sec-19-sport_driving_regulation_procedure,sec-19,2023-03-27,נוהל הגשת כללי נהיגה ספורטיבית לאישור,פרסום רשמי של משרד התרבות והספורט באתר gov.il (נהלים והנחיות). התוכן המלא בקישור המקור.,government_page,regulation,direct,https://www.gov.il/he/departments/policies/sport_driving_regulation_procedure
act-publications-sec-39-27032023_2,sec-39,2023-03-27,קביעת מתכונת לבחינת צמצום מרווחים ברשת מתקדמת נייחת – החלטה,פרסום רשמי של משרד התקשורת באתר gov.il (החלטות). התוכן המלא בקישור המקור.,government_page,regulation,direct,https://www.gov.il/he/departments/policies/27032023_2
act-publications-sec-29-heskem_gag_tiberias_2022,sec-29,2023-03-23,הסכם גג טבריה,פרסום רשמי של משרד הבינוי והשיכון באתר gov.il (הסכמים). התוכן המלא בקישור המקור.,government_page,local-authorities,direct,https://www.gov.il/he/departments/policies/heskem_gag_tiberias_2022
act-publications-sec-29-heskem-gag-nof-hagalil-2023,sec-29,2023-03-22,הסכם גג נוף הגליל,פרסום רשמי של משרד הבינוי והשיכון באתר gov.il (הסכמים). התוכן המלא בקישור המקור.,government_page,local-authorities,direct,https://www.gov.il/he/departments/policies/heskem-gag-nof-hagalil-2023
act-publications-sec-6-housing_procedure,sec-6,2023-03-21,נוהל דיורית בתכניות חדשות,פרסום רשמי של מינהל התכנון באתר gov.il (נהלים והנחיות). התוכן המלא בקישור המקור.,government_page,regulation,direct,https://www.gov.il/he/departments/policies/housing_procedure
act-publications-environment-construction-licensing,environment,2023-03-20,נוהל פעילות יחידות סביבתיות בהליך רישוי בנייה,פרסום רשמי של המשרד להגנת הסביבה באתר gov.il (נהלים כלליים). התוכן המלא בקישור המקור.,government_page,regulation,direct,https://www.gov.il/he/departments/policies/construction-licensing
act-publications-sec-39-19032023,sec-39,2023-03-19,"החלטת המועצה לשידורי כבלים ולשידורי לוויין מספר 1-4/2023 מיום 28.2.2023 בעניין: בקשת חברת די.בי.אס (1998) בע""מ להעלאת ערוץ GTV",פרסום רשמי של משרד התקשורת באתר gov.il (החלטות). התוכן המלא בקישור המקור.,government_page,,direct,https://www.gov.il/he/departments/policies/19032023
act-publications-sec-7-011030,sec-7,2023-03-19,נוהל מספר 01-1030 - קליטה ופיקוח בטיחותי על קבלנים,פרסום רשמי של שירות בתי הסוהר באתר gov.il (נהלים והנחיות). התוכן המלא בקישור המקור.,government_page,regulation,direct,https://www.gov.il/he/departments/policies/011030
act-publications-sec-33-moag-pro-083,sec-33,2023-03-16,נוהל לפיקוח על מתקנים סגורים לגידול דגי קוי החופשיים מנגיף הרפס של קוי,פרסום רשמי של משרד החקלאות וביטחון המזון באתר gov.il (נהלים והנחיות). התוכן המלא בקישור המקור.,government_page,regulation,direct,https://www.gov.il/he/departments/policies/moag-pro-083
act-publications-sec-33-monitoring-diseases-farms-fish,sec-33,2023-03-16,נוהל לניטור מחלות רשומות במשקים לגידול דגי נוי של מים קרים במערכות פתוחות המיועדים לייצוא,פרסום רשמי של משרד החקלאות וביטחון המזון באתר gov.il (נהלים רגולטוריים). התוכן המלא בקישור המקור.,government_page,regulation,direct,https://www.gov.il/he/departments/policies/monitoring-diseases-farms-fish
act-publications-sec-39-14032023_1,sec-39,2023-03-14,החלטת המועצה לשידורי כבלים ולשידורי לוויין מספר 1-3/2023 מיום 8.2.2023 בעניין: הזמנת הציבור להציג עמדתו בדבר ביטול מפרט שידורי הספורט שנקבע במסגרת מדיניות המועצה בנושא משחקים חיים בערוצי הספורט,פרסום רשמי של משרד התקשורת באתר gov.il (החלטות). התוכן המלא בקישור המקור.,government_page,,direct,https://www.gov.il/he/departments/policies/14032023_1
act-publications-sec-39-12032023,sec-39,2023-03-12,"נוהל דרישת מידע לפי חוק הדואר, התשמ""ו - 1968",פרסום רשמי של משרד התקשורת באתר gov.il (נהלים והנחיות). התוכן המלא בקישור המקור.,government_page,regulation,direct,https://www.gov.il/he/departments/policies/12032023
act-publications-sec-33-israelistandarddates,sec-33,2023-03-08,תו איכות ישראלי לתמרים,פרסום רשמי של משרד החקלאות וביטחון המזון באתר gov.il (נהלים כלליים). התוכן המלא בקישור המקור.,government_page,,direct,https://www.gov.il/he/departments/policies/israelistandarddates
act-publications-sec-33-israelistandardgrapefruitpomelo,sec-33,2023-03-08,תו איכות ישראלי לאשכוליות ופומלות,פרסום רשמי של משרד החקלאות וביטחון המזון באתר gov.il (נהלים כלליים). התוכן המלא בקישור המקור.,government_page,,direct,https://www.gov.il/he/departments/policies/israelistandardgrapefruitpomelo
act-publications-sec-33-israelistandardgrapes,sec-33,2023-03-08,תו איכות ישראלי לענבים,פרסום רשמי של משרד החקלאות וביטחון המזון באתר gov.il (נהלים כלליים). התוכן המלא בקישור המקור.,government_page,,direct,https://www.gov.il/he/departments/policies/israelistandardgrapes
act-publications-sec-33-israelistandardkiwi,sec-33,2023-03-08,תו איכות ישראלי לקיווי,פרסום רשמי של משרד החקלאות וביטחון המזון באתר gov.il (נהלים כלליים). התוכן המלא בקישור המקור.,government_page,,direct,https://www.gov.il/he/departments/policies/israelistandardkiwi
act-publications-sec-33-israelistandardlemonslimes,sec-33,2023-03-08,תו איכות ישראלי ללימונים וליים,פרסום רשמי של משרד החקלאות וביטחון המזון באתר gov.il (נהלים כלליים). התוכן המלא בקישור המקור.,government_page,,direct,https://www.gov.il/he/departments/policies/israelistandardlemonslimes
act-publications-sec-33-israelistandardmango,sec-33,2023-03-08,תו איכות ישראלי למנגו,פרסום רשמי של משרד החקלאות וביטחון המזון באתר gov.il (נהלים כלליים). התוכן המלא בקישור המקור.,government_page,,direct,https://www.gov.il/he/departments/policies/israelistandardmango
act-publications-sec-33-israelistandardmelon,sec-33,2023-03-08,תו איכות ישראלי למלון,פרסום רשמי של משרד החקלאות וביטחון המזון באתר gov.il (נהלים כלליים). התוכן המלא בקישור המקור.,government_page,,direct,https://www.gov.il/he/departments/policies/israelistandardmelon
act-publications-sec-33-israelistandardoranges,sec-33,2023-03-08,תו איכות ישראלי לתפוז,פרסום רשמי של משרד החקלאות וביטחון המזון באתר gov.il (נהלים כלליים). התוכן המלא בקישור המקור.,government_page,,direct,https://www.gov.il/he/departments/policies/israelistandardoranges
act-publications-sec-33-israelistandardpeachnectarine,sec-33,2023-03-08,תו איכות ישראלי לאפרסק ולנקטרינה,פרסום רשמי של משרד החקלאות וביטחון המזון באתר gov.il (נהלים כלליים). התוכן המלא בקישור המקור.,government_page,,direct,https://www.gov.il/he/departments/policies/israelistandardpeachnectarine
act-publications-sec-33-israelistandardpeelingfruits,sec-33,2023-03-08,תו איכות ישראלי לקליפים,פרסום רשמי של משרד החקלאות וביטחון המזון באתר gov.il (נהלים כלליים). התוכן המלא בקישור המקור.,government_page,,direct,https://www.gov.il/he/departments/policies/israelistandardpeelingfruits
act-publications-sec-33-israelistandardsweetpepper,sec-33,2023-03-08,תו איכות ישראלי לפלפל מתוק,פרסום רשמי של משרד החקלאות וביטחון המזון באתר gov.il (נהלים כלליים). התוכן המלא בקישור המקור.,government_page,,direct,https://www.gov.il/he/departments/policies/israelistandardsweetpepper
act-publications-sec-33-israelistandardwatermelon,sec-33,2023-03-08,תו איכות ישראלי לאבטיח,פרסום רשמי של משרד החקלאות וביטחון המזון באתר gov.il (נהלים כלליים). התוכן המלא בקישור המקור.,government_page,,direct,https://www.gov.il/he/departments/policies/israelistandardwatermelon
act-publications-sec-33-main_fishing_regulations,sec-33,2023-03-05,מידע לדייג: עיקרי תקנות הדיג,פרסום רשמי של משרד החקלאות וביטחון המזון באתר gov.il (נהלים כלליים). התוכן המלא בקישור המקור.,government_page,regulation,direct,https://www.gov.il/he/departments/policies/main_fishing_regulations
act-publications-sec-33-moag-pro-076,sec-33,2023-03-02,מידע והנחיות לבדיקת נוכחות נוגדנים נגד כלבת (RFFIT),פרסום רשמי של משרד החקלאות וביטחון המזון באתר gov.il (נהלים והנחיות). התוכן המלא בקישור המקור.,government_page,,direct,https://www.gov.il/he/departments/policies/moag-pro-076
act-publications-sec-29-decision_0202022,sec-29,2023-03-01,החלטת הממונה בנושא נוסח הסכם - האם הסכם ארגון או עסקה מלאה,פרסום רשמי של הרשות הממשלתית להתחדשות עירונית באתר gov.il (החלטות). התוכן המלא בקישור המקור.,government_page,,direct,https://www.gov.il/he/departments/policies/decision_0202022
act-publications-sec-29-decision_17022022a,sec-29,2023-03-01,החלטת הממונה בנושא חובת הגילוי והשקיפות המוטלת על יזם – עקרון השוויון בתמורות,פרסום רשמי של הרשות הממשלתית להתחדשות עירונית באתר gov.il (החלטות). התוכן המלא בקישור המקור.,government_page,,direct,https://www.gov.il/he/departments/policies/decision_17022022a
act-publications-sec-29-decision_17022022b,sec-29,2023-03-01,החלטת הממונה על סגירת פנייה,פרסום רשמי של הרשות הממשלתית להתחדשות עירונית באתר gov.il (החלטות). התוכן המלא בקישור המקור.,government_page,,direct,https://www.gov.il/he/departments/policies/decision_17022022b
act-publications-sec-29-decision_20012022a,sec-29,2023-03-01,החלטת הממונה בעניין הפעלת לחץ לחתום על הסכם ואי היענות לדרישות דייר,פרסום רשמי של הרשות הממשלתית להתחדשות עירונית באתר gov.il (החלטות). התוכן המלא בקישור המקור.,government_page,,direct,https://www.gov.il/he/departments/policies/decision_20012022a
act-publications-sec-29-hatnayot_tichnun,sec-29,2023-02-28,שילוב התניות בתוכניות משרד הבינוי והשיכון,פרסום רשמי של משרד הבינוי והשיכון באתר gov.il (נהלים והנחיות). התוכן המלא בקישור המקור.,government_page,,direct,https://www.gov.il/he/departments/policies/hatnayot_tichnun
act-publications-sec-39-27022023_1,sec-39,2023-02-27,החלטת המועצה לשידורי כבלים ולשידורי לוויין מספר 14/2022-1 מיום 8.12.2022 בעניין: עמדת המועצה לשידורי כבלים ולשידורי לוויין לשר התקשורת בבקשת בעל הרישיון לשידורי טלוויזיה באמצעות לוויין לחידוש רישיונו,פרסום רשמי של משרד התקשורת באתר gov.il (החלטות). התוכן המלא בקישור המקור.,government_page,,direct,https://www.gov.il/he/departments/policies/27022023_1
act-publications-sec-33-moag-pro-163,sec-33,2023-02-23,דרישות השירותים להגנת הצומח ולביקורת להכרה מעבדות חיצוניות,פרסום רשמי של משרד החקלאות וביטחון המזון באתר gov.il (נהלים רגולטוריים). התוכן המלא בקישור המקור.,government_page,regulation,direct,https://www.gov.il/he/departments/policies/moag-pro-163
act-publications-sec-29-renewal_decision_220223,sec-29,2023-02-22,החלטת הממונה על פניות הדיירים - נושאים שונים,פרסום רשמי של הרשות הממשלתית להתחדשות עירונית באתר gov.il (החלטות). התוכן המלא בקישור המקור.,government_page,,direct,https://www.gov.il/he/departments/policies/renewal_decision_220223
act-publications-economy-32202258229-kofer-hafkaa,economy,2023-02-21,החלטת ועדת כופר – הפקעת מחירים מספר תיק 32202258229,פרסום רשמי של משרד הכלכלה והתעשייה באתר gov.il (החלטות). התוכן המלא בקישור המקור.,government_page,,direct,https://www.gov.il/he/departments/policies/32202258229-kofer-hafkaa
act-publications-economy-32202258035-kofer-hafkaa,economy,2023-02-19,החלטת ועדת כופר – הפקעת מחירים מספר תיק 32202258035,פרסום רשמי של משרד הכלכלה והתעשייה באתר gov.il (החלטות). התוכן המלא בקישור המקור.,government_page,,direct,https://www.gov.il/he/departments/policies/32202258035-kofer-hafkaa
act-publications-economy-32202258093-kofer-hafkaa,economy,2023-02-19,החלטת ועדת כופר – הפקעת מחירים מספר תיק 32202258093,פרסום רשמי של משרד הכלכלה והתעשייה באתר gov.il (החלטות). התוכן המלא בקישור המקור.,government_page,,direct,https://www.gov.il/he/departments/policies/32202258093-kofer-hafkaa
act-publications-economy-32202258145-kofer-hafkaa,economy,2023-02-19,החלטת ועדת כופר – הפקעת מחירים מספר תיק 32202258145,פרסום רשמי של משרד הכלכלה והתעשייה באתר gov.il (החלטות). התוכן המלא בקישור המקור.,government_page,,direct,https://www.gov.il/he/departments/policies/32202258145-kofer-hafkaa
act-publications-economy-kofer-hafkaa-32202157927,economy,2023-02-19,החלטת ועדת כופר – הפקעת מחירים מספר תיק 32202157927,פרסום רשמי של משרד הכלכלה והתעשייה באתר gov.il (החלטות). התוכן המלא בקישור המקור.,government_page,,direct,https://www.gov.il/he/departments/policies/kofer-hafkaa-32202157927
act-publications-economy-fast-lane-moshav-shitufi,economy,2023-02-16,"הנחיות להגשת בקשה לאישור במסלול מהיר (""ירוק"") של תקנון מצוי - מושב עובדים",פרסום רשמי של משרד הכלכלה והתעשייה באתר gov.il (נהלים רגולטוריים). התוכן המלא בקישור המקור.,government_page,regulation,direct,https://www.gov.il/he/departments/policies/fast-lane-moshav-shitufi
act-publications-economy-32202157871-kofer-hafkaa,economy,2023-02-15,החלטת ועדת כופר – הפקעת מחירים מספר תיק 32202157871,פרסום רשמי של משרד הכלכלה והתעשייה באתר gov.il (החלטות). התוכן המלא בקישור המקור.,government_page,,direct,https://www.gov.il/he/departments/policies/32202157871-kofer-hafkaa
act-publications-economy-32202258081-kofer-hafkaa,economy,2023-02-15,החלטת ועדת כופר – הפקעת מחירים מספר תיק 32202258081,פרסום רשמי של משרד הכלכלה והתעשייה באתר gov.il (החלטות). התוכן המלא בקישור המקור.,government_page,,direct,https://www.gov.il/he/departments/policies/32202258081-kofer-hafkaa
act-publications-economy-32202258177-kofer-hafkaa,economy,2023-02-15,החלטת ועדת כופר – הפקעת מחירים מספר תיק 32202258177,פרסום רשמי של משרד הכלכלה והתעשייה באתר gov.il (החלטות). התוכן המלא בקישור המקור.,government_page,,direct,https://www.gov.il/he/departments/policies/32202258177-kofer-hafkaa
act-publications-economy-achifa-atzmit-tkina,economy,2023-02-15,תכנית לעידוד אכיפה עצמית ליבואנים וליצרנים באמצעות בדיקת התאמה לתקן רשמי במעבדות מאושרות בתחומים הנדרשים לשימור תשתיות בדיקה,פרסום רשמי של משרד הכלכלה והתעשייה באתר gov.il (נהלים והנחיות). התוכן המלא בקישור המקור.,government_page,regulation; workforce,direct,https://www.gov.il/he/departments/policies/achifa-atzmit-tkina
act-publications-sec-39-14022023,sec-39,2023-02-14,"הוראת מינהל - שירות ""כוכבית לעסקים""",פרסום רשמי של משרד התקשורת באתר gov.il (נהלים רגולטוריים). התוכן המלא בקישור המקור.,government_page,,direct,https://www.gov.il/he/departments/policies/14022023
act-publications-sec-39-14022023_1,sec-39,2023-02-14,"הוראת מינהל - שירות שליחת מסר קצר (""מסרון"")",פרסום רשמי של משרד התקשורת באתר gov.il (נהלים רגולטוריים). התוכן המלא בקישור המקור.,government_page,,direct,https://www.gov.il/he/departments/policies/14022023_1
act-publications-economy-3202157880-kofer-hafkaa,economy,2023-02-13,החלטת ועדת כופר – הפקעת מחירים מספר תיק 32202157880,פרסום רשמי של משרד הכלכלה והתעשייה באתר gov.il (החלטות). התוכן המלא בקישור המקור.,government_page,,direct,https://www.gov.il/he/departments/policies/3202157880-kofer-hafkaa
act-publications-economy-32202157869-kofer-hafkaa,economy,2023-02-13,החלטת ועדת כופר – הפקעת מחירים מספר תיק 32202157869,פרסום רשמי של משרד הכלכלה והתעשייה באתר gov.il (החלטות). התוכן המלא בקישור המקור.,government_page,,direct,https://www.gov.il/he/departments/policies/32202157869-kofer-hafkaa
act-publications-economy-32202257946-kofer-hafkaa,economy,2023-02-13,החלטת ועדת כופר – הפקעת מחירים מספר תיק 32202257946,פרסום רשמי של משרד הכלכלה והתעשייה באתר gov.il (החלטות). התוכן המלא בקישור המקור.,government_page,,direct,https://www.gov.il/he/departments/policies/32202257946-kofer-hafkaa
act-publications-economy-32202258225-kofer-hafkaa,economy,2023-02-13,החלטת ועדת כופר – הפקעת מחירים מספר תיק 32202258225,פרסום רשמי של משרד הכלכלה והתעשייה באתר gov.il (החלטות). התוכן המלא בקישור המקור.,government_page,,direct,https://www.gov.il/he/departments/policies/32202258225-kofer-hafkaa
act-publications-sec-39-13022023,sec-39,2023-02-13,הוראת מינהל - ניהול הגנת הסייבר,פרסום רשמי של משרד התקשורת באתר gov.il (נהלים רגולטוריים). התוכן המלא בקישור המקור.,government_page,,direct,https://www.gov.il/he/departments/policies/13022023
act-publications-sec-39-13022023_1,sec-39,2023-02-13,החלטת המועצה לשידורי כבלים ולשידורי לוויין מספר 1-1/2023 מיום 9.1.2023 בעניין: נקודת בדיקה ראשונה לבעל הרישיון לשידור בערוץ הכנסת,פרסום רשמי של משרד התקשורת באתר gov.il (החלטות). התוכן המלא בקישור המקור.,government_page,,direct,https://www.gov.il/he/departments/policies/13022023_1
act-publications-sec-39-12022023_1,sec-39,2023-02-12,ניהול הגנת הסייבר – הוראת מינהל,פרסום רשמי של משרד התקשורת באתר gov.il (מסמכי מדיניות). התוכן המלא בקישור המקור.,government_page,,direct,https://www.gov.il/he/departments/policies/12022023_1
act-publications-sec-39-09022023_3,sec-39,2023-02-09,התאמת תוכנית המספור - החלטה,פרסום רשמי של משרד התקשורת באתר gov.il (החלטות). התוכן המלא בקישור המקור.,government_page,,direct,https://www.gov.il/he/departments/policies/09022023_3
act-publications-sec-19-scrutineer_institutions,sec-19,2023-02-08,נוהל הכרה במוסדות הכשרה לקורס בוחנים טכניים,פרסום רשמי של משרד התרבות והספורט באתר gov.il (מסמכי מדיניות). התוכן המלא בקישור המקור.,government_page,regulation,direct,https://www.gov.il/he/departments/policies/scrutineer_institutions
act-publications-sec-6-5-02-2023,sec-6,2023-02-05,עדכון נפח פעילות של תאגיד עירוני,פרסום רשמי של משרד הפנים באתר gov.il (נהלים והנחיות). התוכן המלא בקישור המקור.,government_page,,direct,https://www.gov.il/he/departments/policies/5-02-2023
act-publications-economy-kofer-hafkaa32202258182,economy,2023-02-02,החלטת ועדת כופר – הפקעת מחירים מספר תיק 32202258182,פרסום רשמי של משרד הכלכלה והתעשייה באתר gov.il (החלטות). התוכן המלא בקישור המקור.,government_page,,direct,https://www.gov.il/he/departments/policies/kofer-hafkaa32202258182
act-publications-sec-39-02022023_6,sec-39,2023-02-02,"החלטה בשימוע - הוראת מינהל ""גישה לתא חלוקה במרכז חלוקה באמצעות מתן מפתח, גישה לתא חלוקה פנימי וגישה לתא דואר שכור""",פרסום רשמי של משרד התקשורת באתר gov.il (החלטות). התוכן המלא בקישור המקור.,government_page,,direct,https://www.gov.il/he/departments/policies/02022023_6
act-publications-sec-39-02022023_7,sec-39,2023-02-02,"החלטה בשימוע - הוראת מינהל ""משלוח דבר דואר למרכז חלוקה עבור בעל היתר המביא את דבר הדואר למרכז החלוקה""",פרסום רשמי של משרד התקשורת באתר gov.il (החלטות). התוכן המלא בקישור המקור.,government_page,,direct,https://www.gov.il/he/departments/policies/02022023_7
act-publications-sec-39-02022023_8,sec-39,2023-02-02,"החלטה בשימוע - תיקון הוראת מינהל לעניין טיפול בדברי דואר חוזרים (תיקון), התשפ""ג - 2022",פרסום רשמי של משרד התקשורת באתר gov.il (החלטות). התוכן המלא בקישור המקור.,government_page,,direct,https://www.gov.il/he/departments/policies/02022023_8
act-publications-sec-39-02022023_9,sec-39,2023-02-02,"החלטה בשימוע - הוראת מינהל ""משלוח דבר דואר ממרכז דוורים למרכז חלוקה עבור בעל היתר""",פרסום רשמי של משרד התקשורת באתר gov.il (החלטות). התוכן המלא בקישור המקור.,government_page,,direct,https://www.gov.il/he/departments/policies/02022023_9
act-publications-sec-7-03060000,sec-7,2023-01-31,הארכת תוקף הוראת שעה לפקודת נציבות 03.06.00- עריכת חיפושים - פיילוט לחיפוש פנימי טכנולוגי באמצעות מערכת לשיקוף אדם,פרסום רשמי של שירות בתי הסוהר באתר gov.il (פקודות והוראות). התוכן המלא בקישור המקור.,government_page,,direct,https://www.gov.il/he/departments/policies/03060000
act-publications-sec-22-accessibility_regulations,sec-22,2023-01-24,תקנות נגישות למקום ציבורי שאינו בניין,פרסום רשמי של המשרד לשירותי דת באתר gov.il (נהלים והנחיות). התוכן המלא בקישור המקור.,government_page,regulation,direct,https://www.gov.il/he/departments/policies/accessibility_regulations
act-publications-sec-23-molsa-people-with-disabilities-people-with-blindness-and-visual-impairment-independent-living-as,sec-23,2023-01-22,עדכון אודות שינוי בשיטת הסיוע ברכישת עזרים,פרסום רשמי של משרד הרווחה והביטחון החברתי באתר gov.il (נהלים והנחיות). התוכן המלא בקישור המקור.,government_page,,direct,https://www.gov.il/he/departments/policies/molsa-people-with-disabilities-people-with-blindness-and-visual-impairment-independent-living-assistance-with-accessories-22012023
act-publications-environment-breeding_animals_bedouin_negev,environment,2023-01-17,גידול בעלי חיים ביישובים הבדואים בנגב – עמדת המשרד,פרסום רשמי של המשרד להגנת הסביבה באתר gov.il (ניירות עמדה). התוכן המלא בקישור המקור.,government_page,,direct,https://www.gov.il/he/departments/policies/breeding_animals_bedouin_negev
act-publications-sec-33-yevu-tachshirim-ppis-2023,sec-33,2023-01-17,הנחיות להגשת בקשות ייבוא (תכשירי הדברה ודשנים),פרסום רשמי של משרד החקלאות וביטחון המזון באתר gov.il (נהלים רגולטוריים). התוכן המלא בקישור המקור.,government_page,,direct,https://www.gov.il/he/departments/policies/yevu-tachshirim-ppis-2023
act-publications-economy-planning-industry-area-a,economy,2023-01-16,נוהל תכנון אזורי תעשייה באזורי פיתוח א',פרסום רשמי של משרד הכלכלה והתעשייה באתר gov.il (נהלים והנחיות). התוכן המלא בקישור המקור.,government_page,regulation,direct,https://www.gov.il/he/departments/policies/planning-industry-area-a
act-publications-sec-33-ria_updatingrecognitiorequirementsprivatelaboratories,sec-33,2023-01-16,עדכון דרישות ההכרה ממעבדות פרטיות-RIA,פרסום רשמי של משרד החקלאות וביטחון המזון באתר gov.il (מסמכי מדיניות). התוכן המלא בקישור המקור.,government_page,,direct,https://www.gov.il/he/departments/policies/ria_updatingrecognitiorequirementsprivatelaboratories
act-publications-sec-33-ria_wiseuseantibiotics,sec-33,2023-01-16,שימוש מושכל באנטיביוטיקה-RIA,פרסום רשמי של משרד החקלאות וביטחון המזון באתר gov.il (מסמכי מדיניות). התוכן המלא בקישור המקור.,government_page,,direct,https://www.gov.il/he/departments/policies/ria_wiseuseantibiotics
act-publications-sec-6-allocations_public_directory,sec-6,2023-01-12,מדריך הקצאות שטחים לצרכי ציבור,פרסום רשמי של מינהל התכנון באתר gov.il (נהלים רגולטוריים). התוכן המלא בקישור המקור.,government_page,,direct,https://www.gov.il/he/departments/policies/allocations_public_directory
act-publications-sec-6-guidelines_app_mov,sec-6,2023-01-12,הנחיות לנספח מעקב ובקרה,פרסום רשמי של מינהל התכנון באתר gov.il (נהלים והנחיות). התוכן המלא בקישור המקור.,government_page,,direct,https://www.gov.il/he/departments/policies/guidelines_app_mov
act-publications-sec-6-guidelines_app_preservation,sec-6,2023-01-12,הנחיות לנספח שימור,פרסום רשמי של מינהל התכנון באתר gov.il (נהלים והנחיות). התוכן המלא בקישור המקור.,government_page,,direct,https://www.gov.il/he/departments/policies/guidelines_app_preservation
act-publications-sec-6-guidelines_earthquake_prog,sec-6,2023-01-12,הנחיות בנושא התחשבות בסיכוני רעידת אדמה בהכנת תכניות,פרסום רשמי של מינהל התכנון באתר gov.il (נהלים רגולטוריים). התוכן המלא בקישור המקור.,government_page,,direct,https://www.gov.il/he/departments/policies/guidelines_earthquake_prog
act-publications-sec-6-guidelines_wet_infra,sec-6,2023-01-12,הנחיות מינהל התכנון לעריכת נספח תשתיות רטובות (מים וביוב) לתכנית מתאר כוללנית,פרסום רשמי של מינהל התכנון באתר gov.il (נהלים והנחיות). התוכן המלא בקישור המקור.,government_page,,direct,https://www.gov.il/he/departments/policies/guidelines_wet_infra
act-publications-sec-6-tochniet_av_talpiot,sec-6,2023-01-12,תכנית אב לתלפיות–רובע עירוני מעורב שימושים,פרסום רשמי של מינהל התכנון באתר gov.il (מסמכי מדיניות). התוכן המלא בקישור המקור.,government_page,,direct,https://www.gov.il/he/departments/policies/tochniet_av_talpiot
act-publications-sec-6-tochniet_av_yuvalim,sec-6,2023-01-12,תכנית אב ליובלים גנים,פרסום רשמי של מינהל התכנון באתר gov.il (מסמכי מדיניות). התוכן המלא בקישור המקור.,government_page,,direct,https://www.gov.il/he/departments/policies/tochniet_av_yuvalim
act-publications-environment-alternative_enforcement_procedure,environment,2023-01-11,נוהל הארכת משך הזמן בהליכי אכיפה חלופית (עיצומים כספיים),פרסום רשמי של המשרד להגנת הסביבה באתר gov.il (נהלים והנחיות). התוכן המלא בקישור המקור.,government_page,regulation,direct,https://www.gov.il/he/departments/policies/alternative_enforcement_procedure
act-publications-environment-financial_sanctions_publication_procedure,environment,2023-01-11,נוהל פרסום עיצומים כספיים,פרסום רשמי של המשרד להגנת הסביבה באתר gov.il (נהלים והנחיות). התוכן המלא בקישור המקור.,government_page,regulation,direct,https://www.gov.il/he/departments/policies/financial_sanctions_publication_procedure
act-publications-sec-6-decision_update_policy_site,sec-6,2023-01-09,"מפת מדיניות הבינוי לאורך צירי הרק""ל בירושלים ותמצית החלטת הוועדה המחוזית בדבר עדכון מדיניות הדינוי לאורך צירי הרק""ל",פרסום רשמי של מינהל התכנון באתר gov.il (מסמכי מדיניות). התוכן המלא בקישור המקור.,government_page,,direct,https://www.gov.il/he/departments/policies/decision_update_policy_site
act-publications-economy-32202157904-kofer-hafkaa,economy,2023-01-02,החלטת ועדת כופר – הפקעת מחירים מספר תיק 32202157904,פרסום רשמי של משרד הכלכלה והתעשייה באתר gov.il (החלטות). התוכן המלא בקישור המקור.,government_page,,direct,https://www.gov.il/he/departments/policies/32202157904-kofer-hafkaa
act-publications-economy-32202257963-kofer-hafkaa,economy,2023-01-02,החלטת ועדת כופר – הפקעת מחירים מספר תיק 32202257963,פרסום רשמי של משרד הכלכלה והתעשייה באתר gov.il (החלטות). התוכן המלא בקישור המקור.,government_page,,direct,https://www.gov.il/he/departments/policies/32202257963-kofer-hafkaa
act-publications-economy-32202257983-kofer-hafkaa,economy,2023-01-02,החלטת ועדת כופר – הפקעת מחירים מספר תיק 32202257983,פרסום רשמי של משרד הכלכלה והתעשייה באתר gov.il (החלטות). התוכן המלא בקישור המקור.,government_page,,direct,https://www.gov.il/he/departments/policies/32202257983-kofer-hafkaa
act-publications-economy-32202258025-kofer-hafkaa,economy,2023-01-02,החלטת ועדת כופר – הפקעת מחירים מספר תיק 32202258025,פרסום רשמי של משרד הכלכלה והתעשייה באתר gov.il (החלטות). התוכן המלא בקישור המקור.,government_page,,direct,https://www.gov.il/he/departments/policies/32202258025-kofer-hafkaa
act-publications-economy-dual-use-applicability-committee-policy,economy,2022-12-29,ועדת תחולה טכנולוגית מייעצת,פרסום רשמי של משרד הכלכלה והתעשייה באתר gov.il (מסמכי מדיניות). התוכן המלא בקישור המקור.,government_page,,direct,https://www.gov.il/he/departments/policies/dual-use-applicability-committee-policy
act-publications-sec-7-annual_regulation_plan_2023,sec-7,2022-12-29,תכנית האסדרה (רגולציה) השנתית לשנת 2023,פרסום רשמי של כבאות והצלה לישראל באתר gov.il (נהלים והנחיות). התוכן המלא בקישור המקור.,government_page,regulation,direct,https://www.gov.il/he/departments/policies/annual_regulation_plan_2023
